{"type":"FeatureCollection","features":[{"type":"Feature","properties":{"county":"宜蘭縣","countyCode":"10002"},"geometry":{"type":"MultiPolygon","coordinates":[[[[[121.8184,24.6549],[121.8249,24.6483],[121.8357,24.6428],[121.8515,24.6297],[121.8673,24.6094],[121.8781,24.6051],[121.8851,24.5996],[121.8766,24.5878],[121.8752,24.5827],[121.8772,24.5782],[121.8702,24.5693],[121.871,24.5559],[121.8735,24.5365],[121.8394,24.5145],[121.848,24.4969],[121.8569,24.4834],[121.82,24.4587],[121.8034,24.4362],[121.7859,24.4448],[121.7879,24.4594],[121.8158,24.475],[121.8192,24.4917],[121.8292,24.5094],[121.8419,24.5305],[121.8442,24.5412],[121.8352,24.5502],[121.8265,24.5524],[121.8173,24.5553],[121.8145,24.5632],[121.8136,24.5735],[121.814,24.5814],[121.808,24.5887],[121.7991,24.6023],[121.8042,24.6084],[121.8107,24.6135],[121.8124,24.6227],[121.8255,24.6342],[121.8224,24.6425],[121.8179,24.6454],[121.8148,24.6509],[121.8184,24.6549]]]],[[[[121.7577,24.7168],[121.766,24.7134],[121.7783,24.7151],[121.7889,24.7132],[121.8077,24.7123],[121.8166,24.7125],[121.8304,24.7161],[121.8364,24.708],[121.8374,24.6977],[121.8377,24.6902],[121.8381,24.6827],[121.8392,24.6666],[121.841,24.6585],[121.8431,24.6507],[121.8436,24.6444],[121.8356,24.6429],[121.8294,24.6487],[121.8235,24.6517],[121.8185,24.6544],[121.8141,24.653],[121.8125,24.6541],[121.8136,24.6602],[121.8119,24.6665],[121.8102,24.6727],[121.8056,24.671],[121.8008,24.671],[121.7965,24.6768],[121.7815,24.6798],[121.7776,24.6815],[121.7749,24.686],[121.7705,24.6883],[121.7643,24.6918],[121.7642,24.6966],[121.7628,24.7016],[121.7576,24.707],[121.7569,24.71],[121.7498,24.7107],[121.7427,24.7104],[121.7442,24.7164],[121.7525,24.7176],[121.7577,24.7168]]]],[[[[121.7347,24.783],[121.741,24.7792],[121.745,24.7786],[121.7481,24.7803],[121.7517,24.7805],[121.7565,24.7802],[121.7595,24.7827],[121.7625,24.7811],[121.7641,24.7783],[121.766,24.7755],[121.7682,24.7721],[121.7713,24.7717],[121.7725,24.7666],[121.778,24.7672],[121.7851,24.7637],[121.7884,24.7588],[121.7869,24.7559],[121.7864,24.751],[121.7826,24.7477],[121.7833,24.7387],[121.7755,24.7331],[121.7738,24.7208],[121.7722,24.7137],[121.7624,24.716],[121.7599,24.7202],[121.7551,24.7233],[121.7466,24.7235],[121.7401,24.7252],[121.7352,24.7244],[121.7333,24.7299],[121.7337,24.7348],[121.7407,24.7418],[121.7365,24.7456],[121.7288,24.7508],[121.7293,24.7569],[121.7306,24.7599],[121.7323,24.7642],[121.7341,24.769],[121.7329,24.7764],[121.7303,24.7843],[121.7347,24.783]]]],[[[[121.8115,24.808],[121.8185,24.8077],[121.8195,24.8004],[121.8188,24.7939],[121.8183,24.7863],[121.818,24.7779],[121.8182,24.7704],[121.8187,24.763],[121.8193,24.7576],[121.8203,24.7519],[121.8219,24.7448],[121.8247,24.7359],[121.8287,24.7272],[121.8326,24.7204],[121.8322,24.7163],[121.8197,24.7139],[121.8103,24.712],[121.7942,24.7128],[121.7849,24.714],[121.775,24.7153],[121.775,24.7258],[121.7769,24.7371],[121.7851,24.7412],[121.783,24.7485],[121.7866,24.7513],[121.7873,24.756],[121.7884,24.7588],[121.7857,24.7639],[121.7795,24.7661],[121.7739,24.7677],[121.7712,24.7706],[121.7721,24.7762],[121.7815,24.7846],[121.7864,24.787],[121.7902,24.7881],[121.7922,24.7938],[121.7984,24.7947],[121.8064,24.795],[121.8093,24.8003],[121.8101,24.8055],[121.8115,24.808]]]],[[[[121.7618,24.701],[121.7634,24.7001],[121.7643,24.6967],[121.7634,24.6925],[121.7663,24.6907],[121.7706,24.6877],[121.7741,24.6857],[121.7762,24.6831],[121.7786,24.6815],[121.7809,24.6805],[121.7852,24.6782],[121.7992,24.6744],[121.8008,24.671],[121.8014,24.6702],[121.8007,24.6655],[121.7955,24.6639],[121.7923,24.6644],[121.7888,24.6658],[121.7853,24.6646],[121.7813,24.6655],[121.7782,24.6672],[121.7748,24.6693],[121.7715,24.668],[121.7687,24.6702],[121.7662,24.668],[121.7627,24.6672],[121.7594,24.6666],[121.7549,24.6668],[121.7528,24.6678],[121.7538,24.6714],[121.7506,24.6724],[121.7497,24.6753],[121.7512,24.6775],[121.7486,24.6802],[121.7499,24.685],[121.7512,24.6884],[121.7512,24.6918],[121.7538,24.6941],[121.7548,24.7018],[121.7587,24.705],[121.7618,24.701]]]],[[[[121.6403,24.7951],[121.6518,24.7935],[121.6629,24.7891],[121.6724,24.7842],[121.6814,24.7838],[121.6983,24.7828],[121.7158,24.7798],[121.7261,24.7746],[121.7325,24.7671],[121.7306,24.7599],[121.7294,24.7529],[121.7384,24.7451],[121.7347,24.7358],[121.734,24.7268],[121.7406,24.7253],[121.753,24.7225],[121.7615,24.7184],[121.7492,24.7183],[121.74,24.7092],[121.7271,24.7037],[121.7162,24.7006],[121.7049,24.7011],[121.6911,24.7011],[121.6704,24.7045],[121.6526,24.6987],[121.6435,24.6897],[121.6353,24.6827],[121.6234,24.6814],[121.6298,24.6887],[121.621,24.6919],[121.6144,24.6957],[121.6095,24.7016],[121.5949,24.7091],[121.5904,24.7235],[121.5942,24.735],[121.5937,24.7502],[121.5933,24.7647],[121.5932,24.783],[121.6067,24.79],[121.6242,24.7942],[121.6403,24.7951]]]],[[[[121.7512,24.6935],[121.7494,24.6822],[121.7497,24.673],[121.7529,24.6663],[121.7651,24.6676],[121.7737,24.6685],[121.7842,24.6649],[121.794,24.6634],[121.8045,24.6708],[121.8121,24.6675],[121.8125,24.6541],[121.8175,24.6475],[121.8229,24.6417],[121.8182,24.6254],[121.8119,24.6155],[121.8026,24.6088],[121.7935,24.5992],[121.7777,24.6091],[121.7661,24.6157],[121.7552,24.617],[121.7515,24.6138],[121.748,24.6085],[121.7476,24.6136],[121.7419,24.6189],[121.734,24.6214],[121.7218,24.6171],[121.7132,24.6178],[121.7009,24.6247],[121.6872,24.6297],[121.6843,24.6383],[121.6964,24.6421],[121.7039,24.6495],[121.6981,24.6543],[121.7007,24.6575],[121.7106,24.6511],[121.7261,24.6572],[121.7221,24.6712],[121.7243,24.6811],[121.7322,24.6901],[121.7427,24.692],[121.7512,24.6935]]]],[[[[121.7494,24.7109],[121.7613,24.7107],[121.754,24.6948],[121.7469,24.6919],[121.7381,24.6911],[121.7294,24.6885],[121.7244,24.681],[121.7225,24.6735],[121.7331,24.6687],[121.7219,24.6519],[121.7099,24.6516],[121.7022,24.658],[121.6946,24.6578],[121.7032,24.6513],[121.7054,24.6502],[121.6977,24.642],[121.6882,24.6407],[121.6766,24.6374],[121.6638,24.6362],[121.6519,24.6359],[121.6415,24.6391],[121.6287,24.6388],[121.6256,24.6267],[121.6167,24.6314],[121.6053,24.6355],[121.5943,24.6339],[121.5712,24.639],[121.572,24.6481],[121.5871,24.6584],[121.6065,24.6722],[121.6177,24.6784],[121.6297,24.6807],[121.6404,24.6859],[121.6498,24.6944],[121.6603,24.7026],[121.6846,24.7008],[121.7004,24.702],[121.714,24.6995],[121.7249,24.703],[121.7375,24.7085],[121.7494,24.7109]]]],[[[[121.5858,24.7201],[121.6126,24.6985],[121.6299,24.6888],[121.6085,24.6726],[121.5661,24.6465],[121.6014,24.6323],[121.6257,24.6252],[121.6435,24.6388],[121.6699,24.6359],[121.6917,24.6268],[121.7151,24.617],[121.7244,24.6094],[121.7475,24.5851],[121.7507,24.5713],[121.7146,24.5744],[121.6752,24.5615],[121.6656,24.545],[121.6579,24.5175],[121.6364,24.5011],[121.6248,24.4826],[121.6202,24.4667],[121.5826,24.4545],[121.5589,24.4592],[121.5161,24.4578],[121.4856,24.4535],[121.4472,24.4088],[121.3888,24.3728],[121.3397,24.3905],[121.327,24.4347],[121.3366,24.4727],[121.3726,24.5026],[121.3902,24.5223],[121.3981,24.5448],[121.4107,24.5723],[121.4121,24.6007],[121.4351,24.6253],[121.4506,24.6626],[121.4951,24.6745],[121.5337,24.6884],[121.5578,24.711],[121.5858,24.7201]]]],[[[[121.9597,24.8449],[121.9603,24.843],[121.9614,24.842],[121.9628,24.8411],[121.9645,24.8409],[121.965,24.8397],[121.9645,24.8378],[121.9636,24.837],[121.9633,24.8363],[121.9615,24.8353],[121.9602,24.8358],[121.9559,24.8365],[121.9527,24.8365],[121.949,24.8359],[121.9457,24.8355],[121.942,24.8375],[121.941,24.8378],[121.9395,24.8405],[121.936,24.8437],[121.9344,24.8467],[121.9349,24.8468],[121.9361,24.847],[121.9377,24.8462],[121.9399,24.845],[121.9417,24.8443],[121.9431,24.8445],[121.9443,24.846],[121.9457,24.8484],[121.947,24.8504],[121.948,24.8515],[121.9495,24.8518],[121.9509,24.8516],[121.9522,24.8515],[121.9531,24.8514],[121.9542,24.8509],[121.9562,24.8506],[121.9581,24.8494],[121.9598,24.847],[121.9597,24.8457],[121.9597,24.8449]]]],[[[[121.9606,24.9882],[121.9503,24.979],[121.9388,24.9734],[121.9202,24.959],[121.9128,24.9507],[121.9013,24.94],[121.8869,24.925],[121.8733,24.9068],[121.8398,24.8697],[121.8276,24.8422],[121.8216,24.8155],[121.8146,24.8167],[121.8143,24.8307],[121.7968,24.8283],[121.7884,24.8378],[121.7769,24.8482],[121.7723,24.8559],[121.7611,24.8515],[121.7475,24.8539],[121.7587,24.8567],[121.7675,24.8651],[121.7773,24.8705],[121.7836,24.8781],[121.7852,24.8905],[121.7918,24.8995],[121.8044,24.9012],[121.8135,24.9054],[121.8268,24.9048],[121.8394,24.9124],[121.8498,24.9221],[121.8487,24.9327],[121.8393,24.944],[121.8431,24.9557],[121.8551,24.9617],[121.8757,24.9615],[121.8935,24.9658],[121.9063,24.9746],[121.9194,24.9789],[121.934,24.9814],[121.9468,24.9869],[121.9606,24.9882]]]],[[[[123.5559,25.7211],[123.5559,25.721],[123.5558,25.721],[123.5558,25.7211],[123.5558,25.7211],[123.5558,25.7212],[123.5558,25.7213],[123.5558,25.7213],[123.5559,25.7213],[123.5559,25.7213],[123.5559,25.7212],[123.556,25.7211],[123.556,25.7211],[123.5559,25.7211],[123.5559,25.7211]]]],[[[[123.5565,25.721],[123.5565,25.7209],[123.5564,25.7209],[123.5564,25.721],[123.5564,25.721],[123.5564,25.7211],[123.5564,25.7212],[123.5564,25.7212],[123.5564,25.7213],[123.5565,25.7213],[123.5565,25.7214],[123.5565,25.7214],[123.5565,25.7215],[123.5565,25.7215],[123.5565,25.7216],[123.5566,25.7216],[123.5566,25.7215],[123.5567,25.7215],[123.5567,25.7215],[123.5567,25.7214],[123.5566,25.7213],[123.5566,25.7213],[123.5566,25.7212],[123.5566,25.7212],[123.5565,25.7211],[123.5565,25.7211],[123.5565,25.721],[123.5565,25.721]]]],[[[[123.5567,25.7217],[123.5566,25.7217],[123.5566,25.7217],[123.5565,25.7217],[123.5566,25.7218],[123.5566,25.7218],[123.5566,25.7219],[123.5567,25.7219],[123.5567,25.7218],[123.5567,25.7217],[123.5567,25.7217]]]],[[[[123.5565,25.7221],[123.5565,25.722],[123.5565,25.7221],[123.5564,25.722],[123.5564,25.722],[123.5564,25.722],[123.5564,25.7219],[123.5563,25.722],[123.5563,25.722],[123.5563,25.7221],[123.5564,25.7221],[123.5564,25.7222],[123.5563,25.7222],[123.5564,25.7222],[123.5564,25.7222],[123.5565,25.7222],[123.5565,25.7222],[123.5565,25.7221],[123.5565,25.7221]]]],[[[[123.5564,25.7223],[123.5563,25.7223],[123.5563,25.7223],[123.5563,25.7224],[123.5563,25.7224],[123.5563,25.7224],[123.5564,25.7225],[123.5564,25.7224],[123.5564,25.7224],[123.5565,25.7224],[123.5564,25.7223],[123.5564,25.7223]]]],[[[[123.5434,25.7225],[123.5434,25.7225],[123.5434,25.7225],[123.5433,25.7225],[123.5433,25.7225],[123.5434,25.7226],[123.5434,25.7225],[123.5434,25.7225]]]],[[[[123.5434,25.7227],[123.5434,25.7226],[123.5433,25.7226],[123.5433,25.7226],[123.5433,25.7227],[123.5433,25.7227],[123.5434,25.7227],[123.5434,25.7227]]]],[[[[123.543,25.7228],[123.543,25.7228],[123.5429,25.7228],[123.5429,25.7228],[123.5429,25.7228],[123.543,25.7229],[123.543,25.7229],[123.543,25.7229],[123.543,25.7228],[123.543,25.7228],[123.543,25.7228]]]],[[[[123.5432,25.723],[123.5432,25.723],[123.5432,25.723],[123.5433,25.7231],[123.5433,25.723],[123.5434,25.723],[123.5433,25.723],[123.5434,25.723],[123.5434,25.7229],[123.5434,25.7229],[123.5434,25.7228],[123.5434,25.7228],[123.5433,25.7228],[123.5434,25.7228],[123.5434,25.7228],[123.5434,25.7227],[123.5433,25.7227],[123.5433,25.7227],[123.5433,25.7228],[123.5432,25.7228],[123.5432,25.7228],[123.5432,25.7229],[123.5431,25.7229],[123.5431,25.7229],[123.5431,25.7229],[123.543,25.723],[123.5431,25.723],[123.5431,25.723],[123.5432,25.7231],[123.5432,25.723]]]],[[[[123.5447,25.7231],[123.5447,25.7231],[123.5447,25.7231],[123.5447,25.7231],[123.5447,25.7232],[123.5447,25.7232],[123.5448,25.7231],[123.5447,25.7231],[123.5447,25.7231]]]],[[[[123.5447,25.724],[123.5447,25.724],[123.5447,25.724],[123.5447,25.7241],[123.5447,25.7241],[123.5447,25.7241],[123.5448,25.7241],[123.5448,25.7241],[123.5448,25.7241],[123.5448,25.7241],[123.5448,25.7241],[123.5447,25.724]]]],[[[[123.5443,25.7242],[123.5444,25.7242],[123.5444,25.7242],[123.5445,25.7242],[123.5445,25.7242],[123.5445,25.7243],[123.5446,25.7243],[123.5446,25.7243],[123.5446,25.7243],[123.5446,25.7242],[123.5446,25.7242],[123.5445,25.7241],[123.5445,25.7241],[123.5445,25.7241],[123.5444,25.7241],[123.5444,25.724],[123.5443,25.7239],[123.5443,25.7239],[123.5443,25.7239],[123.5443,25.7238],[123.5443,25.7238],[123.5442,25.7238],[123.5442,25.7238],[123.5441,25.7239],[123.5441,25.7239],[123.5441,25.7239],[123.544,25.724],[123.544,25.724],[123.544,25.7241],[123.5441,25.7241],[123.5441,25.7242],[123.5441,25.7242],[123.5441,25.7242],[123.5441,25.7243],[123.5441,25.7243],[123.5441,25.7243],[123.5442,25.7243],[123.5443,25.7243],[123.5443,25.7242],[123.5443,25.7242]]]],[[[[123.5445,25.7244],[123.5445,25.7243],[123.5445,25.7243],[123.5445,25.7244],[123.5445,25.7244],[123.5445,25.7244],[123.5445,25.7244],[123.5445,25.7245],[123.5446,25.7245],[123.5446,25.7244],[123.5446,25.7244],[123.5446,25.7244],[123.5446,25.7244],[123.5445,25.7244]]]],[[[[123.5502,25.7258],[123.5512,25.7257],[123.5517,25.7253],[123.5522,25.7249],[123.5528,25.7247],[123.5533,25.7247],[123.5537,25.7244],[123.554,25.7241],[123.554,25.7238],[123.5543,25.7237],[123.5548,25.7233],[123.5552,25.7226],[123.5554,25.7223],[123.5558,25.7215],[123.5555,25.7209],[123.5551,25.7208],[123.5546,25.7206],[123.5538,25.7206],[123.5531,25.7203],[123.5526,25.7206],[123.5517,25.7207],[123.5506,25.721],[123.5491,25.7214],[123.5483,25.7218],[123.5477,25.7219],[123.5471,25.7221],[123.5466,25.7223],[123.5459,25.7223],[123.5456,25.7226],[123.5452,25.7223],[123.545,25.7227],[123.5449,25.7232],[123.5447,25.7235],[123.5449,25.724],[123.5456,25.7247],[123.5461,25.7251],[123.5471,25.7254],[123.5484,25.7257],[123.5492,25.7258],[123.5497,25.7258],[123.5502,25.7258]]]],[[[[123.5451,25.7278],[123.5451,25.7278],[123.5451,25.7278],[123.545,25.7278],[123.545,25.7278],[123.5449,25.7279],[123.5449,25.7279],[123.545,25.7279],[123.545,25.7279],[123.5451,25.728],[123.5451,25.728],[123.5452,25.728],[123.5452,25.728],[123.5453,25.728],[123.5453,25.728],[123.5453,25.7279],[123.5452,25.7279],[123.5452,25.7279],[123.5452,25.7278],[123.5452,25.7278],[123.5452,25.7278],[123.5451,25.7278]]]],[[[[123.5449,25.7292],[123.5449,25.7292],[123.5449,25.7292],[123.5449,25.7292],[123.5449,25.7292],[123.5449,25.7293],[123.5449,25.7293],[123.5449,25.7294],[123.5449,25.7294],[123.545,25.7294],[123.545,25.7294],[123.545,25.7294],[123.545,25.7294],[123.545,25.7293],[123.545,25.7293],[123.545,25.7292],[123.5449,25.7292]]]],[[[[123.5413,25.7344],[123.5419,25.7343],[123.5414,25.7337],[123.5417,25.7333],[123.5423,25.732],[123.5426,25.7314],[123.5431,25.7308],[123.5434,25.7301],[123.5436,25.7295],[123.545,25.7292],[123.5456,25.7289],[123.5453,25.7283],[123.5448,25.7278],[123.5449,25.7273],[123.5445,25.7268],[123.5444,25.726],[123.5438,25.726],[123.5431,25.7255],[123.5423,25.7253],[123.5424,25.726],[123.5415,25.7258],[123.5415,25.7263],[123.5415,25.7271],[123.5413,25.7276],[123.5407,25.7286],[123.5406,25.7289],[123.54,25.7296],[123.5397,25.7303],[123.5394,25.7308],[123.5389,25.7313],[123.5387,25.7317],[123.5381,25.7316],[123.5376,25.7318],[123.5384,25.7321],[123.5389,25.7327],[123.5392,25.7327],[123.5399,25.733],[123.5403,25.7338],[123.5407,25.7343],[123.5411,25.7349],[123.5413,25.7344]]]],[[[[123.5062,25.7357],[123.5062,25.7357],[123.5062,25.7357],[123.5063,25.7357],[123.5063,25.7357],[123.5063,25.7357],[123.5063,25.7356],[123.5063,25.7356],[123.5064,25.7356],[123.5064,25.7356],[123.5064,25.7356],[123.5064,25.7355],[123.5064,25.7355],[123.5064,25.7355],[123.5065,25.7355],[123.5065,25.7354],[123.5065,25.7354],[123.5065,25.7354],[123.5065,25.7354],[123.5065,25.7354],[123.5064,25.7354],[123.5064,25.7354],[123.5064,25.7355],[123.5064,25.7355],[123.5063,25.7355],[123.5063,25.7355],[123.5062,25.7356],[123.5062,25.7356],[123.5061,25.7356],[123.5061,25.7356],[123.5061,25.7357],[123.5061,25.7357],[123.5061,25.7358],[123.5062,25.7358],[123.5062,25.7358],[123.5062,25.7358],[123.5062,25.7358],[123.5062,25.7357],[123.5062,25.7357]]]],[[[[123.5072,25.7358],[123.5072,25.7358],[123.5071,25.7358],[123.5071,25.7358],[123.5071,25.7359],[123.5071,25.7359],[123.5072,25.736],[123.5072,25.736],[123.5072,25.7359],[123.5072,25.7359],[123.5072,25.7359],[123.5072,25.7358]]]],[[[[123.4717,25.7383],[123.4716,25.7383],[123.4716,25.7383],[123.4716,25.7383],[123.4716,25.7383],[123.4716,25.7383],[123.4716,25.7383],[123.4716,25.7383],[123.4717,25.7383],[123.4717,25.7383],[123.4717,25.7383]]]],[[[[123.4581,25.7389],[123.4581,25.7389],[123.4581,25.7389],[123.458,25.7389],[123.458,25.7389],[123.4581,25.7389],[123.4581,25.739],[123.4581,25.739],[123.4581,25.7389],[123.4581,25.7389],[123.4581,25.7389]]]],[[[[123.4749,25.7394],[123.4749,25.7394],[123.4749,25.7394],[123.4748,25.7394],[123.4748,25.7394],[123.4749,25.7394],[123.4749,25.7394],[123.4749,25.7394],[123.4749,25.7394],[123.4749,25.7394]]]],[[[[123.458,25.7394],[123.458,25.7394],[123.458,25.7394],[123.4579,25.7394],[123.4579,25.7394],[123.4579,25.7394],[123.4579,25.7394],[123.4579,25.7394],[123.4579,25.7394],[123.4579,25.7394],[123.4579,25.7395],[123.4579,25.7395],[123.4579,25.7395],[123.4579,25.7395],[123.458,25.7395],[123.458,25.7395],[123.458,25.7395],[123.458,25.7395],[123.458,25.7395],[123.458,25.7395],[123.458,25.7394]]]],[[[[123.4758,25.74],[123.4757,25.74],[123.4757,25.74],[123.4757,25.74],[123.4757,25.74],[123.4757,25.74],[123.4758,25.74],[123.4758,25.74],[123.4758,25.74]]]],[[[[123.4755,25.74],[123.4755,25.74],[123.4755,25.74],[123.4755,25.74],[123.4755,25.74],[123.4755,25.74],[123.4755,25.74],[123.4754,25.7401],[123.4754,25.7401],[123.4754,25.7401],[123.4754,25.7401],[123.4754,25.7401],[123.4754,25.7401],[123.4754,25.7401],[123.4754,25.7401],[123.4754,25.7401],[123.4755,25.7401],[123.4755,25.7401],[123.4755,25.7401],[123.4755,25.7401],[123.4755,25.7401],[123.4755,25.7401],[123.4755,25.7401],[123.4755,25.7401],[123.4755,25.7401],[123.4755,25.7401],[123.4755,25.7401],[123.4755,25.7401],[123.4755,25.7401],[123.4755,25.7401],[123.4755,25.7401],[123.4755,25.7401],[123.4755,25.74],[123.4755,25.74],[123.4755,25.74],[123.4755,25.74],[123.4755,25.74]]]],[[[[123.4763,25.7401],[123.4763,25.7401],[123.4763,25.7401],[123.4762,25.7401],[123.4762,25.7401],[123.4762,25.7402],[123.4762,25.7402],[123.4763,25.7402],[123.4763,25.7402],[123.4763,25.7402],[123.4763,25.7401]]]],[[[[123.4764,25.7402],[123.4763,25.7402],[123.4763,25.7402],[123.4763,25.7402],[123.4763,25.7403],[123.4763,25.7403],[123.4763,25.7403],[123.4763,25.7403],[123.4764,25.7402],[123.4764,25.7402]]]],[[[[123.4764,25.7402],[123.4764,25.7402],[123.4764,25.7402],[123.4764,25.7403],[123.4764,25.7403],[123.4764,25.7404],[123.4765,25.7404],[123.4765,25.7403],[123.4765,25.7403],[123.4765,25.7403],[123.4765,25.7402],[123.4764,25.7402]]]],[[[[123.4828,25.7403],[123.4828,25.7403],[123.4827,25.7403],[123.4827,25.7403],[123.4827,25.7403],[123.4827,25.7403],[123.4827,25.7403],[123.4827,25.7403],[123.4827,25.7403],[123.4827,25.7404],[123.4827,25.7404],[123.4827,25.7404],[123.4827,25.7404],[123.4827,25.7404],[123.4828,25.7404],[123.4828,25.7404],[123.4828,25.7404],[123.4828,25.7404],[123.4828,25.7404],[123.4828,25.7404],[123.4828,25.7403],[123.4828,25.7403],[123.4828,25.7403],[123.4828,25.7403],[123.4828,25.7403]]]],[[[[123.4907,25.7405],[123.4907,25.7405],[123.4907,25.7405],[123.4908,25.7405],[123.4908,25.7405],[123.4908,25.7405],[123.4908,25.7404],[123.4907,25.7404],[123.4907,25.7403],[123.4906,25.7402],[123.4906,25.7402],[123.4906,25.7403],[123.4905,25.7403],[123.4905,25.7403],[123.4905,25.7404],[123.4905,25.7404],[123.4905,25.7404],[123.4905,25.7405],[123.4906,25.7405],[123.4906,25.7405],[123.4906,25.7406],[123.4907,25.7405]]]],[[[[123.4812,25.7405],[123.4812,25.7405],[123.4811,25.7405],[123.4812,25.7405],[123.4812,25.7406],[123.4812,25.7405],[123.4812,25.7405],[123.4812,25.7405]]]],[[[[123.4909,25.7406],[123.4909,25.7406],[123.4909,25.7406],[123.4909,25.7406],[123.4909,25.7406],[123.4909,25.7406],[123.4909,25.7406],[123.4909,25.7407],[123.4909,25.7407],[123.4909,25.7407],[123.491,25.7407],[123.491,25.7407],[123.491,25.7407],[123.491,25.7407],[123.491,25.7407],[123.491,25.7406],[123.4909,25.7406],[123.4909,25.7406],[123.4909,25.7406]]]],[[[[123.4904,25.7405],[123.4903,25.7405],[123.4903,25.7405],[123.4903,25.7405],[123.4903,25.7405],[123.4903,25.7405],[123.4903,25.7406],[123.4903,25.7406],[123.4903,25.7406],[123.4903,25.7406],[123.4903,25.7406],[123.4903,25.7407],[123.4903,25.7407],[123.4903,25.7407],[123.4903,25.7408],[123.4903,25.7408],[123.4903,25.7408],[123.4904,25.7408],[123.4904,25.7408],[123.4904,25.7408],[123.4904,25.7408],[123.4904,25.7409],[123.4905,25.7409],[123.4905,25.7409],[123.4905,25.7408],[123.4905,25.7408],[123.4905,25.7408],[123.4905,25.7408],[123.4905,25.7408],[123.4905,25.7407],[123.4905,25.7407],[123.4905,25.7407],[123.4905,25.7407],[123.4904,25.7406],[123.4904,25.7406],[123.4904,25.7406],[123.4904,25.7406],[123.4904,25.7406],[123.4904,25.7405],[123.4904,25.7405],[123.4904,25.7405]]]],[[[[123.491,25.7408],[123.4909,25.7408],[123.4909,25.7407],[123.4908,25.7407],[123.4908,25.7406],[123.4907,25.7406],[123.4907,25.7406],[123.4906,25.7405],[123.4906,25.7405],[123.4905,25.7405],[123.4905,25.7405],[123.4905,25.7406],[123.4905,25.7406],[123.4905,25.7407],[123.4906,25.7407],[123.4906,25.7408],[123.4906,25.7408],[123.4907,25.7409],[123.4907,25.7409],[123.4908,25.7408],[123.4908,25.7408],[123.4908,25.7408],[123.4909,25.7408],[123.4909,25.7409],[123.491,25.7408]]]],[[[[123.4908,25.7408],[123.4908,25.7408],[123.4908,25.7408],[123.4908,25.7409],[123.4908,25.7409],[123.4908,25.7409],[123.4908,25.7409],[123.4908,25.7409],[123.4908,25.7408],[123.4908,25.7408],[123.4908,25.7408]]]],[[[[123.4929,25.7418],[123.4929,25.7418],[123.4929,25.7418],[123.4929,25.7418],[123.4929,25.7418],[123.4929,25.7418],[123.4929,25.7418],[123.4929,25.7418],[123.4929,25.7418],[123.4929,25.7418],[123.4929,25.7418],[123.4929,25.7418],[123.4929,25.7418],[123.4929,25.7418],[123.4929,25.7418],[123.4929,25.7418],[123.4929,25.7418],[123.4929,25.7418],[123.4929,25.7418],[123.4929,25.7418],[123.4929,25.7418],[123.4929,25.7418]]]],[[[[123.4665,25.749],[123.4664,25.749],[123.4664,25.749],[123.4664,25.749],[123.4664,25.749],[123.4664,25.7491],[123.4664,25.7491],[123.4665,25.7491],[123.4665,25.7491],[123.4665,25.749]]]],[[[[123.4845,25.7498],[123.4844,25.7498],[123.4844,25.7498],[123.4844,25.7498],[123.4844,25.7498],[123.4844,25.7498],[123.4845,25.7498],[123.4845,25.7498],[123.4845,25.7498]]]],[[[[123.4877,25.7501],[123.4877,25.75],[123.4877,25.75],[123.4877,25.75],[123.4877,25.75],[123.4877,25.75],[123.4878,25.7501],[123.4878,25.75],[123.4878,25.75],[123.4878,25.75],[123.4879,25.75],[123.4879,25.75],[123.4878,25.7499],[123.4878,25.7499],[123.4877,25.7499],[123.4877,25.7499],[123.4876,25.75],[123.4876,25.75],[123.4876,25.7501],[123.4876,25.7501],[123.4876,25.7501],[123.4877,25.7501],[123.4877,25.7501]]]],[[[[123.4876,25.7501],[123.4876,25.7501],[123.4875,25.7501],[123.4875,25.7501],[123.4875,25.7502],[123.4875,25.7502],[123.4875,25.7502],[123.4875,25.7502],[123.4875,25.7502],[123.4875,25.7502],[123.4875,25.7502],[123.4876,25.7502],[123.4876,25.7502],[123.4876,25.7501],[123.4876,25.7501]]]],[[[[123.4798,25.7508],[123.4798,25.7508],[123.4798,25.7508],[123.4797,25.7508],[123.4797,25.7508],[123.4797,25.7509],[123.4798,25.7509],[123.4798,25.7509],[123.4798,25.7509],[123.4798,25.7509],[123.4798,25.7508],[123.4798,25.7508],[123.4798,25.7508]]]],[[[[123.4767,25.7518],[123.4787,25.7513],[123.481,25.7502],[123.4832,25.7498],[123.4856,25.7496],[123.4876,25.749],[123.4901,25.7477],[123.4916,25.7463],[123.4933,25.7447],[123.4937,25.742],[123.4917,25.741],[123.4893,25.7404],[123.4869,25.7405],[123.4845,25.7409],[123.4833,25.7405],[123.4815,25.7408],[123.4798,25.7406],[123.4783,25.7409],[123.4768,25.741],[123.4755,25.7397],[123.4741,25.7394],[123.4739,25.7382],[123.4724,25.7389],[123.4709,25.7379],[123.469,25.7369],[123.4667,25.736],[123.4649,25.7352],[123.4626,25.7348],[123.4604,25.7356],[123.4588,25.737],[123.4582,25.7391],[123.4581,25.7411],[123.4593,25.7435],[123.4619,25.7457],[123.4638,25.7468],[123.4665,25.7486],[123.4682,25.7493],[123.4702,25.7503],[123.4724,25.7509],[123.475,25.7512],[123.4767,25.7518]]]],[[[[123.5677,25.7556],[123.5677,25.7554],[123.5675,25.7553],[123.5673,25.7553],[123.5673,25.7552],[123.5672,25.7551],[123.567,25.755],[123.5667,25.755],[123.5666,25.755],[123.5665,25.7551],[123.5663,25.7551],[123.5663,25.7552],[123.5661,25.7552],[123.566,25.7555],[123.5661,25.7556],[123.5663,25.7555],[123.5663,25.7554],[123.5665,25.7554],[123.5667,25.7553],[123.5667,25.7555],[123.5668,25.7554],[123.5669,25.7554],[123.567,25.7555],[123.5672,25.7555],[123.5674,25.7556],[123.5675,25.7556],[123.5675,25.7556],[123.5676,25.7557],[123.5677,25.7556]]]],[[[[123.5416,25.7794],[123.5417,25.7793],[123.5419,25.7793],[123.5419,25.7793],[123.5419,25.7791],[123.5418,25.7791],[123.5417,25.779],[123.5417,25.779],[123.5416,25.779],[123.5415,25.7791],[123.5414,25.779],[123.5414,25.779],[123.5413,25.779],[123.5413,25.779],[123.5412,25.779],[123.5411,25.779],[123.5411,25.779],[123.541,25.779],[123.5409,25.779],[123.5409,25.779],[123.5408,25.779],[123.5407,25.7791],[123.5407,25.7792],[123.5406,25.7792],[123.5407,25.7793],[123.5407,25.7793],[123.5408,25.7794],[123.5409,25.7794],[123.5409,25.7794],[123.541,25.7794],[123.5411,25.7794],[123.5412,25.7794],[123.5413,25.7794],[123.5413,25.7794],[123.5415,25.7794],[123.5416,25.7794]]]],[[[[123.5389,25.7794],[123.5389,25.7794],[123.5389,25.7794],[123.5389,25.7794],[123.5389,25.7794],[123.5389,25.7794],[123.5389,25.7794],[123.5389,25.7794],[123.5389,25.7794],[123.5389,25.7794],[123.5389,25.7794],[123.5389,25.7794],[123.5389,25.7794],[123.539,25.7795],[123.539,25.7795],[123.539,25.7795],[123.539,25.7795],[123.539,25.7795],[123.539,25.7795],[123.539,25.7795],[123.539,25.7795],[123.539,25.7795],[123.539,25.7795],[123.539,25.7794],[123.539,25.7794],[123.539,25.7794],[123.539,25.7794],[123.539,25.7794],[123.539,25.7794],[123.539,25.7794],[123.539,25.7794],[123.539,25.7794],[123.539,25.7794],[123.539,25.7794],[123.539,25.7794],[123.539,25.7794],[123.539,25.7794],[123.539,25.7794],[123.539,25.7794],[123.5389,25.7794]]]],[[[[123.54,25.7797],[123.5401,25.7797],[123.5402,25.7796],[123.5403,25.7795],[123.5403,25.7795],[123.5403,25.7794],[123.5404,25.7794],[123.5405,25.7794],[123.5405,25.7794],[123.5405,25.7793],[123.5405,25.7792],[123.5406,25.7791],[123.5406,25.7791],[123.5405,25.779],[123.5405,25.7789],[123.5405,25.7789],[123.5404,25.7789],[123.5403,25.7789],[123.5402,25.7789],[123.5401,25.7789],[123.5401,25.7789],[123.54,25.779],[123.5398,25.7791],[123.5398,25.7791],[123.5396,25.7792],[123.5396,25.7793],[123.5396,25.7794],[123.5396,25.7795],[123.5397,25.7795],[123.5397,25.7796],[123.5398,25.7796],[123.5399,25.7796],[123.5399,25.7797],[123.54,25.7797]]]],[[[[123.5431,25.7799],[123.5431,25.7799],[123.5431,25.7799],[123.5431,25.7799],[123.543,25.7799],[123.543,25.7799],[123.543,25.7799],[123.543,25.7799],[123.543,25.7799],[123.5429,25.7799],[123.5429,25.7799],[123.5429,25.7799],[123.5429,25.7799],[123.5429,25.7799],[123.5429,25.7799],[123.543,25.7799],[123.543,25.78],[123.543,25.78],[123.543,25.78],[123.5431,25.78],[123.5431,25.78],[123.5431,25.78],[123.5431,25.78],[123.5431,25.78],[123.5431,25.78],[123.5431,25.78],[123.5431,25.7799],[123.5431,25.7799]]]],[[[[123.5437,25.782],[123.5438,25.7819],[123.5438,25.7818],[123.5439,25.7817],[123.544,25.7816],[123.5441,25.7815],[123.5441,25.7813],[123.5443,25.7812],[123.5445,25.7811],[123.5445,25.781],[123.5446,25.781],[123.5447,25.781],[123.5447,25.7808],[123.5446,25.7808],[123.5445,25.7808],[123.5444,25.7807],[123.5443,25.7808],[123.5442,25.7807],[123.5441,25.7807],[123.5439,25.7807],[123.5438,25.7806],[123.5435,25.7804],[123.5435,25.7803],[123.5435,25.7801],[123.5433,25.7801],[123.5433,25.7802],[123.5433,25.7803],[123.5433,25.7804],[123.5435,25.7806],[123.5435,25.7808],[123.5434,25.7809],[123.5434,25.7811],[123.5434,25.7812],[123.5435,25.7813],[123.5434,25.7815],[123.5435,25.7817],[123.5435,25.7819],[123.5437,25.782]]]],[[[[123.6832,25.9191],[123.6832,25.9191],[123.6832,25.9191],[123.6832,25.9191],[123.6832,25.9191],[123.6832,25.9191],[123.6832,25.9191],[123.6832,25.9191],[123.6832,25.9191],[123.6832,25.9191],[123.6832,25.9191],[123.6832,25.9192],[123.6832,25.9192],[123.6832,25.9192],[123.6832,25.9192],[123.6832,25.9192],[123.6832,25.9192],[123.6832,25.9192],[123.6833,25.9192],[123.6833,25.9192],[123.6833,25.9192],[123.6833,25.9192],[123.6833,25.9192],[123.6833,25.9192],[123.6833,25.9192],[123.6833,25.9192],[123.6833,25.9192],[123.6833,25.9192],[123.6833,25.9192],[123.6833,25.9191],[123.6833,25.9191],[123.6833,25.9191],[123.6832,25.9191],[123.6832,25.9191],[123.6832,25.9191],[123.6832,25.9191],[123.6832,25.9191]]]],[[[[123.6826,25.9191],[123.6825,25.9191],[123.6825,25.9191],[123.6825,25.9191],[123.6825,25.9191],[123.6825,25.9191],[123.6825,25.9191],[123.6825,25.9191],[123.6825,25.9192],[123.6825,25.9192],[123.6825,25.9192],[123.6825,25.9192],[123.6825,25.9192],[123.6825,25.9192],[123.6825,25.9192],[123.6825,25.9192],[123.6826,25.9192],[123.6826,25.9192],[123.6826,25.9192],[123.6826,25.9192],[123.6826,25.9191],[123.6826,25.9191],[123.6826,25.9191]]]],[[[[123.686,25.9196],[123.686,25.9196],[123.686,25.9196],[123.686,25.9196],[123.686,25.9196],[123.686,25.9196],[123.686,25.9196],[123.686,25.9196],[123.686,25.9196],[123.686,25.9197],[123.686,25.9197],[123.686,25.9197],[123.686,25.9197],[123.686,25.9197],[123.686,25.9197],[123.686,25.9197],[123.6861,25.9197],[123.6861,25.9197],[123.6861,25.9197],[123.6861,25.9197],[123.6861,25.9197],[123.6861,25.9196],[123.6861,25.9196],[123.686,25.9196],[123.686,25.9196],[123.686,25.9196],[123.686,25.9196],[123.686,25.9196]]]],[[[[123.6862,25.9197],[123.6861,25.9197],[123.6861,25.9197],[123.6861,25.9197],[123.6861,25.9197],[123.6861,25.9197],[123.6861,25.9197],[123.6861,25.9197],[123.6861,25.9198],[123.6861,25.9198],[123.6861,25.9198],[123.6861,25.9198],[123.6861,25.9198],[123.6861,25.9198],[123.6862,25.9198],[123.6862,25.9198],[123.6862,25.9198],[123.6862,25.9197],[123.6862,25.9197],[123.6862,25.9197],[123.6862,25.9197],[123.6862,25.9197]]]],[[[[123.6791,25.92],[123.6791,25.92],[123.6791,25.92],[123.6791,25.92],[123.6791,25.92],[123.6791,25.9199],[123.6791,25.9199],[123.6791,25.9199],[123.6791,25.9199],[123.6791,25.9199],[123.6791,25.9199],[123.6791,25.9199],[123.6791,25.9199],[123.6791,25.9199],[123.6791,25.9199],[123.6791,25.9199],[123.6791,25.9199],[123.6791,25.9199],[123.6791,25.9199],[123.6791,25.9199],[123.6791,25.9199],[123.6791,25.9199],[123.6791,25.92],[123.6791,25.92],[123.6791,25.92],[123.6791,25.92],[123.6791,25.92],[123.6791,25.92],[123.6791,25.92],[123.6791,25.92]]]],[[[[123.6876,25.9199],[123.6876,25.9199],[123.6876,25.9199],[123.6876,25.9199],[123.6876,25.9199],[123.6876,25.9199],[123.6876,25.9199],[123.6876,25.9199],[123.6876,25.9199],[123.6876,25.9199],[123.6876,25.9199],[123.6876,25.9199],[123.6876,25.9199],[123.6876,25.9199],[123.6875,25.9199],[123.6875,25.92],[123.6875,25.92],[123.6875,25.92],[123.6875,25.92],[123.6875,25.92],[123.6875,25.92],[123.6875,25.92],[123.6876,25.92],[123.6876,25.92],[123.6876,25.92],[123.6876,25.92],[123.6876,25.92],[123.6876,25.92],[123.6876,25.92],[123.6876,25.92],[123.6876,25.92],[123.6876,25.92],[123.6876,25.9199],[123.6876,25.9199],[123.6876,25.9199],[123.6876,25.9199],[123.6876,25.9199],[123.6876,25.9199],[123.6876,25.9199],[123.6876,25.9199]]]],[[[[123.6787,25.9203],[123.6787,25.9203],[123.6787,25.9203],[123.6788,25.9203],[123.6788,25.9203],[123.6788,25.9203],[123.6787,25.9203],[123.6787,25.9202],[123.6787,25.9202],[123.6787,25.9202],[123.6787,25.9202],[123.6787,25.9202],[123.6787,25.9202],[123.6787,25.9203],[123.6787,25.9203],[123.6787,25.9203],[123.6786,25.9203],[123.6786,25.9203],[123.6786,25.9203],[123.6786,25.9203],[123.6786,25.9203],[123.6786,25.9203],[123.6786,25.9203],[123.6786,25.9204],[123.6786,25.9204],[123.6786,25.9203],[123.6786,25.9203],[123.6786,25.9203],[123.6787,25.9203]]]],[[[[123.6784,25.9205],[123.6784,25.9204],[123.6784,25.9204],[123.6784,25.9205],[123.6783,25.9205],[123.6783,25.9205],[123.6783,25.9205],[123.6783,25.9205],[123.6783,25.9205],[123.6783,25.9205],[123.6783,25.9205],[123.6783,25.9205],[123.6783,25.9205],[123.6783,25.9205],[123.6783,25.9205],[123.6783,25.9205],[123.6783,25.9205],[123.6783,25.9205],[123.6784,25.9205],[123.6784,25.9205],[123.6784,25.9205],[123.6784,25.9205],[123.6784,25.9205],[123.6784,25.9205],[123.6784,25.9205],[123.6784,25.9205],[123.6784,25.9205],[123.6784,25.9205],[123.6784,25.9205],[123.6784,25.9205],[123.6784,25.9205],[123.6785,25.9205],[123.6785,25.9205],[123.6784,25.9205],[123.6784,25.9205],[123.6784,25.9205],[123.6784,25.9205],[123.6784,25.9205],[123.6784,25.9205],[123.6784,25.9205]]]],[[[[123.6878,25.9208],[123.6878,25.9208],[123.6878,25.9208],[123.6878,25.9208],[123.6878,25.9208],[123.6878,25.9208],[123.6878,25.9208],[123.6878,25.9208],[123.6878,25.9208],[123.6878,25.9208],[123.6878,25.9208],[123.6878,25.9208],[123.6879,25.9208],[123.6879,25.9208],[123.6879,25.9208],[123.6879,25.9208],[123.6879,25.9208],[123.6879,25.9208],[123.6879,25.9208],[123.6879,25.9208],[123.6879,25.9208],[123.6879,25.9208],[123.6879,25.9208],[123.6879,25.9208],[123.6879,25.9208],[123.6879,25.9208],[123.6879,25.9208],[123.6879,25.9208],[123.6879,25.9208],[123.6879,25.9208],[123.6879,25.9208],[123.6879,25.9208],[123.6879,25.9208],[123.6878,25.9208],[123.6878,25.9208],[123.6878,25.9208],[123.6878,25.9208]]]],[[[[124.5559,25.9214],[124.5559,25.9214],[124.5559,25.9214],[124.5559,25.9214],[124.5559,25.9214],[124.5559,25.9214],[124.5559,25.9214],[124.5559,25.9214],[124.5559,25.9215],[124.5559,25.9215],[124.5559,25.9215],[124.5559,25.9215],[124.5559,25.9215],[124.5559,25.9215],[124.5559,25.9215],[124.5559,25.9215],[124.5559,25.9215],[124.5559,25.9214],[124.5559,25.9214],[124.5559,25.9214],[124.5559,25.9214],[124.5559,25.9214],[124.5559,25.9214]]]],[[[[124.5561,25.9216],[124.5561,25.9216],[124.5561,25.9216],[124.5561,25.9216],[124.5561,25.9216],[124.5561,25.9216],[124.5561,25.9216],[124.5561,25.9216],[124.5561,25.9216],[124.5561,25.9216],[124.5561,25.9216],[124.556,25.9216],[124.556,25.9216],[124.556,25.9216],[124.556,25.9216],[124.556,25.9216],[124.556,25.9216],[124.556,25.9216],[124.556,25.9216],[124.556,25.9216],[124.556,25.9216],[124.556,25.9216],[124.556,25.9216],[124.5561,25.9216],[124.5561,25.9216],[124.5561,25.9216],[124.5561,25.9216],[124.5561,25.9216],[124.5561,25.9216],[124.5561,25.9216],[124.5561,25.9216],[124.5561,25.9216],[124.5561,25.9216],[124.5561,25.9216],[124.5561,25.9216],[124.5562,25.9216],[124.5562,25.9216],[124.5562,25.9216],[124.5561,25.9216],[124.5561,25.9216],[124.5561,25.9216]]]],[[[[124.556,25.9216],[124.556,25.9216],[124.556,25.9216],[124.556,25.9216],[124.556,25.9216],[124.556,25.9217],[124.556,25.9217],[124.556,25.9217],[124.556,25.9217],[124.556,25.9217],[124.556,25.9217],[124.556,25.9217],[124.556,25.9217],[124.556,25.9217],[124.556,25.9217],[124.556,25.9217],[124.556,25.9217],[124.5561,25.9217],[124.5561,25.9217],[124.5561,25.9217],[124.5561,25.9217],[124.556,25.9216],[124.556,25.9216],[124.556,25.9216],[124.556,25.9216]]]],[[[[123.6883,25.9217],[123.6883,25.9217],[123.6882,25.9217],[123.6882,25.9217],[123.6882,25.9217],[123.6882,25.9217],[123.6882,25.9217],[123.6882,25.9217],[123.6882,25.9218],[123.6882,25.9218],[123.6882,25.9218],[123.6882,25.9218],[123.6882,25.9218],[123.6882,25.9218],[123.6883,25.9218],[123.6883,25.9218],[123.6883,25.9218],[123.6883,25.9218],[123.6883,25.9218],[123.6883,25.9218],[123.6883,25.9218],[123.6883,25.9218],[123.6883,25.9217],[123.6883,25.9217],[123.6883,25.9217],[123.6883,25.9217],[123.6883,25.9217],[123.6883,25.9217]]]],[[[[124.5565,25.9216],[124.5564,25.9215],[124.5564,25.9215],[124.5564,25.9215],[124.5564,25.9215],[124.5563,25.9216],[124.5563,25.9216],[124.5563,25.9216],[124.5562,25.9216],[124.5562,25.9216],[124.5562,25.9216],[124.5562,25.9216],[124.5562,25.9216],[124.5561,25.9217],[124.5561,25.9217],[124.5561,25.9217],[124.5561,25.9217],[124.5561,25.9217],[124.5561,25.9217],[124.5562,25.9217],[124.5562,25.9217],[124.5562,25.9218],[124.5563,25.9218],[124.5563,25.9218],[124.5563,25.9218],[124.5564,25.9218],[124.5564,25.9218],[124.5564,25.9218],[124.5565,25.9218],[124.5565,25.9218],[124.5565,25.9217],[124.5565,25.9217],[124.5565,25.9216],[124.5565,25.9216],[124.5565,25.9216]]]],[[[[123.6893,25.9218],[123.6892,25.9218],[123.6892,25.9218],[123.6892,25.9218],[123.6892,25.9218],[123.6892,25.9218],[123.6891,25.9218],[123.6891,25.9218],[123.6891,25.9218],[123.6891,25.9218],[123.6891,25.9218],[123.689,25.9218],[123.689,25.9219],[123.689,25.9219],[123.6891,25.9219],[123.6891,25.9219],[123.6891,25.9219],[123.6891,25.9219],[123.6892,25.9219],[123.6892,25.9219],[123.6892,25.9219],[123.6892,25.9219],[123.6893,25.9219],[123.6893,25.9219],[123.6893,25.9219],[123.6893,25.9219],[123.6893,25.9218],[123.6893,25.9218],[123.6893,25.9218],[123.6893,25.9218],[123.6893,25.9218]]]],[[[[124.5567,25.9221],[124.5567,25.9221],[124.5567,25.9221],[124.5567,25.9221],[124.5567,25.9221],[124.5567,25.9221],[124.5567,25.9221],[124.5567,25.9221],[124.5567,25.9221],[124.5567,25.9221],[124.5567,25.9221],[124.5567,25.9221],[124.5567,25.9221],[124.5567,25.9221],[124.5567,25.9221],[124.5567,25.9221],[124.5567,25.9221],[124.5567,25.9221],[124.5567,25.9221],[124.5567,25.9221],[124.5567,25.9221],[124.5567,25.9222],[124.5567,25.9222],[124.5568,25.9222],[124.5568,25.9222],[124.5568,25.9221],[124.5568,25.9221],[124.5568,25.9221],[124.5568,25.9221],[124.5568,25.9221],[124.5568,25.9221],[124.5568,25.9221],[124.5567,25.9221],[124.5567,25.9221],[124.5567,25.9221],[124.5567,25.9221],[124.5567,25.9221],[124.5567,25.9221]]]],[[[[123.6773,25.9222],[123.6773,25.9222],[123.6773,25.9222],[123.6773,25.9222],[123.6773,25.9222],[123.6773,25.9222],[123.6773,25.9223],[123.6773,25.9223],[123.6773,25.9223],[123.6773,25.9223],[123.6773,25.9223],[123.6773,25.9223],[123.6773,25.9223],[123.6773,25.9223],[123.6773,25.9223],[123.6773,25.9223],[123.6773,25.9223],[123.6773,25.9223],[123.6773,25.9223],[123.6774,25.9223],[123.6774,25.9223],[123.6774,25.9223],[123.6774,25.9223],[123.6774,25.9223],[123.6773,25.9223],[123.6774,25.9223],[123.6774,25.9222],[123.6774,25.9222],[123.6774,25.9222],[123.6774,25.9222],[123.6773,25.9222],[123.6773,25.9222],[123.6773,25.9222],[123.6773,25.9222],[123.6773,25.9222],[123.6773,25.9222]]]],[[[[124.5567,25.9221],[124.5567,25.9221],[124.5566,25.922],[124.5566,25.922],[124.5566,25.922],[124.5566,25.922],[124.5565,25.9219],[124.5565,25.9219],[124.5564,25.9219],[124.5564,25.9219],[124.5563,25.9219],[124.5563,25.9219],[124.5562,25.9219],[124.5562,25.9219],[124.5561,25.9219],[124.5561,25.9219],[124.556,25.9219],[124.556,25.922],[124.556,25.922],[124.556,25.922],[124.556,25.9221],[124.556,25.9221],[124.5561,25.9221],[124.5561,25.9221],[124.5562,25.9222],[124.5562,25.9222],[124.5564,25.9223],[124.5564,25.9223],[124.5565,25.9223],[124.5566,25.9223],[124.5566,25.9223],[124.5566,25.9222],[124.5567,25.9222],[124.5567,25.9222],[124.5567,25.9222],[124.5567,25.9221]]]],[[[[124.5568,25.9223],[124.5568,25.9223],[124.5567,25.9223],[124.5567,25.9223],[124.5567,25.9223],[124.5567,25.9223],[124.5567,25.9223],[124.5567,25.9223],[124.5567,25.9223],[124.5567,25.9223],[124.5567,25.9223],[124.5567,25.9223],[124.5567,25.9223],[124.5567,25.9223],[124.5567,25.9223],[124.5567,25.9223],[124.5567,25.9223],[124.5567,25.9223],[124.5567,25.9223],[124.5567,25.9223],[124.5567,25.9223],[124.5567,25.9223],[124.5567,25.9223],[124.5567,25.9223],[124.5567,25.9223],[124.5567,25.9223],[124.5567,25.9223],[124.5568,25.9223],[124.5568,25.9223],[124.5568,25.9223],[124.5568,25.9223],[124.5568,25.9223],[124.5568,25.9223],[124.5568,25.9223],[124.5568,25.9223],[124.5568,25.9223],[124.5568,25.9223],[124.5568,25.9223],[124.5568,25.9223],[124.5568,25.9223]]]],[[[[123.6767,25.9226],[123.6767,25.9226],[123.6767,25.9226],[123.6767,25.9226],[123.6767,25.9226],[123.6767,25.9226],[123.6767,25.9226],[123.6767,25.9226],[123.6767,25.9226],[123.6767,25.9226],[123.6767,25.9226],[123.6767,25.9226],[123.6767,25.9226],[123.6767,25.9226],[123.6767,25.9226],[123.6768,25.9226],[123.6768,25.9226],[123.6768,25.9226],[123.6768,25.9226],[123.6768,25.9226],[123.6768,25.9226],[123.6768,25.9226],[123.6768,25.9226],[123.6768,25.9226],[123.6768,25.9226],[123.6768,25.9226],[123.6768,25.9226],[123.6768,25.9226],[123.6768,25.9226],[123.6767,25.9226]]]],[[[[123.6768,25.9227],[123.6768,25.9227],[123.6768,25.9227],[123.6768,25.9227],[123.6768,25.9227],[123.6768,25.9227],[123.6768,25.9227],[123.6768,25.9227],[123.6768,25.9227],[123.6768,25.9227],[123.6768,25.9227],[123.6768,25.9227],[123.6768,25.9227],[123.6768,25.9227],[123.6768,25.9227],[123.6768,25.9227],[123.6768,25.9227],[123.6768,25.9227],[123.6768,25.9227],[123.6768,25.9227],[123.6768,25.9227],[123.6768,25.9227],[123.6768,25.9227],[123.6768,25.9227],[123.6768,25.9227],[123.6768,25.9227],[123.6768,25.9227]]]],[[[[123.6764,25.9228],[123.6764,25.9228],[123.6764,25.9228],[123.6764,25.9228],[123.6764,25.9228],[123.6764,25.9228],[123.6764,25.9228],[123.6764,25.9228],[123.6764,25.9228],[123.6764,25.9228],[123.6764,25.9228],[123.6764,25.9228],[123.6764,25.9228],[123.6764,25.9228],[123.6764,25.9228],[123.6764,25.9229],[123.6764,25.9229],[123.6765,25.9229],[123.6765,25.9229],[123.6765,25.9229],[123.6765,25.9229],[123.6765,25.9229],[123.6765,25.9229],[123.6765,25.9229],[123.6765,25.9228],[123.6765,25.9228],[123.6765,25.9228],[123.6765,25.9228],[123.6765,25.9228],[123.6765,25.9228],[123.6765,25.9228],[123.6765,25.9228],[123.6765,25.9228],[123.6764,25.9228],[123.6764,25.9228],[123.6764,25.9228]]]],[[[[123.6765,25.9229],[123.6764,25.9229],[123.6764,25.9229],[123.6764,25.9229],[123.6764,25.9229],[123.6764,25.9229],[123.6764,25.9229],[123.6764,25.9229],[123.6764,25.9229],[123.6764,25.9229],[123.6764,25.9229],[123.6764,25.9229],[123.6764,25.9229],[123.6764,25.9229],[123.6764,25.9229],[123.6764,25.9229],[123.6765,25.9229],[123.6765,25.9229],[123.6765,25.9229],[123.6765,25.9229],[123.6765,25.9229],[123.6765,25.9229],[123.6765,25.9229],[123.6765,25.9229],[123.6765,25.9229],[123.6765,25.9229],[123.6765,25.9229],[123.6765,25.9229],[123.6765,25.9229]]]],[[[[123.676,25.9231],[123.6759,25.9231],[123.6759,25.9231],[123.6759,25.9231],[123.6759,25.9231],[123.6759,25.9231],[123.6759,25.9231],[123.6759,25.9231],[123.6759,25.9231],[123.6759,25.9231],[123.6759,25.9231],[123.6759,25.9231],[123.6759,25.9231],[123.6759,25.9231],[123.6759,25.9231],[123.676,25.9231],[123.676,25.9231],[123.676,25.9231],[123.676,25.9231],[123.676,25.9231],[123.676,25.9231],[123.6761,25.9231],[123.6761,25.9231],[123.6761,25.9231],[123.6761,25.9231],[123.6761,25.9231],[123.6761,25.9231],[123.6761,25.9231],[123.6761,25.9231],[123.6761,25.9231],[123.6761,25.9231],[123.6761,25.9231],[123.6761,25.9231],[123.676,25.9231],[123.676,25.9231],[123.676,25.9231]]]],[[[[124.5591,25.9234],[124.5594,25.9233],[124.5598,25.9232],[124.5595,25.923],[124.5596,25.9228],[124.5599,25.9228],[124.5602,25.9229],[124.5605,25.9228],[124.5608,25.9228],[124.5611,25.9224],[124.561,25.9223],[124.5608,25.9223],[124.5606,25.9221],[124.5603,25.922],[124.5601,25.9219],[124.5597,25.922],[124.5593,25.9219],[124.559,25.9219],[124.5588,25.9218],[124.5585,25.9217],[124.5582,25.9217],[124.558,25.9217],[124.5576,25.9216],[124.5574,25.9215],[124.5572,25.9215],[124.5569,25.9216],[124.5566,25.9216],[124.5565,25.9217],[124.5566,25.9219],[124.5568,25.9222],[124.5568,25.9223],[124.5571,25.9225],[124.5574,25.9227],[124.5575,25.9229],[124.5577,25.9231],[124.558,25.9231],[124.5583,25.9232],[124.5585,25.9233],[124.5588,25.9233],[124.559,25.9234],[124.5591,25.9234]]]],[[[[124.5601,25.9236],[124.5601,25.9235],[124.5601,25.9235],[124.56,25.9234],[124.56,25.9234],[124.5599,25.9234],[124.5598,25.9233],[124.5597,25.9233],[124.5596,25.9234],[124.5595,25.9234],[124.5594,25.9234],[124.5594,25.9234],[124.5594,25.9234],[124.5593,25.9234],[124.5593,25.9234],[124.5593,25.9234],[124.5593,25.9235],[124.5593,25.9235],[124.5593,25.9235],[124.5594,25.9235],[124.5594,25.9235],[124.5594,25.9235],[124.5595,25.9235],[124.5595,25.9235],[124.5596,25.9235],[124.5596,25.9236],[124.5597,25.9236],[124.5597,25.9235],[124.5598,25.9236],[124.5598,25.9236],[124.5599,25.9236],[124.56,25.9236],[124.5601,25.9236]]]],[[[[124.5594,25.9238],[124.5594,25.9238],[124.5595,25.9237],[124.5595,25.9237],[124.5595,25.9237],[124.5595,25.9237],[124.5594,25.9237],[124.5594,25.9237],[124.5594,25.9236],[124.5594,25.9236],[124.5593,25.9236],[124.5592,25.9236],[124.5592,25.9236],[124.5591,25.9236],[124.559,25.9236],[124.559,25.9235],[124.5589,25.9235],[124.5589,25.9235],[124.5588,25.9236],[124.5588,25.9236],[124.5587,25.9236],[124.5588,25.9236],[124.5588,25.9237],[124.5588,25.9237],[124.5588,25.9237],[124.5589,25.9237],[124.5589,25.9237],[124.5589,25.9237],[124.559,25.9238],[124.559,25.9238],[124.559,25.9238],[124.559,25.9238],[124.5591,25.9238],[124.5591,25.9238],[124.5591,25.9238],[124.5592,25.9238],[124.5593,25.9238],[124.5593,25.9238],[124.5593,25.9238],[124.5594,25.9238]]]],[[[[124.5602,25.924],[124.5602,25.924],[124.5602,25.924],[124.5601,25.9239],[124.5601,25.9239],[124.5601,25.9239],[124.56,25.9238],[124.56,25.9239],[124.5599,25.9239],[124.5599,25.9239],[124.5599,25.9239],[124.5598,25.9239],[124.5597,25.9239],[124.5596,25.9239],[124.5595,25.9239],[124.5595,25.924],[124.5595,25.924],[124.5595,25.924],[124.5595,25.924],[124.5595,25.9241],[124.5596,25.9241],[124.5596,25.9241],[124.5597,25.9241],[124.5597,25.9241],[124.5598,25.924],[124.5598,25.924],[124.5599,25.9241],[124.56,25.9241],[124.5601,25.9241],[124.5602,25.9241],[124.5602,25.9241],[124.5602,25.9241],[124.5602,25.9241],[124.5602,25.9241],[124.5602,25.924]]]],[[[[123.6878,25.9241],[123.6878,25.9241],[123.6877,25.9241],[123.6877,25.9241],[123.6877,25.9241],[123.6876,25.9241],[123.6876,25.9241],[123.6876,25.9241],[123.6876,25.9241],[123.6876,25.9242],[123.6876,25.9242],[123.6876,25.9242],[123.6876,25.9242],[123.6876,25.9242],[123.6876,25.9242],[123.6876,25.9242],[123.6877,25.9242],[123.6877,25.9241],[123.6877,25.9241],[123.6877,25.9241],[123.6877,25.9241],[123.6878,25.9241],[123.6878,25.9241],[123.6878,25.9241],[123.6878,25.9241]]]],[[[[123.6762,25.9242],[123.6762,25.9242],[123.6762,25.9242],[123.6761,25.9242],[123.6761,25.9242],[123.6761,25.9242],[123.6761,25.9242],[123.6761,25.9243],[123.6761,25.9243],[123.6761,25.9243],[123.6761,25.9243],[123.6762,25.9243],[123.6762,25.9244],[123.6762,25.9244],[123.6762,25.9244],[123.6762,25.9244],[123.6763,25.9243],[123.6764,25.9243],[123.6764,25.9242],[123.6764,25.9242],[123.6764,25.9242],[123.6764,25.9242],[123.6763,25.9242],[123.6762,25.9242]]]],[[[[124.5594,25.9244],[124.5594,25.9243],[124.5593,25.9243],[124.5593,25.9243],[124.5593,25.9243],[124.5592,25.9242],[124.5592,25.9242],[124.5591,25.9241],[124.5591,25.9241],[124.5591,25.9241],[124.5591,25.9241],[124.559,25.9241],[124.559,25.9241],[124.559,25.9241],[124.559,25.9242],[124.559,25.9242],[124.5591,25.9242],[124.5591,25.9242],[124.5591,25.9243],[124.5591,25.9243],[124.5591,25.9243],[124.5591,25.9243],[124.5591,25.9244],[124.5592,25.9244],[124.5592,25.9244],[124.5592,25.9244],[124.5592,25.9244],[124.5593,25.9244],[124.5593,25.9244],[124.5594,25.9244]]]],[[[[123.6762,25.9244],[123.6762,25.9244],[123.6762,25.9244],[123.6762,25.9244],[123.6761,25.9244],[123.6761,25.9244],[123.6761,25.9244],[123.6761,25.9244],[123.6761,25.9245],[123.6761,25.9245],[123.6761,25.9245],[123.6761,25.9245],[123.6761,25.9245],[123.6761,25.9245],[123.6761,25.9245],[123.6761,25.9245],[123.6762,25.9245],[123.6762,25.9245],[123.6762,25.9245],[123.6762,25.9245],[123.6762,25.9245],[123.6762,25.9245],[123.6762,25.9245],[123.6762,25.9245],[123.6762,25.9245],[123.6762,25.9244],[123.6762,25.9244],[123.6762,25.9244],[123.6762,25.9244],[123.6762,25.9244],[123.6762,25.9244],[123.6762,25.9244]]]],[[[[123.6873,25.9248],[123.6873,25.9248],[123.6873,25.9248],[123.6873,25.9248],[123.6873,25.9248],[123.6873,25.9248],[123.6873,25.9248],[123.6873,25.9248],[123.6873,25.9248],[123.6873,25.9248],[123.6873,25.9248],[123.6873,25.9249],[123.6873,25.9249],[123.6873,25.9249],[123.6873,25.9249],[123.6873,25.9249],[123.6873,25.9248],[123.6873,25.9248],[123.6873,25.9248],[123.6873,25.9248],[123.6873,25.9248],[123.6873,25.9248],[123.6873,25.9248],[123.6873,25.9248]]]],[[[[123.6874,25.9248],[123.6874,25.9248],[123.6874,25.9248],[123.6874,25.9248],[123.6874,25.9248],[123.6874,25.9248],[123.6874,25.9248],[123.6874,25.9248],[123.6874,25.9248],[123.6874,25.9248],[123.6874,25.9248],[123.6874,25.9249],[123.6874,25.9249],[123.6874,25.9249],[123.6874,25.9249],[123.6874,25.9249],[123.6874,25.9249],[123.6874,25.9249],[123.6874,25.9249],[123.6874,25.9248]]]],[[[[123.6872,25.9249],[123.6872,25.9249],[123.6872,25.9249],[123.6872,25.9249],[123.6872,25.9249],[123.6872,25.9249],[123.6872,25.9249],[123.6872,25.9249],[123.6872,25.9249],[123.6872,25.9249],[123.6872,25.9249],[123.6872,25.9249],[123.6872,25.9249],[123.6872,25.925],[123.6872,25.925],[123.6872,25.925],[123.6872,25.925],[123.6872,25.925],[123.6872,25.925],[123.6872,25.925],[123.6873,25.925],[123.6873,25.925],[123.6873,25.925],[123.6873,25.925],[123.6873,25.925],[123.6873,25.925],[123.6873,25.925],[123.6873,25.925],[123.6873,25.925],[123.6873,25.925],[123.6873,25.9249],[123.6873,25.9249],[123.6873,25.9249],[123.6873,25.9249],[123.6873,25.9249],[123.6873,25.9249],[123.6872,25.9249],[123.6872,25.9249],[123.6872,25.9249],[123.6872,25.9249]]]],[[[[123.6881,25.925],[123.6881,25.9249],[123.6881,25.9249],[123.6881,25.9249],[123.6881,25.9249],[123.6881,25.9249],[123.6881,25.9249],[123.6881,25.9249],[123.688,25.9249],[123.688,25.9249],[123.688,25.9249],[123.688,25.9249],[123.6879,25.925],[123.6879,25.925],[123.6879,25.925],[123.6878,25.925],[123.6878,25.925],[123.6878,25.925],[123.6878,25.925],[123.6878,25.925],[123.6878,25.925],[123.6878,25.925],[123.6878,25.925],[123.6878,25.925],[123.6878,25.925],[123.6879,25.925],[123.6879,25.9251],[123.6879,25.9251],[123.6879,25.9251],[123.688,25.9251],[123.688,25.9251],[123.688,25.925],[123.688,25.925],[123.6881,25.925],[123.6881,25.925],[123.6881,25.925],[123.6881,25.925],[123.6881,25.925]]]],[[[[123.6881,25.9252],[123.6881,25.9251],[123.6881,25.9251],[123.6881,25.9252],[123.688,25.9252],[123.688,25.9252],[123.688,25.9252],[123.688,25.9252],[123.688,25.9252],[123.6881,25.9252],[123.6881,25.9252],[123.6881,25.9252],[123.6881,25.9252],[123.6881,25.9252],[123.6881,25.9252],[123.6881,25.9252],[123.6881,25.9252],[123.6881,25.9252],[123.6881,25.9252],[123.6881,25.9252],[123.6881,25.9252],[123.6881,25.9252],[123.6881,25.9252],[123.6881,25.9252],[123.6881,25.9252],[123.6881,25.9252],[123.6881,25.9252],[123.6881,25.9252],[123.6881,25.9252],[123.6881,25.9252],[123.6881,25.9252],[123.6881,25.9252],[123.6881,25.9252],[123.6881,25.9252],[123.6881,25.9252]]]],[[[[123.6865,25.9254],[123.6865,25.9254],[123.6865,25.9254],[123.6865,25.9254],[123.6865,25.9254],[123.6865,25.9254],[123.6865,25.9254],[123.6865,25.9254],[123.6865,25.9254],[123.6865,25.9254],[123.6865,25.9254],[123.6865,25.9254],[123.6865,25.9254],[123.6865,25.9254],[123.6865,25.9254],[123.6865,25.9254],[123.6865,25.9254],[123.6865,25.9254],[123.6865,25.9254],[123.6865,25.9254],[123.6865,25.9254]]]],[[[[123.6769,25.9255],[123.6769,25.9255],[123.6769,25.9255],[123.6769,25.9255],[123.6769,25.9256],[123.6769,25.9256],[123.6769,25.9256],[123.6769,25.9256],[123.6769,25.9256],[123.677,25.9256],[123.677,25.9256],[123.677,25.9256],[123.677,25.9256],[123.677,25.9256],[123.677,25.9256],[123.6771,25.9256],[123.6771,25.9256],[123.6771,25.9256],[123.677,25.9256],[123.677,25.9256],[123.677,25.9256],[123.677,25.9256],[123.6769,25.9255]]]],[[[[123.686,25.9262],[123.686,25.9262],[123.686,25.9262],[123.686,25.9262],[123.686,25.9262],[123.686,25.9262],[123.686,25.9263],[123.686,25.9263],[123.686,25.9263],[123.686,25.9263],[123.686,25.9263],[123.686,25.9263],[123.686,25.9263],[123.686,25.9263],[123.686,25.9263],[123.686,25.9263],[123.686,25.9263],[123.686,25.9263],[123.686,25.9263],[123.6861,25.9263],[123.6861,25.9263],[123.6861,25.9263],[123.6861,25.9263],[123.6861,25.9262],[123.6861,25.9262],[123.6861,25.9262],[123.686,25.9262]]]],[[[[123.678,25.9271],[123.678,25.9271],[123.6779,25.9271],[123.6779,25.9271],[123.6779,25.9271],[123.6779,25.9271],[123.6779,25.9271],[123.6779,25.9271],[123.6779,25.9271],[123.6779,25.9271],[123.6779,25.9271],[123.6779,25.9271],[123.6779,25.9271],[123.6779,25.9271],[123.6779,25.9271],[123.6779,25.9271],[123.678,25.9271],[123.678,25.9271],[123.678,25.9271],[123.678,25.9271],[123.678,25.9271],[123.678,25.9271],[123.678,25.9271],[123.678,25.9271],[123.678,25.9271],[123.678,25.9271],[123.678,25.9271],[123.678,25.9271],[123.678,25.9271],[123.678,25.9271]]]],[[[[123.6787,25.9273],[123.6787,25.9273],[123.6787,25.9273],[123.6787,25.9273],[123.6787,25.9273],[123.6787,25.9273],[123.6787,25.9273],[123.6787,25.9273],[123.6787,25.9273],[123.6787,25.9273],[123.6787,25.9273],[123.6787,25.9273],[123.6787,25.9273],[123.6787,25.9273],[123.6787,25.9274],[123.6787,25.9274],[123.6787,25.9274],[123.6787,25.9274],[123.6787,25.9274],[123.6787,25.9274],[123.6787,25.9274],[123.6787,25.9274],[123.6787,25.9273],[123.6788,25.9273],[123.6788,25.9273],[123.6788,25.9273],[123.6788,25.9273],[123.6788,25.9273],[123.6787,25.9273],[123.6787,25.9273],[123.6787,25.9273],[123.6787,25.9273],[123.6787,25.9273],[123.6787,25.9273],[123.6787,25.9273]]]],[[[[123.685,25.9273],[123.6849,25.9273],[123.6849,25.9273],[123.6849,25.9273],[123.6849,25.9273],[123.6849,25.9273],[123.6849,25.9273],[123.6849,25.9273],[123.6849,25.9274],[123.6849,25.9274],[123.6849,25.9274],[123.6849,25.9274],[123.6849,25.9274],[123.6849,25.9274],[123.6849,25.9274],[123.6849,25.9274],[123.6849,25.9274],[123.685,25.9274],[123.685,25.9274],[123.685,25.9274],[123.685,25.9274],[123.685,25.9274],[123.685,25.9274],[123.685,25.9274],[123.685,25.9273],[123.685,25.9273],[123.685,25.9273],[123.685,25.9273],[123.685,25.9273],[123.685,25.9273],[123.685,25.9273]]]],[[[[123.6853,25.9274],[123.6853,25.9274],[123.6853,25.9274],[123.6853,25.9274],[123.6853,25.9274],[123.6853,25.9274],[123.6853,25.9274],[123.6853,25.9274],[123.6853,25.9274],[123.6853,25.9274],[123.6853,25.9274],[123.6853,25.9274],[123.6853,25.9274],[123.6853,25.9274],[123.6853,25.9274],[123.6853,25.9274],[123.6853,25.9274],[123.6853,25.9274],[123.6853,25.9274],[123.6853,25.9274],[123.6854,25.9274],[123.6854,25.9274],[123.6854,25.9274],[123.6854,25.9274],[123.6854,25.9274],[123.6854,25.9274],[123.6854,25.9274],[123.6854,25.9274],[123.6854,25.9274],[123.6854,25.9274],[123.6854,25.9274],[123.6854,25.9274],[123.6853,25.9274],[123.6853,25.9274]]]],[[[[123.6788,25.9275],[123.6788,25.9275],[123.6788,25.9275],[123.6787,25.9275],[123.6787,25.9275],[123.6787,25.9275],[123.6787,25.9275],[123.6787,25.9275],[123.6788,25.9275],[123.6788,25.9275],[123.6788,25.9275],[123.6788,25.9275],[123.6788,25.9275],[123.6788,25.9275],[123.6788,25.9275],[123.6788,25.9275],[123.6788,25.9275],[123.6788,25.9275],[123.6788,25.9275],[123.6788,25.9275],[123.6788,25.9275],[123.6788,25.9275]]]],[[[[123.6796,25.928],[123.6796,25.928],[123.6796,25.928],[123.6796,25.928],[123.6796,25.928],[123.6796,25.928],[123.6796,25.9281],[123.6796,25.9281],[123.6796,25.9281],[123.6796,25.9281],[123.6796,25.9281],[123.6796,25.9281],[123.6796,25.9281],[123.6796,25.9281],[123.6796,25.9281],[123.6796,25.9281],[123.6796,25.9281],[123.6796,25.9281],[123.6796,25.928],[123.6796,25.928],[123.6796,25.928],[123.6796,25.928]]]],[[[[123.679,25.9282],[123.679,25.9282],[123.679,25.9281],[123.6791,25.9281],[123.6791,25.928],[123.6791,25.928],[123.6791,25.9279],[123.6791,25.9279],[123.6791,25.9279],[123.6791,25.9279],[123.6791,25.9279],[123.6791,25.9278],[123.6791,25.9278],[123.6791,25.9278],[123.6791,25.9278],[123.6791,25.9278],[123.6791,25.9278],[123.6791,25.9278],[123.679,25.9279],[123.679,25.9279],[123.679,25.9279],[123.679,25.9279],[123.679,25.9279],[123.679,25.9279],[123.679,25.9279],[123.6789,25.928],[123.6789,25.928],[123.6789,25.9281],[123.6789,25.9281],[123.6789,25.9281],[123.6789,25.9281],[123.6789,25.9282],[123.6789,25.9282],[123.679,25.9282],[123.679,25.9282]]]],[[[[123.6838,25.9285],[123.6838,25.9285],[123.6838,25.9285],[123.6838,25.9285],[123.6838,25.9285],[123.6838,25.9285],[123.6838,25.9285],[123.6838,25.9285],[123.6838,25.9285],[123.6838,25.9285],[123.6838,25.9285],[123.6838,25.9285],[123.6838,25.9285],[123.6838,25.9285],[123.6838,25.9286],[123.6838,25.9286],[123.6838,25.9286],[123.6838,25.9286],[123.6838,25.9286],[123.6838,25.9286],[123.6838,25.9286],[123.6838,25.9285],[123.6838,25.9285],[123.6838,25.9285],[123.6838,25.9285],[123.6838,25.9285],[123.6838,25.9285],[123.6838,25.9285],[123.6838,25.9285],[123.6838,25.9285]]]],[[[[123.6808,25.9284],[123.6808,25.9284],[123.6808,25.9284],[123.6808,25.9284],[123.6807,25.9284],[123.6807,25.9285],[123.6807,25.9285],[123.6807,25.9285],[123.6807,25.9285],[123.6807,25.9285],[123.6807,25.9285],[123.6807,25.9285],[123.6807,25.9285],[123.6807,25.9285],[123.6807,25.9286],[123.6807,25.9286],[123.6807,25.9286],[123.6807,25.9286],[123.6807,25.9286],[123.6807,25.9286],[123.6807,25.9286],[123.6807,25.9285],[123.6807,25.9285],[123.6807,25.9285],[123.6808,25.9285],[123.6808,25.9285],[123.6808,25.9285],[123.6808,25.9285],[123.6808,25.9284],[123.6808,25.9284],[123.6808,25.9284]]]],[[[[123.6814,25.9287],[123.6813,25.9287],[123.6813,25.9287],[123.6813,25.9287],[123.6813,25.9287],[123.6813,25.9287],[123.6813,25.9287],[123.6813,25.9287],[123.6813,25.9287],[123.6813,25.9287],[123.6813,25.9287],[123.6813,25.9287],[123.6813,25.9288],[123.6813,25.9288],[123.6813,25.9288],[123.6813,25.9288],[123.6813,25.9288],[123.6813,25.9288],[123.6813,25.9288],[123.6813,25.9287],[123.6813,25.9287],[123.6814,25.9287],[123.6814,25.9287]]]],[[[[123.6824,25.9289],[123.6833,25.9286],[123.684,25.9281],[123.6845,25.9276],[123.6849,25.9268],[123.686,25.9257],[123.6869,25.9253],[123.6874,25.9247],[123.6878,25.9239],[123.6881,25.9234],[123.6882,25.9231],[123.6886,25.9223],[123.6881,25.9217],[123.6879,25.9209],[123.687,25.9204],[123.6862,25.9199],[123.6855,25.9197],[123.6845,25.9195],[123.6834,25.9195],[123.6828,25.9193],[123.6819,25.9193],[123.6812,25.9193],[123.6804,25.9197],[123.6797,25.9198],[123.679,25.9203],[123.6783,25.9208],[123.6779,25.9215],[123.6775,25.9223],[123.6767,25.923],[123.6761,25.9234],[123.6765,25.9243],[123.677,25.9253],[123.6774,25.926],[123.6781,25.9266],[123.6786,25.9272],[123.6792,25.9276],[123.6797,25.9283],[123.6802,25.9286],[123.6808,25.9284],[123.6817,25.9288],[123.6824,25.9289]]]],[[[[123.6827,25.9291],[123.6827,25.9291],[123.6827,25.9291],[123.6827,25.9291],[123.6827,25.9291],[123.6827,25.9291],[123.6827,25.9291],[123.6827,25.9291],[123.6827,25.9291],[123.6827,25.9291],[123.6827,25.9291],[123.6827,25.9291],[123.6827,25.9291],[123.6827,25.9291],[123.6827,25.9291],[123.6827,25.9291],[123.6827,25.9291],[123.6827,25.9291],[123.6828,25.9291],[123.6828,25.9291],[123.6828,25.9291],[123.6827,25.9291],[123.6827,25.9291],[123.6827,25.9291],[123.6827,25.9291],[123.6827,25.9291],[123.6827,25.9291],[123.6827,25.9291],[123.6827,25.9291]]]],[[[[121.7326,24.6214],[121.7473,24.6167],[121.7503,24.6113],[121.7553,24.6173],[121.7761,24.6116],[121.8,24.5957],[121.8138,24.5734],[121.8205,24.5528],[121.8396,24.5432],[121.8293,24.509],[121.8107,24.4692],[121.7937,24.4353],[121.7624,24.3139],[121.7154,24.3266],[121.6738,24.3413],[121.6479,24.357],[121.628,24.3694],[121.6322,24.3492],[121.6281,24.3387],[121.613,24.3356],[121.6009,24.3212],[121.5807,24.3178],[121.5367,24.3371],[121.498,24.3393],[121.448,24.3748],[121.4588,24.4259],[121.4963,24.4584],[121.5286,24.4607],[121.5661,24.4588],[121.5873,24.4618],[121.6209,24.4697],[121.6241,24.4855],[121.6405,24.5032],[121.658,24.5202],[121.6657,24.5474],[121.6786,24.5611],[121.715,24.5738],[121.7507,24.5713],[121.749,24.584],[121.7238,24.6081],[121.7326,24.6214]]]],[[[[121.7743,24.8565],[121.7761,24.8495],[121.7847,24.8417],[121.7917,24.8325],[121.7999,24.8266],[121.8148,24.8307],[121.8156,24.8215],[121.8166,24.8077],[121.8093,24.8003],[121.7959,24.7953],[121.7874,24.7848],[121.7772,24.7786],[121.7683,24.7721],[121.7639,24.7784],[121.759,24.7826],[121.751,24.7802],[121.7443,24.7779],[121.7328,24.784],[121.7345,24.7705],[121.7235,24.7756],[121.7066,24.7805],[121.684,24.7846],[121.6715,24.7846],[121.6596,24.7902],[121.6454,24.7946],[121.6249,24.7941],[121.6287,24.808],[121.6501,24.8128],[121.667,24.816],[121.6781,24.815],[121.688,24.8161],[121.6877,24.825],[121.6966,24.8329],[121.7047,24.8364],[121.715,24.8427],[121.7235,24.8505],[121.7333,24.8559],[121.7444,24.8528],[121.7562,24.8514],[121.7654,24.8519],[121.7743,24.8565]]]]]}},{"type":"Feature","properties":{"county":"花蓮縣","countyCode":"10015"},"geometry":{"type":"MultiPolygon","coordinates":[[[[[121.5147,23.7129],[121.5204,23.7071],[121.5196,23.6986],[121.5219,23.6901],[121.5219,23.6789],[121.5178,23.6692],[121.5138,23.6567],[121.5081,23.6468],[121.4953,23.6476],[121.4848,23.643],[121.4779,23.6333],[121.4736,23.6241],[121.4672,23.6157],[121.4609,23.6129],[121.4559,23.6098],[121.4476,23.6069],[121.4419,23.5983],[121.4312,23.5961],[121.4222,23.5879],[121.4119,23.5859],[121.3994,23.5871],[121.3771,23.5882],[121.3637,23.5967],[121.3592,23.6058],[121.3684,23.6163],[121.3694,23.6295],[121.3747,23.642],[121.3785,23.6513],[121.3804,23.6609],[121.3722,23.6718],[121.3731,23.6874],[121.3837,23.6851],[121.4044,23.6889],[121.4256,23.6853],[121.4534,23.6757],[121.4767,23.6885],[121.4891,23.7011],[121.4959,23.7057],[121.5024,23.7045],[121.5059,23.7097],[121.5147,23.7129]]]],[[[[121.3667,23.5938],[121.3966,23.5866],[121.4194,23.5882],[121.4261,23.5762],[121.4218,23.5606],[121.4286,23.5502],[121.4434,23.5478],[121.4556,23.5438],[121.4707,23.5431],[121.4864,23.5444],[121.4903,23.5358],[121.4863,23.5226],[121.4877,23.5114],[121.4872,23.4983],[121.4843,23.4837],[121.4721,23.4859],[121.4665,23.4698],[121.4612,23.454],[121.4442,23.4561],[121.4346,23.4702],[121.4325,23.4824],[121.416,23.4787],[121.4111,23.4958],[121.3874,23.4738],[121.3687,23.4483],[121.3561,23.4402],[121.3466,23.45],[121.3386,23.4586],[121.3256,23.4655],[121.3311,23.4798],[121.3384,23.4901],[121.3465,23.508],[121.3605,23.5263],[121.3688,23.5237],[121.3714,23.5369],[121.375,23.552],[121.364,23.5701],[121.3514,23.5766],[121.3571,23.5838],[121.3527,23.601],[121.3667,23.5938]]]],[[[[121.3353,23.292],[121.34,23.2816],[121.351,23.2812],[121.3592,23.2826],[121.376,23.2832],[121.3783,23.276],[121.3765,23.2695],[121.3713,23.2645],[121.3655,23.258],[121.359,23.2511],[121.36,23.243],[121.3533,23.2329],[121.3568,23.2236],[121.3477,23.2173],[121.344,23.2048],[121.3391,23.1926],[121.336,23.1819],[121.3268,23.1791],[121.322,23.17],[121.3203,23.16],[121.3249,23.1497],[121.3217,23.1393],[121.3218,23.1279],[121.3196,23.1137],[121.2955,23.1098],[121.2801,23.1031],[121.2694,23.102],[121.2673,23.114],[121.258,23.1255],[121.233,23.1369],[121.2146,23.1439],[121.2234,23.1574],[121.2309,23.1682],[121.2459,23.1895],[121.2538,23.2055],[121.2632,23.2151],[121.2757,23.252],[121.2885,23.2669],[121.3068,23.2779],[121.3256,23.2934],[121.3353,23.292]]]],[[[[121.5576,23.9983],[121.5731,23.9936],[121.5834,23.9901],[121.5861,23.9922],[121.5907,23.9899],[121.595,23.9887],[121.599,23.9854],[121.5894,23.9749],[121.5919,23.9709],[121.5987,23.9655],[121.6044,23.9636],[121.6092,23.9626],[121.6074,23.9579],[121.6069,23.9529],[121.6085,23.9488],[121.6091,23.946],[121.6072,23.9391],[121.6032,23.9298],[121.5998,23.9227],[121.5968,23.9174],[121.5936,23.9127],[121.5885,23.9101],[121.5839,23.9119],[121.578,23.9135],[121.5658,23.9176],[121.5574,23.9217],[121.5519,23.9247],[121.5459,23.926],[121.5361,23.9286],[121.5347,23.9311],[121.528,23.9371],[121.5189,23.946],[121.5194,23.9543],[121.528,23.9647],[121.5263,23.976],[121.5218,23.9869],[121.5351,23.9902],[121.5432,23.9905],[121.5551,23.9973],[121.5576,23.9983]]]],[[[[121.5144,23.948],[121.5348,23.9304],[121.5514,23.9252],[121.5695,23.9159],[121.5876,23.9105],[121.5979,23.9195],[121.6068,23.9383],[121.6116,23.9347],[121.6075,23.9203],[121.605,23.9055],[121.6049,23.8933],[121.6005,23.8693],[121.5841,23.8226],[121.5718,23.7636],[121.5633,23.7477],[121.556,23.7445],[121.5458,23.7417],[121.5376,23.7328],[121.5243,23.7318],[121.5195,23.7427],[121.5167,23.7513],[121.5151,23.7597],[121.5062,23.7644],[121.4978,23.7684],[121.5048,23.7802],[121.5194,23.7989],[121.5158,23.814],[121.4968,23.8078],[121.4685,23.8076],[121.4501,23.813],[121.4465,23.821],[121.4522,23.8329],[121.4498,23.846],[121.463,23.8583],[121.4751,23.8676],[121.4853,23.8784],[121.498,23.8858],[121.5016,23.8942],[121.5021,23.9224],[121.5079,23.9429],[121.5144,23.948]]]],[[[[121.6318,24.3694],[121.6519,24.3578],[121.6781,24.338],[121.725,24.3256],[121.7721,24.3071],[121.7257,24.2448],[121.6766,24.2084],[121.6645,24.1479],[121.6352,24.1393],[121.6087,24.0748],[121.5886,24.0394],[121.5773,24.019],[121.566,24.008],[121.5294,23.9747],[121.5011,23.9184],[121.4825,23.8776],[121.4497,23.8438],[121.4289,23.8288],[121.3878,23.8391],[121.3602,23.8669],[121.345,23.8973],[121.3235,23.9159],[121.2914,23.9246],[121.2751,23.9597],[121.2676,24.0032],[121.2849,24.0472],[121.3205,24.0822],[121.3047,24.1238],[121.2882,24.1657],[121.3273,24.1963],[121.3525,24.2435],[121.4019,24.2953],[121.4402,24.3553],[121.4968,24.3399],[121.5374,24.3367],[121.5828,24.3177],[121.6004,24.3241],[121.6164,24.3333],[121.6282,24.3343],[121.6269,24.3502],[121.6318,24.3694]]]],[[[[121.414,23.4955],[121.4246,23.4788],[121.4372,23.4719],[121.4436,23.4547],[121.4438,23.4383],[121.4292,23.4296],[121.4204,23.4208],[121.4156,23.4081],[121.4076,23.3955],[121.3999,23.3856],[121.4041,23.3712],[121.413,23.3639],[121.4226,23.3582],[121.4157,23.3487],[121.4062,23.3393],[121.3997,23.3243],[121.3903,23.3178],[121.3848,23.3086],[121.3772,23.2974],[121.3773,23.2861],[121.3602,23.2837],[121.3499,23.2807],[121.3413,23.2866],[121.3319,23.2989],[121.3092,23.276],[121.2858,23.2653],[121.2811,23.2755],[121.279,23.2982],[121.2829,23.3083],[121.2729,23.3299],[121.2989,23.3382],[121.3145,23.3603],[121.3054,23.3754],[121.3159,23.3938],[121.327,23.4107],[121.3369,23.4229],[121.3447,23.4333],[121.3505,23.443],[121.3664,23.4437],[121.3878,23.4741],[121.414,23.4955]]]],[[[[121.2421,23.6153],[121.2522,23.5757],[121.2636,23.5389],[121.3024,23.555],[121.3231,23.5382],[121.3276,23.5028],[121.3159,23.4915],[121.3236,23.4838],[121.3253,23.4671],[121.3447,23.453],[121.3436,23.4349],[121.3341,23.4239],[121.3236,23.4017],[121.3094,23.3767],[121.3182,23.3599],[121.2844,23.3331],[121.2808,23.3093],[121.2718,23.2959],[121.2811,23.2634],[121.264,23.2165],[121.2485,23.2001],[121.2256,23.1659],[121.2121,23.1442],[121.1993,23.175],[121.1654,23.2072],[121.1303,23.2216],[121.078,23.2341],[121.0608,23.2746],[121.0302,23.2976],[121.0385,23.331],[121.0077,23.3518],[121.0181,23.4001],[121.0171,23.4306],[121.0489,23.4509],[121.0474,23.4822],[121.0754,23.5173],[121.1303,23.518],[121.1482,23.552],[121.1648,23.5872],[121.1982,23.5978],[121.2421,23.6153]]]],[[[[121.5631,23.748],[121.5602,23.731],[121.5531,23.6989],[121.5426,23.6573],[121.5075,23.5364],[121.5039,23.5176],[121.5061,23.5053],[121.5062,23.4706],[121.4973,23.4424],[121.4806,23.4309],[121.4744,23.4394],[121.4624,23.4393],[121.4523,23.4418],[121.4484,23.4524],[121.4644,23.461],[121.4681,23.4808],[121.4804,23.4858],[121.4871,23.4952],[121.4873,23.5092],[121.4862,23.5218],[121.4904,23.5359],[121.4851,23.5445],[121.4684,23.5433],[121.4521,23.543],[121.4386,23.5478],[121.4278,23.5566],[121.4239,23.568],[121.4262,23.5869],[121.4422,23.5984],[121.455,23.6097],[121.4651,23.6134],[121.4757,23.6286],[121.4882,23.6459],[121.509,23.6478],[121.5178,23.6695],[121.5223,23.6873],[121.5208,23.7032],[121.5215,23.7189],[121.5359,23.7333],[121.551,23.7426],[121.5631,23.748]]]],[[[[121.6445,24.0031],[121.628,23.97],[121.6143,23.9702],[121.6106,23.9644],[121.6044,23.9636],[121.5985,23.9656],[121.591,23.9717],[121.592,23.9773],[121.5977,23.9872],[121.5938,23.9894],[121.5882,23.992],[121.5847,23.9915],[121.5794,23.9913],[121.5616,23.9972],[121.5589,24.0046],[121.5627,24.0074],[121.5669,24.0058],[121.5686,24.0062],[121.5701,24.0104],[121.5728,24.0074],[121.576,24.0121],[121.5778,24.0153],[121.5774,24.0176],[121.5792,24.019],[121.583,24.0163],[121.5868,24.0142],[121.5916,24.0137],[121.5944,24.0137],[121.6009,24.0137],[121.6078,24.0136],[121.6083,24.008],[121.6113,24.0055],[121.6117,24.0026],[121.6151,24.0026],[121.6164,24.0068],[121.6276,24.0215],[121.6338,24.0266],[121.6365,24.0239],[121.6475,24.0104],[121.6461,24.0051],[121.6445,24.0031]]]],[[[[121.6429,24.1331],[121.6543,24.1264],[121.6533,24.1196],[121.6465,24.1146],[121.6394,24.1108],[121.6315,24.1058],[121.6263,24.1002],[121.6228,24.0948],[121.6185,24.0863],[121.6167,24.0798],[121.6158,24.0728],[121.6159,24.0668],[121.6167,24.0606],[121.6187,24.0544],[121.6207,24.0487],[121.6235,24.0427],[121.6265,24.0367],[121.6303,24.0306],[121.6297,24.0242],[121.6163,24.0054],[121.6119,24.0027],[121.6096,24.0064],[121.6079,24.0136],[121.5968,24.0133],[121.5915,24.0138],[121.5843,24.0147],[121.5795,24.0195],[121.5839,24.0226],[121.5866,24.0288],[121.5886,24.0319],[121.5885,24.0383],[121.5836,24.0425],[121.5907,24.0486],[121.5973,24.0503],[121.6059,24.063],[121.609,24.0767],[121.6137,24.0933],[121.6083,24.1009],[121.64,24.1236],[121.6341,24.1373],[121.6429,24.1331]]]],[[[[121.5266,23.8162],[121.5198,23.7897],[121.4993,23.7777],[121.4985,23.7676],[121.5061,23.7645],[121.5136,23.7609],[121.5167,23.7555],[121.5195,23.7478],[121.5209,23.7366],[121.5268,23.7301],[121.5237,23.7204],[121.5174,23.7122],[121.5062,23.7098],[121.5034,23.7045],[121.4973,23.7063],[121.4915,23.702],[121.484,23.6992],[121.463,23.6763],[121.4392,23.6805],[121.4158,23.6875],[121.4055,23.6936],[121.4138,23.7109],[121.4112,23.7144],[121.4287,23.7246],[121.4359,23.7258],[121.4197,23.7351],[121.4132,23.7422],[121.4218,23.7483],[121.4233,23.7623],[121.437,23.7681],[121.4531,23.7616],[121.4526,23.7719],[121.4487,23.7759],[121.4463,23.7818],[121.4462,23.7919],[121.446,23.8083],[121.458,23.8091],[121.4827,23.807],[121.5004,23.8085],[121.5176,23.8148],[121.5266,23.8162]]]],[[[[121.2843,23.9233],[121.3156,23.9184],[121.3319,23.9062],[121.3501,23.8862],[121.3656,23.8591],[121.3939,23.8387],[121.4286,23.829],[121.448,23.7909],[121.4524,23.7708],[121.4236,23.7594],[121.4227,23.734],[121.4108,23.7142],[121.3874,23.6865],[121.378,23.665],[121.3718,23.6397],[121.3579,23.6055],[121.3592,23.5791],[121.364,23.5701],[121.3744,23.5402],[121.3676,23.5221],[121.3458,23.5109],[121.3328,23.4856],[121.3216,23.4664],[121.3236,23.4859],[121.3161,23.4921],[121.3277,23.5017],[121.3231,23.5357],[121.3093,23.5597],[121.2732,23.5418],[121.2517,23.5628],[121.244,23.5993],[121.2188,23.6005],[121.2274,23.6445],[121.2405,23.6975],[121.2295,23.7336],[121.2122,23.7593],[121.2305,23.7901],[121.2374,23.8274],[121.2575,23.8705],[121.2625,23.9005],[121.2843,23.9233]]]]]}},{"type":"Feature","properties":{"county":"金門縣","countyCode":"09020"},"geometry":{"type":"MultiPolygon","coordinates":[[[[[119.4741,24.986],[119.4743,24.9857],[119.4751,24.9858],[119.4762,24.986],[119.4775,24.9864],[119.4782,24.9863],[119.4789,24.9859],[119.4792,24.9849],[119.479,24.9839],[119.4776,24.9809],[119.4762,24.9794],[119.4736,24.9776],[119.4728,24.9776],[119.4716,24.9782],[119.4701,24.9784],[119.4666,24.9795],[119.466,24.98],[119.4654,24.9814],[119.4656,24.9824],[119.4661,24.9829],[119.4667,24.9832],[119.4672,24.9837],[119.4678,24.9844],[119.4702,24.986],[119.4708,24.9864],[119.4717,24.9869],[119.4723,24.987],[119.4727,24.9872],[119.4731,24.9871],[119.4737,24.9865],[119.4741,24.986]]]],[[[[119.4583,24.9895],[119.4584,24.9873],[119.4578,24.986],[119.4569,24.9852],[119.4563,24.9853],[119.4555,24.9855],[119.4546,24.9859],[119.4538,24.9866],[119.4525,24.9872],[119.4512,24.9876],[119.4504,24.9876],[119.4493,24.9875],[119.4486,24.9874],[119.4477,24.9875],[119.4473,24.9877],[119.4467,24.9884],[119.4465,24.9893],[119.4464,24.9903],[119.4463,24.9915],[119.446,24.9925],[119.4454,24.9936],[119.4444,24.9948],[119.4438,24.9956],[119.4433,24.9967],[119.4432,24.9977],[119.4434,24.9987],[119.444,24.9993],[119.4448,24.9996],[119.4458,24.9993],[119.4466,24.9987],[119.4475,24.9981],[119.4505,24.9974],[119.4528,24.9961],[119.4551,24.9953],[119.4558,24.995],[119.4568,24.994],[119.458,24.9924],[119.4584,24.9907],[119.4583,24.9895]]]],[[[[118.2338,24.1628],[118.2341,24.1627],[118.2344,24.1627],[118.2347,24.1628],[118.2351,24.1626],[118.235,24.1622],[118.2349,24.162],[118.2349,24.1616],[118.2349,24.1611],[118.2348,24.1606],[118.2346,24.1603],[118.2337,24.1605],[118.2332,24.1604],[118.2324,24.1608],[118.2325,24.1613],[118.2325,24.1619],[118.2329,24.1621],[118.2328,24.1627],[118.2329,24.1632],[118.2333,24.1633],[118.2333,24.1633],[118.2335,24.163],[118.2338,24.1628]]]],[[[[118.1383,24.3744],[118.1383,24.3744],[118.1382,24.3745],[118.1382,24.3745],[118.1382,24.3745],[118.138,24.3746],[118.138,24.3746],[118.138,24.3746],[118.138,24.3746],[118.138,24.3747],[118.138,24.3747],[118.138,24.3747],[118.1382,24.3748],[118.1382,24.375],[118.1383,24.3751],[118.1383,24.3751],[118.1388,24.375],[118.1388,24.375],[118.1389,24.3748],[118.1389,24.3748],[118.1389,24.3748],[118.1389,24.3747],[118.1389,24.3747],[118.1389,24.3747],[118.1389,24.3747],[118.1389,24.3747],[118.1389,24.3746],[118.1387,24.3746],[118.1383,24.3744]]]],[[[[118.142,24.3783],[118.1422,24.3784],[118.1423,24.3784],[118.1423,24.3784],[118.1424,24.3784],[118.1425,24.3784],[118.1425,24.3783],[118.1427,24.3782],[118.1428,24.378],[118.1427,24.3777],[118.1426,24.3776],[118.1421,24.3775],[118.1418,24.3775],[118.1416,24.3778],[118.1415,24.3779],[118.1416,24.3784],[118.1416,24.3785],[118.1416,24.3785],[118.1417,24.3787],[118.1418,24.3787],[118.142,24.3787],[118.142,24.3787],[118.1421,24.3786],[118.1421,24.3785],[118.142,24.3785],[118.142,24.3785],[118.142,24.3785],[118.142,24.3784],[118.142,24.3784],[118.142,24.3783]]]],[[[[118.1456,24.3789],[118.1458,24.3786],[118.1457,24.3777],[118.1454,24.3776],[118.1448,24.3774],[118.1448,24.3772],[118.1452,24.3765],[118.1451,24.3759],[118.1447,24.3755],[118.1448,24.3757],[118.1444,24.3762],[118.1444,24.3766],[118.1445,24.377],[118.1443,24.3775],[118.1441,24.3777],[118.1438,24.3782],[118.1437,24.3785],[118.144,24.3787],[118.1446,24.3786],[118.145,24.3789],[118.1456,24.3789]]]],[[[[118.1604,24.3786],[118.1597,24.3781],[118.1583,24.3781],[118.1572,24.378],[118.1569,24.3772],[118.1554,24.3781],[118.155,24.3783],[118.155,24.3786],[118.1546,24.3792],[118.1538,24.3798],[118.153,24.3802],[118.1526,24.3809],[118.1521,24.3815],[118.1514,24.3823],[118.1516,24.3827],[118.1525,24.3833],[118.1535,24.3837],[118.1543,24.3837],[118.155,24.3833],[118.1557,24.3829],[118.1572,24.3827],[118.1583,24.3822],[118.1594,24.3821],[118.1608,24.3818],[118.1614,24.3816],[118.1629,24.3815],[118.1633,24.3813],[118.1629,24.3808],[118.1625,24.3803],[118.1618,24.3797],[118.1611,24.3791],[118.1604,24.3786]]]],[[[[118.1626,24.3949],[118.1633,24.3948],[118.1642,24.3952],[118.1642,24.3944],[118.1636,24.3938],[118.1641,24.3926],[118.1645,24.3915],[118.165,24.3906],[118.1652,24.3901],[118.1665,24.3896],[118.1674,24.39],[118.1695,24.3901],[118.171,24.3896],[118.1714,24.3887],[118.1719,24.3876],[118.1726,24.3882],[118.1733,24.3872],[118.1728,24.3863],[118.1716,24.3855],[118.1711,24.385],[118.17,24.3845],[118.169,24.3842],[118.1667,24.3857],[118.1663,24.3865],[118.1658,24.3868],[118.1648,24.387],[118.1638,24.3869],[118.1626,24.387],[118.1618,24.3873],[118.162,24.3877],[118.162,24.3891],[118.1618,24.39],[118.161,24.3915],[118.1602,24.392],[118.1594,24.3925],[118.1592,24.3932],[118.1593,24.3942],[118.1598,24.3949],[118.161,24.3956],[118.162,24.3953],[118.1626,24.3949]]]],[[[[118.1943,24.3972],[118.1938,24.3967],[118.194,24.3967],[118.1942,24.3965],[118.1942,24.3965],[118.1941,24.3962],[118.1943,24.3962],[118.1945,24.3962],[118.1947,24.3962],[118.1951,24.3958],[118.1947,24.3954],[118.1939,24.3953],[118.1938,24.3953],[118.1934,24.396],[118.1934,24.396],[118.1935,24.3961],[118.1935,24.3962],[118.1932,24.3963],[118.1929,24.3964],[118.1923,24.3963],[118.192,24.3963],[118.1918,24.3965],[118.1915,24.397],[118.1915,24.3973],[118.1916,24.3974],[118.1917,24.3975],[118.1931,24.3981],[118.194,24.3981],[118.1944,24.3976],[118.1943,24.3972]]]],[[[[118.2299,24.4046],[118.2305,24.4046],[118.2306,24.4044],[118.2306,24.4041],[118.2309,24.4038],[118.2311,24.4037],[118.2313,24.4035],[118.2316,24.4034],[118.2316,24.4031],[118.231,24.4029],[118.2308,24.403],[118.2305,24.4029],[118.2301,24.4028],[118.2292,24.4028],[118.2289,24.403],[118.2286,24.4034],[118.2284,24.4038],[118.2284,24.4041],[118.2284,24.4043],[118.2286,24.4045],[118.2292,24.4044],[118.2294,24.4046],[118.2299,24.4046]]]],[[[[118.1987,24.4365],[118.1984,24.4364],[118.1983,24.4364],[118.1982,24.4365],[118.1983,24.4365],[118.1983,24.4366],[118.1984,24.4366],[118.1984,24.4367],[118.1985,24.4367],[118.1984,24.4367],[118.1984,24.4368],[118.1982,24.4369],[118.198,24.437],[118.198,24.437],[118.1979,24.4371],[118.1979,24.4371],[118.198,24.4372],[118.1984,24.4374],[118.1986,24.4375],[118.1987,24.4376],[118.199,24.4376],[118.1992,24.4375],[118.1995,24.4374],[118.1996,24.4372],[118.1996,24.4372],[118.1996,24.4372],[118.1994,24.4368],[118.1991,24.4365],[118.1987,24.4365]]]],[[[[118.2129,24.4519],[118.2128,24.4518],[118.2125,24.4517],[118.2123,24.4516],[118.212,24.4515],[118.2119,24.4515],[118.2117,24.4514],[118.2116,24.4514],[118.2116,24.4514],[118.2115,24.4514],[118.2115,24.4514],[118.2114,24.4514],[118.2114,24.4515],[118.2113,24.4515],[118.2112,24.4515],[118.2112,24.4516],[118.2111,24.4516],[118.2111,24.4516],[118.211,24.4515],[118.211,24.4515],[118.2109,24.4515],[118.2109,24.4516],[118.2109,24.4516],[118.211,24.4516],[118.2111,24.4517],[118.2117,24.4519],[118.2118,24.4519],[118.2121,24.4519],[118.2123,24.452],[118.2125,24.452],[118.2126,24.452],[118.2126,24.452],[118.2127,24.4521],[118.2127,24.452],[118.2129,24.452],[118.2129,24.4519]]]],[[[[118.2103,24.4536],[118.2105,24.4533],[118.2106,24.4532],[118.2105,24.4531],[118.2104,24.4531],[118.2102,24.4531],[118.2101,24.453],[118.2099,24.453],[118.2098,24.453],[118.2097,24.453],[118.2097,24.4529],[118.2095,24.4526],[118.2094,24.4526],[118.2093,24.4527],[118.2092,24.4529],[118.2091,24.4529],[118.2092,24.4528],[118.2091,24.4527],[118.209,24.4527],[118.2089,24.4529],[118.2091,24.453],[118.2092,24.4533],[118.2091,24.4534],[118.2089,24.4534],[118.2088,24.4534],[118.209,24.4536],[118.2093,24.4536],[118.2094,24.4537],[118.2093,24.4538],[118.2093,24.4538],[118.2093,24.4539],[118.2095,24.4541],[118.2097,24.4543],[118.21,24.4544],[118.2103,24.4544],[118.2105,24.4542],[118.2106,24.454],[118.2105,24.4539],[118.2104,24.4538],[118.2104,24.4537],[118.2103,24.4536]]]],[[[[118.2271,24.4555],[118.2269,24.4555],[118.2268,24.4555],[118.2264,24.4556],[118.2261,24.4556],[118.226,24.4557],[118.226,24.4557],[118.2259,24.4557],[118.2259,24.4558],[118.2259,24.4558],[118.2261,24.4559],[118.2262,24.456],[118.2262,24.456],[118.2263,24.456],[118.2263,24.456],[118.2263,24.456],[118.2267,24.456],[118.2271,24.456],[118.2272,24.456],[118.2273,24.456],[118.2274,24.4559],[118.2274,24.4559],[118.2275,24.4559],[118.2275,24.4559],[118.2276,24.4558],[118.2276,24.4558],[118.2276,24.4558],[118.2276,24.4558],[118.2276,24.4557],[118.2276,24.4557],[118.2275,24.4555],[118.2275,24.4555],[118.2271,24.4555],[118.2271,24.4555]]]],[[[[118.2489,24.4564],[118.2685,24.4427],[118.2663,24.4281],[118.2629,24.4241],[118.2629,24.4235],[118.2631,24.4226],[118.2627,24.4223],[118.2615,24.4225],[118.2605,24.4226],[118.2602,24.4237],[118.2589,24.423],[118.2575,24.4253],[118.2557,24.425],[118.2474,24.4158],[118.246,24.4143],[118.2448,24.4137],[118.2432,24.4126],[118.2419,24.4114],[118.2411,24.4119],[118.2414,24.4127],[118.2415,24.4137],[118.2397,24.4148],[118.2356,24.4143],[118.2324,24.4128],[118.2264,24.4059],[118.2245,24.4055],[118.2231,24.4083],[118.2161,24.4096],[118.2153,24.4093],[118.2145,24.4097],[118.2135,24.4098],[118.2134,24.4103],[118.2123,24.4111],[118.2119,24.4128],[118.2133,24.4119],[118.2153,24.4123],[118.2164,24.4182],[118.2238,24.4366],[118.237,24.4546],[118.2489,24.4564]]]],[[[[118.2322,24.4576],[118.2321,24.4576],[118.2321,24.4576],[118.2319,24.4576],[118.2319,24.4577],[118.2318,24.4577],[118.2318,24.4577],[118.2318,24.4577],[118.2319,24.4578],[118.2319,24.4578],[118.232,24.4578],[118.232,24.4578],[118.232,24.4578],[118.2321,24.4578],[118.2322,24.4578],[118.2322,24.4578],[118.2323,24.4577],[118.2323,24.4577],[118.2323,24.4577],[118.2322,24.4576]]]],[[[[118.2777,24.4538],[118.2777,24.4534],[118.2772,24.4528],[118.2768,24.4524],[118.2764,24.4523],[118.276,24.4526],[118.2754,24.4526],[118.2747,24.4525],[118.2736,24.4528],[118.2734,24.4528],[118.273,24.4533],[118.2724,24.4534],[118.2717,24.4533],[118.2709,24.4531],[118.2705,24.4528],[118.2698,24.4526],[118.2688,24.4525],[118.2689,24.4528],[118.2691,24.454],[118.2692,24.4542],[118.2698,24.455],[118.2701,24.4556],[118.2706,24.4561],[118.2711,24.457],[118.2712,24.4574],[118.2721,24.458],[118.2727,24.458],[118.2736,24.4575],[118.2742,24.457],[118.2748,24.4567],[118.2751,24.4562],[118.2761,24.4554],[118.2765,24.455],[118.2772,24.4544],[118.2777,24.4538]]]],[[[[118.242,24.46],[118.242,24.46],[118.242,24.46],[118.242,24.46],[118.242,24.4601],[118.242,24.4601],[118.242,24.4602],[118.242,24.4602],[118.242,24.4602],[118.242,24.4603],[118.242,24.4603],[118.242,24.4603],[118.242,24.4603],[118.242,24.4603],[118.2421,24.4603],[118.2423,24.4603],[118.2424,24.4603],[118.2424,24.4603],[118.2424,24.4603],[118.2424,24.4603],[118.2424,24.4602],[118.2424,24.4602],[118.2424,24.4602],[118.2422,24.4601],[118.2422,24.4601],[118.2422,24.4601],[118.2422,24.4601],[118.242,24.46]]]],[[[[118.3972,24.5221],[118.3972,24.5219],[118.3972,24.5219],[118.3972,24.5219],[118.397,24.5219],[118.397,24.5219],[118.397,24.5219],[118.397,24.5219],[118.397,24.5219],[118.397,24.5219],[118.397,24.522],[118.397,24.522],[118.397,24.522],[118.397,24.522],[118.3971,24.522],[118.3971,24.522],[118.3971,24.5221],[118.3971,24.5221],[118.3971,24.5221],[118.3972,24.522],[118.3972,24.5221],[118.3972,24.5221],[118.3972,24.5221],[118.3972,24.5221],[118.3972,24.5221]]]],[[[[118.3974,24.5227],[118.3971,24.5223],[118.3969,24.5223],[118.3967,24.5224],[118.3963,24.5227],[118.3962,24.5228],[118.3962,24.5228],[118.3962,24.5229],[118.3964,24.5233],[118.3965,24.5234],[118.3965,24.5234],[118.3965,24.5234],[118.3966,24.5234],[118.3966,24.5234],[118.3967,24.5234],[118.3969,24.5232],[118.3971,24.5231],[118.3973,24.523],[118.3974,24.523],[118.3974,24.5229],[118.3974,24.5228],[118.3974,24.5228],[118.3974,24.5228],[118.3974,24.5227]]]],[[[[118.3967,24.5241],[118.3966,24.5241],[118.3966,24.5241],[118.3964,24.5243],[118.3964,24.5243],[118.3963,24.5246],[118.3963,24.5246],[118.3966,24.5248],[118.3968,24.5249],[118.3968,24.5249],[118.3968,24.5249],[118.397,24.5247],[118.397,24.5247],[118.397,24.5247],[118.397,24.5245],[118.397,24.5244],[118.3968,24.5243],[118.3968,24.5242],[118.3967,24.5241],[118.3967,24.5241]]]],[[[[118.4391,24.5247],[118.439,24.5242],[118.439,24.5239],[118.4393,24.5238],[118.4392,24.5236],[118.439,24.5236],[118.4391,24.5235],[118.4388,24.5234],[118.4387,24.5234],[118.4383,24.5234],[118.4376,24.523],[118.4367,24.5226],[118.4362,24.5223],[118.436,24.5221],[118.4357,24.522],[118.4355,24.5221],[118.4353,24.5222],[118.4352,24.5222],[118.435,24.5222],[118.4347,24.5223],[118.4348,24.5226],[118.4348,24.5228],[118.435,24.523],[118.4356,24.5234],[118.4366,24.5241],[118.4373,24.5243],[118.4378,24.5245],[118.4382,24.5247],[118.4386,24.5249],[118.4388,24.5251],[118.4389,24.5252],[118.439,24.5252],[118.439,24.5251],[118.4391,24.5251],[118.4391,24.5247]]]],[[[[118.4113,24.5321],[118.4132,24.5296],[118.4295,24.5253],[118.4501,24.5035],[118.4619,24.4843],[118.4654,24.4784],[118.4651,24.4775],[118.4646,24.4769],[118.4644,24.4765],[118.4632,24.475],[118.468,24.4563],[118.4637,24.4528],[118.4579,24.4479],[118.4474,24.4532],[118.4373,24.4642],[118.4309,24.4708],[118.4279,24.4705],[118.4259,24.4697],[118.4252,24.4685],[118.4244,24.4683],[118.4225,24.467],[118.4213,24.4654],[118.4191,24.4643],[118.4177,24.4631],[118.4154,24.463],[118.4139,24.4623],[118.4113,24.4607],[118.4097,24.4594],[118.4084,24.4593],[118.4065,24.4594],[118.3961,24.4537],[118.3925,24.4589],[118.3855,24.46],[118.3812,24.4633],[118.3768,24.4691],[118.3742,24.474],[118.3743,24.4811],[118.3845,24.5088],[118.3994,24.5286],[118.4113,24.5321]]]],[[[[118.4382,24.4071],[118.4382,24.4071],[118.4382,24.407],[118.4382,24.407],[118.4382,24.407],[118.4382,24.407],[118.4381,24.4071],[118.4381,24.4071],[118.438,24.4071],[118.438,24.4071],[118.438,24.4071],[118.438,24.4072],[118.438,24.4072],[118.438,24.4072],[118.438,24.4073],[118.438,24.4073],[118.4381,24.4073],[118.4381,24.4073],[118.4382,24.4072],[118.4382,24.4072],[118.4383,24.4072],[118.4383,24.4072],[118.4382,24.4071],[118.4382,24.4071]]]],[[[[118.4385,24.4075],[118.4385,24.4075],[118.4385,24.4075],[118.4385,24.4075],[118.4385,24.4075],[118.4384,24.4075],[118.4384,24.4074],[118.4384,24.4074],[118.4384,24.4074],[118.4384,24.4074],[118.4383,24.4074],[118.4383,24.4074],[118.4383,24.4074],[118.4383,24.4074],[118.4383,24.4074],[118.4383,24.4075],[118.4383,24.4075],[118.4382,24.4076],[118.4382,24.4077],[118.4381,24.4077],[118.4381,24.4078],[118.4382,24.4079],[118.4382,24.4078],[118.4382,24.4078],[118.4383,24.4078],[118.4384,24.4077],[118.4385,24.4077],[118.4385,24.4076],[118.4385,24.4076],[118.4386,24.4076],[118.4386,24.4075],[118.4386,24.4075],[118.4385,24.4075]]]],[[[[118.4393,24.4084],[118.4393,24.4084],[118.4394,24.4084],[118.4394,24.4084],[118.4394,24.4083],[118.4394,24.4083],[118.4394,24.4082],[118.4393,24.4082],[118.4393,24.4082],[118.4393,24.4081],[118.4392,24.4081],[118.4391,24.4081],[118.439,24.4082],[118.439,24.4082],[118.439,24.4083],[118.439,24.4083],[118.4391,24.4083],[118.4391,24.4083],[118.4392,24.4083],[118.4392,24.4084],[118.4393,24.4084]]]],[[[[118.4388,24.4084],[118.4389,24.4084],[118.4389,24.4084],[118.4389,24.4084],[118.4389,24.4084],[118.4389,24.4083],[118.4389,24.4083],[118.4389,24.4083],[118.4389,24.4083],[118.4388,24.4083],[118.4387,24.4083],[118.4387,24.4083],[118.4386,24.4083],[118.4386,24.4083],[118.4386,24.4084],[118.4385,24.4084],[118.4385,24.4084],[118.4385,24.4085],[118.4385,24.4085],[118.4386,24.4085],[118.4386,24.4085],[118.4386,24.4086],[118.4387,24.4086],[118.4387,24.4086],[118.4387,24.4086],[118.4387,24.4085],[118.4387,24.4085],[118.4388,24.4085],[118.4388,24.4085],[118.4388,24.4084]]]],[[[[118.439,24.4086],[118.4389,24.4086],[118.4389,24.4086],[118.4389,24.4086],[118.4389,24.4087],[118.4388,24.4087],[118.4388,24.4087],[118.4388,24.4087],[118.4388,24.4087],[118.4388,24.4087],[118.4388,24.4087],[118.4388,24.4087],[118.4388,24.4087],[118.4389,24.4087],[118.4389,24.4087],[118.4389,24.4087],[118.439,24.4087],[118.439,24.4087],[118.439,24.4087],[118.439,24.4087],[118.439,24.4087],[118.439,24.4087],[118.439,24.4086]]]],[[[[118.4381,24.4087],[118.4381,24.4087],[118.4381,24.4087],[118.438,24.4087],[118.438,24.4087],[118.438,24.4086],[118.438,24.4086],[118.4379,24.4086],[118.4379,24.4086],[118.4379,24.4087],[118.4379,24.4087],[118.4379,24.4087],[118.4379,24.4087],[118.4379,24.4087],[118.4378,24.4087],[118.4378,24.4087],[118.4378,24.4088],[118.4378,24.4088],[118.4378,24.4088],[118.4378,24.4088],[118.4379,24.4088],[118.4379,24.4088],[118.4379,24.4088],[118.4379,24.4088],[118.438,24.4088],[118.438,24.4088],[118.438,24.4088],[118.438,24.4088],[118.4381,24.4088],[118.4381,24.4088],[118.4381,24.4087],[118.4381,24.4087],[118.4382,24.4087],[118.4382,24.4087],[118.4382,24.4087],[118.4382,24.4087],[118.4381,24.4087],[118.4381,24.4087],[118.4381,24.4087]]]],[[[[118.4377,24.409],[118.4377,24.409],[118.4377,24.4089],[118.4377,24.4089],[118.4376,24.4089],[118.4376,24.4089],[118.4376,24.4089],[118.4376,24.4089],[118.4375,24.4089],[118.4375,24.4088],[118.4375,24.4088],[118.4375,24.4088],[118.4374,24.4089],[118.4374,24.4089],[118.4374,24.4089],[118.4374,24.409],[118.4374,24.409],[118.4375,24.409],[118.4375,24.409],[118.4375,24.4091],[118.4376,24.4091],[118.4376,24.4091],[118.4377,24.4091],[118.4377,24.4091],[118.4377,24.409],[118.4377,24.409],[118.4377,24.409]]]],[[[[118.4392,24.4096],[118.4393,24.4095],[118.4392,24.4095],[118.4392,24.4095],[118.4391,24.4095],[118.439,24.4095],[118.439,24.4096],[118.439,24.4096],[118.439,24.4096],[118.439,24.4096],[118.439,24.4097],[118.439,24.4097],[118.439,24.4097],[118.439,24.4097],[118.4391,24.4097],[118.4391,24.4097],[118.4391,24.4097],[118.4392,24.4097],[118.4392,24.4097],[118.4392,24.4097],[118.4393,24.4097],[118.4393,24.4097],[118.4392,24.4096]]]],[[[[118.44,24.4096],[118.4399,24.4095],[118.44,24.4095],[118.44,24.4095],[118.4401,24.4094],[118.4401,24.4093],[118.44,24.4092],[118.44,24.4092],[118.4399,24.4092],[118.4397,24.4091],[118.4396,24.4092],[118.4395,24.4093],[118.4394,24.4095],[118.4393,24.4096],[118.4393,24.4096],[118.4394,24.4097],[118.4395,24.4097],[118.4395,24.4097],[118.4395,24.4096],[118.4395,24.4095],[118.4396,24.4095],[118.4397,24.4095],[118.4398,24.4096],[118.4399,24.4096],[118.4399,24.4096],[118.4398,24.4097],[118.4399,24.4097],[118.44,24.4098],[118.4401,24.4098],[118.4401,24.4097],[118.4402,24.4097],[118.4401,24.4097],[118.4401,24.4096],[118.44,24.4096]]]],[[[[118.4402,24.4106],[118.4402,24.4106],[118.4403,24.4106],[118.4403,24.4105],[118.4403,24.4105],[118.4403,24.4105],[118.4403,24.4105],[118.4402,24.4105],[118.4402,24.4105],[118.4402,24.4105],[118.4402,24.4105],[118.4401,24.4104],[118.4401,24.4105],[118.4401,24.4105],[118.4401,24.4105],[118.4401,24.4105],[118.4401,24.4105],[118.44,24.4105],[118.44,24.4105],[118.44,24.4106],[118.44,24.4106],[118.44,24.4106],[118.44,24.4106],[118.44,24.4106],[118.44,24.4106],[118.44,24.4106],[118.44,24.4106],[118.44,24.4106],[118.44,24.4106],[118.44,24.4106],[118.44,24.4107],[118.4401,24.4107],[118.4401,24.4107],[118.4401,24.4107],[118.4402,24.4106],[118.4402,24.4106],[118.4402,24.4106],[118.4402,24.4106]]]],[[[[118.4471,24.4122],[118.447,24.4122],[118.447,24.4122],[118.447,24.4122],[118.4469,24.4122],[118.4469,24.4122],[118.4469,24.4122],[118.4469,24.4122],[118.4469,24.4123],[118.4469,24.4123],[118.4469,24.4123],[118.4469,24.4123],[118.4469,24.4124],[118.447,24.4124],[118.447,24.4124],[118.447,24.4124],[118.447,24.4125],[118.447,24.4125],[118.447,24.4125],[118.4471,24.4125],[118.4471,24.4125],[118.4471,24.4125],[118.4472,24.4125],[118.4472,24.4125],[118.4472,24.4124],[118.4472,24.4123],[118.4472,24.4123],[118.4472,24.4122],[118.4472,24.4122],[118.4472,24.4122],[118.4472,24.4122],[118.4471,24.4122],[118.4471,24.4122]]]],[[[[118.4469,24.4132],[118.447,24.4132],[118.447,24.4132],[118.4471,24.4131],[118.4471,24.4131],[118.4472,24.413],[118.4471,24.413],[118.447,24.413],[118.447,24.413],[118.447,24.413],[118.447,24.4129],[118.4469,24.4129],[118.4469,24.4129],[118.4469,24.4129],[118.4469,24.413],[118.4468,24.413],[118.4468,24.413],[118.4468,24.4131],[118.4468,24.4131],[118.4468,24.4132],[118.4469,24.4132]]]],[[[[118.448,24.4135],[118.448,24.4135],[118.4479,24.4135],[118.4479,24.4135],[118.4478,24.4135],[118.4478,24.4135],[118.4477,24.4135],[118.4477,24.4135],[118.4477,24.4136],[118.4477,24.4137],[118.4477,24.4137],[118.4478,24.4137],[118.4479,24.4137],[118.4479,24.4137],[118.448,24.4137],[118.448,24.4137],[118.4481,24.4137],[118.4481,24.4136],[118.4481,24.4136],[118.4481,24.4135],[118.4481,24.4135],[118.448,24.4135],[118.448,24.4135],[118.448,24.4135]]]],[[[[118.4576,24.4143],[118.4578,24.4142],[118.4581,24.4143],[118.4585,24.4143],[118.4587,24.4141],[118.4591,24.4137],[118.4593,24.4134],[118.4593,24.4127],[118.4588,24.4126],[118.4583,24.4127],[118.458,24.4126],[118.4574,24.4125],[118.4574,24.4127],[118.4574,24.4129],[118.4574,24.4134],[118.4571,24.413],[118.4569,24.4128],[118.4567,24.4128],[118.4562,24.4128],[118.4561,24.4129],[118.4561,24.4131],[118.4562,24.4133],[118.4561,24.4134],[118.456,24.4135],[118.4561,24.4136],[118.4562,24.4138],[118.4563,24.4139],[118.4561,24.4141],[118.4561,24.4142],[118.4563,24.4143],[118.4564,24.4144],[118.4565,24.4143],[118.4566,24.4144],[118.4569,24.4146],[118.4574,24.4145],[118.4576,24.4143]]]],[[[[118.4578,24.4154],[118.4578,24.4154],[118.4577,24.4154],[118.4577,24.4154],[118.4576,24.4154],[118.4575,24.4154],[118.4575,24.4155],[118.4574,24.4156],[118.4574,24.4157],[118.4574,24.4157],[118.4574,24.4157],[118.4575,24.4158],[118.4576,24.4158],[118.4576,24.4159],[118.4576,24.4159],[118.4577,24.4159],[118.4578,24.4159],[118.4578,24.4159],[118.4579,24.416],[118.4579,24.416],[118.458,24.4161],[118.458,24.4161],[118.458,24.4162],[118.4581,24.4162],[118.4581,24.4163],[118.4582,24.4163],[118.4583,24.4163],[118.4584,24.4163],[118.4584,24.4162],[118.4585,24.4162],[118.4585,24.4161],[118.4585,24.416],[118.4585,24.416],[118.4583,24.4158],[118.4582,24.4156],[118.4582,24.4155],[118.458,24.4154],[118.4579,24.4154],[118.4578,24.4154]]]],[[[[118.4601,24.4158],[118.46,24.4158],[118.4597,24.4157],[118.4597,24.4157],[118.4595,24.4157],[118.4594,24.4157],[118.4594,24.4156],[118.4592,24.4155],[118.459,24.4155],[118.4589,24.4156],[118.459,24.4158],[118.459,24.416],[118.4591,24.4161],[118.4591,24.4162],[118.4592,24.4166],[118.4599,24.4171],[118.46,24.417],[118.4604,24.4168],[118.4606,24.4168],[118.4606,24.4167],[118.4605,24.4166],[118.4604,24.4164],[118.4604,24.4162],[118.4604,24.4161],[118.4603,24.4159],[118.4602,24.4159],[118.4601,24.4158]]]],[[[[118.5056,24.4282],[118.5057,24.4277],[118.506,24.4273],[118.5058,24.4269],[118.5057,24.4267],[118.5053,24.4265],[118.5049,24.4265],[118.5043,24.4264],[118.5039,24.4263],[118.5038,24.4265],[118.5037,24.4271],[118.5037,24.4275],[118.5038,24.4277],[118.5037,24.4282],[118.5043,24.4281],[118.5049,24.4283],[118.5056,24.4282]]]],[[[[118.3829,24.4614],[118.4057,24.4594],[118.4115,24.4609],[118.4184,24.4636],[118.4239,24.4678],[118.4277,24.4705],[118.4497,24.4512],[118.4703,24.4552],[118.4724,24.4421],[118.47,24.4401],[118.4691,24.4402],[118.4657,24.4419],[118.4612,24.4383],[118.4653,24.4292],[118.4628,24.427],[118.4607,24.4246],[118.458,24.426],[118.4547,24.4172],[118.4497,24.4159],[118.4472,24.4139],[118.4467,24.4127],[118.4449,24.4124],[118.443,24.4108],[118.4399,24.4109],[118.4334,24.4075],[118.4309,24.4077],[118.4304,24.4071],[118.4284,24.407],[118.427,24.4074],[118.4303,24.4124],[118.4131,24.428],[118.408,24.432],[118.403,24.4344],[118.3947,24.4358],[118.3873,24.4349],[118.3794,24.4335],[118.3618,24.427],[118.3627,24.44],[118.3671,24.4568],[118.373,24.4767],[118.3829,24.4614]]]],[[[[118.3407,24.4745],[118.3659,24.4712],[118.3678,24.4606],[118.3674,24.4578],[118.3654,24.4539],[118.3614,24.4491],[118.3609,24.444],[118.3628,24.4397],[118.3613,24.4368],[118.3605,24.4323],[118.3603,24.4271],[118.3551,24.4236],[118.3499,24.4197],[118.3483,24.4184],[118.3404,24.4146],[118.3386,24.4159],[118.3372,24.4169],[118.3345,24.4189],[118.3255,24.4213],[118.3251,24.4258],[118.3281,24.4262],[118.3287,24.4328],[118.3245,24.4325],[118.3237,24.4362],[118.3264,24.4401],[118.3251,24.4435],[118.3219,24.4433],[118.3205,24.4413],[118.3165,24.4393],[118.3161,24.4399],[118.3128,24.4388],[118.3094,24.4375],[118.3075,24.4381],[118.3057,24.4391],[118.3039,24.4406],[118.296,24.4549],[118.2908,24.4686],[118.2862,24.4748],[118.3182,24.4932],[118.3407,24.4745]]]],[[[[118.3394,24.3905],[118.3395,24.3905],[118.3395,24.3905],[118.3395,24.3905],[118.3396,24.3905],[118.3396,24.3904],[118.3397,24.3903],[118.3398,24.3901],[118.3397,24.3899],[118.3396,24.3899],[118.3395,24.3898],[118.3395,24.3898],[118.3396,24.3897],[118.3395,24.3896],[118.3394,24.3896],[118.3393,24.3895],[118.3392,24.3894],[118.3392,24.3893],[118.3391,24.3893],[118.339,24.3893],[118.3389,24.3893],[118.3389,24.3894],[118.339,24.3896],[118.3389,24.3898],[118.339,24.3899],[118.339,24.39],[118.3391,24.3899],[118.3391,24.39],[118.3391,24.39],[118.3391,24.3901],[118.3391,24.3903],[118.3392,24.3904],[118.3393,24.3904],[118.3393,24.3904],[118.3394,24.3905]]]],[[[[118.346,24.408],[118.346,24.408],[118.346,24.408],[118.3455,24.4082],[118.3455,24.4082],[118.3455,24.4082],[118.3454,24.4083],[118.3454,24.4084],[118.3454,24.4084],[118.3454,24.4084],[118.3454,24.4085],[118.3454,24.4085],[118.3454,24.4085],[118.3455,24.4086],[118.3456,24.4089],[118.3456,24.4089],[118.3456,24.4089],[118.3457,24.409],[118.3459,24.4089],[118.3459,24.4089],[118.3461,24.4089],[118.3462,24.4088],[118.3463,24.4088],[118.3463,24.4088],[118.3463,24.4087],[118.3464,24.4087],[118.3463,24.4085],[118.3462,24.4081],[118.3461,24.4081],[118.346,24.408]]]],[[[[118.3465,24.4088],[118.3465,24.4088],[118.3465,24.4088],[118.3464,24.4089],[118.3463,24.409],[118.3463,24.409],[118.3465,24.4091],[118.3465,24.4091],[118.3466,24.4091],[118.3466,24.4091],[118.3466,24.4091],[118.3467,24.4091],[118.3467,24.409],[118.3467,24.409],[118.3467,24.409],[118.3465,24.4088]]]],[[[[118.3251,24.4435],[118.3239,24.436],[118.3293,24.4328],[118.3253,24.4237],[118.3364,24.4176],[118.3396,24.4152],[118.3387,24.4045],[118.3308,24.3886],[118.3295,24.3879],[118.3283,24.3879],[118.3276,24.387],[118.3266,24.3875],[118.3229,24.3858],[118.321,24.3857],[118.3198,24.3866],[118.3162,24.3887],[118.3139,24.3898],[118.3118,24.3901],[118.3091,24.3904],[118.3077,24.3922],[118.3059,24.3947],[118.3035,24.3961],[118.297,24.3957],[118.2965,24.3974],[118.2931,24.4008],[118.291,24.4028],[118.2904,24.4045],[118.2882,24.4058],[118.2852,24.4076],[118.2832,24.4093],[118.2803,24.4111],[118.2795,24.4121],[118.278,24.4129],[118.2782,24.4144],[118.2796,24.4149],[118.303,24.4385],[118.3065,24.4387],[118.3125,24.4376],[118.3163,24.4395],[118.3214,24.4429],[118.3251,24.4435]]]]]}},{"type":"Feature","properties":{"county":"南投縣","countyCode":"10008"},"geometry":{"type":"MultiPolygon","coordinates":[[[[[120.702,23.9606],[120.7121,23.9542],[120.7232,23.9516],[120.7301,23.9521],[120.7329,23.941],[120.733,23.9291],[120.7217,23.9238],[120.7128,23.9211],[120.7183,23.915],[120.7141,23.903199999999998],[120.7218,23.8911],[120.7236,23.8799],[120.7142,23.8901],[120.7,23.8866],[120.6808,23.8808],[120.6637,23.8823],[120.648,23.8862],[120.6396,23.889],[120.6314,23.8889],[120.634,23.8918],[120.6337,23.8968],[120.634,23.9016],[120.6322,23.9054],[120.631,23.9086],[120.6326,23.9109],[120.6334,23.9152],[120.6349,23.9201],[120.6369,23.925],[120.6312,23.9288],[120.6327,23.9346],[120.6346,23.9392],[120.6347,23.9437],[120.6308,23.953],[120.6293,23.9553],[120.6343,23.954],[120.6428,23.9589],[120.6614,23.9513],[120.6736,23.9489],[120.6857,23.9604],[120.6976,23.9631],[120.702,23.9606]]]],[[[[120.9422,24.0532],[120.9626,24.0402],[120.9769,24.0327],[121.0037,24.0099],[121.0505,23.9996],[121.0623,23.9754],[121.0506,23.9559],[121.0276,23.9555],[121.004,23.9666],[121.0018,23.9574],[121.0081,23.9464],[120.9992,23.9328],[121.0078,23.9271],[121.0077,23.9099],[120.998,23.9244],[120.9846,23.9206],[120.9853,23.9124],[120.98779999999999,23.9013],[120.984,23.9075],[120.9718,23.9168],[120.9665,23.928],[120.9552,23.9297],[120.9411,23.9317],[120.9298,23.9241],[120.9177,23.9276],[120.9048,23.926],[120.8925,23.9321],[120.884,23.9258],[120.879,23.9384],[120.8802,23.9539],[120.8859,23.9655],[120.8993,23.9719],[120.904,23.9911],[120.8997,24.0111],[120.8916,24.0218],[120.9019,24.0297],[120.9031,24.0394],[120.9129,24.0422],[120.9215,24.0481],[120.9324,24.0473],[120.9422,24.0532]]]],[[[[120.7804,24.0195],[120.7941,24.0158],[120.8001,24.0129],[120.8064,24.0085],[120.8083,24.0025],[120.8152,24.0005],[120.8252,23.9949],[120.8351,23.9824],[120.8329,23.9705],[120.8255,23.9692],[120.8196,23.9694],[120.8128,23.9696],[120.808,23.9707],[120.803,23.9638],[120.7953,23.9599],[120.7892,23.9592],[120.7819,23.9585],[120.7767,23.9556],[120.7727,23.9609],[120.7695,23.9648],[120.7651,23.9677],[120.7604,23.9643],[120.7529,23.9611],[120.7468,23.9549],[120.7385,23.9484],[120.7259,23.9546],[120.7122,23.9542],[120.7005,23.9652],[120.6869,23.9612],[120.6724,23.9469],[120.6482,23.9609],[120.6502,23.984],[120.6365,23.9995],[120.643,24.0086],[120.6667,24.0073],[120.6746,24.0105],[120.7471,23.999],[120.7539,24.0026],[120.7579,24.0061],[120.771,24.0121],[120.7804,24.0195]]]],[[[[120.7439,23.8268],[120.7624,23.8121],[120.7581,23.797],[120.7416,23.7862],[120.7224,23.7786],[120.7291,23.7611],[120.7399,23.7462],[120.7311,23.7394],[120.7354,23.7235],[120.7366,23.7092],[120.739,23.6915],[120.7657,23.6736],[120.7843,23.6551],[120.8145,23.631],[120.8194,23.6084],[120.7772,23.6029],[120.7481,23.6115],[120.7299,23.6188],[120.7152,23.6292],[120.6949,23.6203],[120.6652,23.6109],[120.6528,23.6216],[120.6449,23.6307],[120.6345,23.6195],[120.6289,23.6305],[120.6353,23.6439],[120.6362,23.6538],[120.6402,23.6623],[120.6469,23.6726],[120.6481,23.6825],[120.646,23.6939],[120.6434,23.7049],[120.6403,23.7143],[120.6397,23.7262],[120.6458,23.736],[120.6545,23.74],[120.6519,23.7646],[120.6446,23.7868],[120.6722,23.7977],[120.7091,23.8221],[120.7439,23.8268]]]],[[[[120.7414,23.8595],[120.749,23.8584],[120.7564,23.8548],[120.7617,23.8495],[120.767,23.8486],[120.7727,23.8454],[120.7785,23.8486],[120.7802,23.8511],[120.7876,23.8517],[120.7948,23.852],[120.8,23.8512],[120.8065,23.8509],[120.8134,23.8513],[120.82,23.8548],[120.8262,23.8538],[120.8318,23.8561],[120.838,23.8548],[120.8421,23.8548],[120.8426,23.849],[120.8439,23.844],[120.8476,23.8422],[120.8459,23.8393],[120.8422,23.8393],[120.8363,23.8388],[120.8322,23.8347],[120.8298,23.8299],[120.8292,23.8242],[120.824,23.821],[120.8166,23.8201],[120.8074,23.8161],[120.7978,23.8156],[120.7873,23.817],[120.7764,23.8178],[120.7683,23.8156],[120.7561,23.8206],[120.7334,23.8312],[120.7322,23.8399],[120.7266,23.8464],[120.7302,23.8513],[120.7365,23.8565],[120.7414,23.8595]]]],[[[[120.7148,23.8902],[120.7246,23.8786],[120.7313,23.8698],[120.7368,23.8597],[120.732,23.8515],[120.7266,23.8462],[120.7311,23.8376],[120.7029,23.814],[120.6824,23.8061],[120.678,23.8172],[120.6663,23.8164],[120.6552,23.8128],[120.6443,23.8178],[120.6377,23.822],[120.6391,23.8253],[120.6377,23.8287],[120.638,23.8317],[120.6296,23.832],[120.6245,23.8318],[120.6311,23.8346],[120.6287,23.8371],[120.6286,23.8387],[120.6235,23.8394],[120.6191,23.840699999999998],[120.616,23.8411],[120.6197,23.8442],[120.6225,23.8481],[120.6237,23.8502],[120.6264,23.855],[120.6256,23.8586],[120.6229,23.8624],[120.62,23.8682],[120.6245,23.8715],[120.6269,23.8814],[120.6347,23.889],[120.6415,23.8884],[120.6504,23.886],[120.6669,23.8831],[120.6832,23.8804],[120.7012,23.8879],[120.7148,23.8902]]]],[[[[120.7833,23.8178],[120.7959,23.8159],[120.8071,23.816],[120.8126,23.8133],[120.8133,23.8062],[120.8129,23.7951],[120.8145,23.7862],[120.8161,23.7755],[120.823,23.7698],[120.8314,23.7637],[120.834,23.7574],[120.8343,23.7528],[120.8302,23.7406],[120.8298,23.722],[120.8379,23.7096],[120.8299,23.6989],[120.8196,23.6883],[120.8083,23.67],[120.7999,23.6493],[120.7746,23.6585],[120.7684,23.6727],[120.7571,23.6807],[120.7387,23.693],[120.7321,23.7021],[120.7345,23.7129],[120.7353,23.7207],[120.7333,23.7288],[120.732,23.7397],[120.7323,23.7426],[120.7405,23.7477],[120.734,23.7565],[120.7223,23.7647],[120.7202,23.7762],[120.7314,23.7818],[120.7416,23.7862],[120.7514,23.7898],[120.7601,23.7988],[120.7583,23.8068],[120.7634,23.8156],[120.7741,23.8172],[120.7833,23.8178]]]],[[[[120.8113,23.9707],[120.8191,23.9696],[120.8274,23.9691],[120.8367,23.9678],[120.8367,23.958],[120.8287,23.954],[120.8296,23.9427],[120.8359,23.9363],[120.8431,23.9299],[120.8434,23.9204],[120.8465,23.9108],[120.8474,23.9044],[120.8518,23.8958],[120.853,23.8861],[120.8481,23.8783],[120.8485,23.8656],[120.8448,23.8578],[120.8353,23.8564],[120.8222,23.8537],[120.8074,23.851],[120.7948,23.852],[120.7788,23.8508],[120.7705,23.8468],[120.7588,23.8526],[120.743,23.8585],[120.7313,23.8702],[120.7175,23.8937],[120.7201,23.914],[120.714,23.9215],[120.7349,23.9304],[120.7384,23.9483],[120.7491,23.9554],[120.7585,23.9642],[120.7643,23.9679],[120.7703,23.9645],[120.7745,23.9582],[120.7805,23.9595],[120.7896,23.9593],[120.7988,23.9608],[120.8056,23.9687],[120.8113,23.9707]]]],[[[[120.9447,23.9332],[120.9539,23.9317],[120.9602,23.9304],[120.9659,23.9283],[120.9675,23.9212],[120.9749,23.9142],[120.9807,23.9092],[120.984,23.9019],[120.9902,23.8862],[120.9927,23.8516],[120.9575,23.846],[120.949,23.8518],[120.9429,23.8448],[120.938,23.8385],[120.9322,23.8293],[120.9198,23.8273],[120.9127,23.8206],[120.9042,23.8127],[120.8901,23.8101],[120.8786,23.8131],[120.8698,23.8164],[120.8719,23.8262],[120.8775,23.836],[120.8821,23.8435],[120.871,23.8513],[120.8712,23.8647],[120.8776,23.8783],[120.8723,23.8865],[120.8699,23.8956],[120.8662,23.9065],[120.877,23.9183],[120.8842,23.9257],[120.8903,23.9284],[120.8938,23.9327],[120.9013,23.9276],[120.9108,23.9236],[120.9174,23.9276],[120.9243,23.9248],[120.9321,23.9254],[120.9378,23.9306],[120.9447,23.9332]]]],[[[[120.9525,24.1123],[120.9449,24.0812],[120.9502,24.0629],[120.9372,24.0447],[120.9275,24.0478],[120.9155,24.0459],[120.9064,24.0407],[120.902,24.0339],[120.8974,24.0258],[120.8946,24.0122],[120.9073,24.0026],[120.9046,23.9711],[120.8906,23.969],[120.8827,23.9579],[120.8787,23.9435],[120.8793,23.9257],[120.8633,23.9047],[120.8518,23.8957],[120.8443,23.9056],[120.8435,23.9168],[120.8428,23.9304],[120.8313,23.937],[120.8274,23.9524],[120.8368,23.9589],[120.8349,23.9712],[120.8253,23.9949],[120.8094,24.0017],[120.8027,24.0104],[120.7903,24.0159],[120.7847,24.0249],[120.792,24.0358],[120.8031,24.0519],[120.8072,24.0632],[120.8211,24.0697],[120.832,24.0976],[120.8348,24.1134],[120.8551,24.1231],[120.8741,24.1138],[120.879,24.0855],[120.8985,24.1156],[120.9525,24.1123]]]],[[[[120.869,23.8959],[120.8731,23.8862],[120.8738,23.8738],[120.8698,23.8581],[120.8786,23.8456],[120.8783,23.8367],[120.8712,23.8255],[120.8721,23.8142],[120.8826,23.8121],[120.8992,23.8139],[120.9111,23.8197],[120.9209,23.8273],[120.9326,23.827],[120.9331,23.8094],[120.9343,23.7883],[120.903,23.7854],[120.8892,23.786],[120.8737,23.7818],[120.8814,23.7665],[120.88,23.7506],[120.8853,23.7231],[120.8584,23.7212],[120.8295,23.7236],[120.8336,23.7517],[120.8329,23.7622],[120.8186,23.771],[120.8137,23.7892],[120.8143,23.8073],[120.8157,23.8197],[120.8291,23.824],[120.8323,23.8351],[120.8431,23.839],[120.847,23.8427],[120.8412,23.8508],[120.8471,23.858],[120.8491,23.8673],[120.8472,23.8791],[120.853,23.8867],[120.8561,23.8953],[120.8664,23.9064],[120.869,23.8959]]]],[[[[121.1586,23.8627],[121.2088,23.8445],[121.2348,23.8179],[121.2252,23.7832],[121.2158,23.7572],[121.2298,23.7329],[121.2396,23.6996],[121.2308,23.6527],[121.2161,23.608],[121.1826,23.5919],[121.1554,23.587],[121.1503,23.5471],[121.1321,23.5153],[121.0897,23.5144],[121.0537,23.495],[121.051,23.4648],[121.0336,23.4449],[121.0133,23.4489],[120.9458,23.4677],[120.8664,23.4724],[120.8203,23.5215],[120.8214,23.568],[120.8139,23.6011],[120.8143,23.6322],[120.8084,23.6743],[120.8323,23.7059],[120.8683,23.724],[120.8827,23.7388],[120.8833,23.7645],[120.8738,23.7838],[120.8958,23.7863],[120.9126,23.793],[120.9343,23.8079],[120.9332,23.8293],[120.9393,23.8435],[120.9491,23.8527],[120.9918,23.8393],[121.029,23.818],[121.0967,23.8159],[121.1334,23.8401],[121.1586,23.8627]]]],[[[[121.2709,24.2366],[121.2875,24.2297],[121.3241,24.2329],[121.3195,24.1904],[121.2812,24.1544],[121.3281,24.1115],[121.3012,24.0647],[121.2764,24.0225],[121.2691,23.9752],[121.2745,23.9268],[121.2655,23.8831],[121.2393,23.8385],[121.2129,23.8411],[121.1521,23.8585],[121.1099,23.821],[121.0194,23.8204],[120.9817,23.8795],[120.9832,23.9083],[120.9823,23.9185],[120.998,23.9244],[121.0089,23.9092],[121.0008,23.9277],[121.0108,23.9399],[121.0025,23.9572],[121.0062,23.9648],[121.0413,23.9435],[121.0556,23.9692],[121.0527,24.0024],[121.0039,24.0196],[120.9717,24.0308],[120.9509,24.0478],[120.9385,24.0703],[120.9444,24.0978],[120.983,24.1191],[121.0059,24.1393],[121.0373,24.1568],[121.0674,24.1658],[121.1037,24.1959],[121.1639,24.2196],[121.2278,24.2252],[121.2709,24.2366]]]]]}},{"type":"Feature","properties":{"county":"屏東縣","countyCode":"10013"},"geometry":{"type":"MultiPolygon","coordinates":[[[[[120.5485,22.4607],[120.5561,22.4614],[120.5621,22.4617],[120.5668,22.4603],[120.5727,22.4605],[120.5764,22.4575],[120.5737,22.4526],[120.5729,22.4486],[120.571,22.4457],[120.5708,22.4409],[120.5691,22.4363],[120.5675,22.4305],[120.5706,22.4233],[120.5743,22.4177],[120.5747,22.4137],[120.5682,22.4113],[120.5634,22.4101],[120.5656,22.4068],[120.5658,22.4022],[120.5637,22.3991],[120.5606,22.401],[120.5567,22.4016],[120.5538,22.4009],[120.5517,22.3978],[120.5491,22.3972],[120.5458,22.3977],[120.5432,22.3973],[120.5179,22.4111],[120.5124,22.4172],[120.5161,22.4211],[120.5205,22.4245],[120.5252,22.4308],[120.5256,22.438],[120.5262,22.4439],[120.5255,22.4485],[120.5303,22.4497],[120.5348,22.4517],[120.5384,22.4585],[120.5414,22.463],[120.5467,22.4611],[120.5485,22.4607]]]],[[[[120.5389,22.6373],[120.5382,22.6303],[120.5373,22.6249],[120.5364,22.6184],[120.5371,22.6132],[120.5356,22.6044],[120.5448,22.6044],[120.5531,22.6062],[120.554,22.5989],[120.5555,22.592],[120.557,22.5863],[120.5564,22.58],[120.5514,22.5723],[120.5451,22.5694],[120.5397,22.5644],[120.5342,22.564],[120.5291,22.5646],[120.5207,22.5591],[120.5199,22.5533],[120.5159,22.5567],[120.5104,22.5564],[120.5101,22.5506],[120.5076,22.5444],[120.5021,22.5458],[120.5057,22.551],[120.4965,22.5632],[120.4991,22.5723],[120.5038,22.5731],[120.5076,22.5777],[120.5136,22.5827],[120.5197,22.5908],[120.522,22.5974],[120.5159,22.6046],[120.51,22.6125],[120.5094,22.6214],[120.5173,22.624],[120.5247,22.6274],[120.5282,22.6337],[120.5308,22.6374],[120.5347,22.6418],[120.5389,22.6373]]]],[[[[120.4803,22.6287],[120.4809,22.6207],[120.486,22.6208],[120.4922,22.623],[120.4979,22.619],[120.5054,22.6212],[120.5083,22.623],[120.5078,22.6149],[120.5128,22.6068],[120.5186,22.6009],[120.5231,22.5954],[120.5178,22.5884],[120.513,22.5827],[120.508,22.5778],[120.5047,22.5732],[120.5003,22.5723],[120.4962,22.5706],[120.5016,22.5585],[120.5059,22.5496],[120.502,22.5452],[120.5011,22.539],[120.4959,22.5366],[120.4916,22.5292],[120.4855,22.5259],[120.4789,22.5303],[120.4757,22.5327],[120.4731,22.5351],[120.4791,22.5561],[120.4669,22.5601],[120.4573,22.5593],[120.4422,22.5607],[120.447,22.5878],[120.4375,22.6073],[120.437,22.6291],[120.4432,22.6287],[120.4512,22.629],[120.4589,22.6301],[120.4663,22.6273],[120.4718,22.6267],[120.4771,22.63],[120.4803,22.6287]]]],[[[[120.5017,22.7119],[120.5094,22.7135],[120.5158,22.7101],[120.5242,22.7059],[120.5285,22.6994],[120.5231,22.6935],[120.5174,22.693],[120.5114,22.69],[120.5109,22.6833],[120.5106,22.6765],[120.5104,22.6715],[120.5091,22.6667],[120.5138,22.6628],[120.5207,22.6618],[120.5195,22.6591],[120.5169,22.6561],[120.5173,22.6499],[120.5122,22.6456],[120.5089,22.6404],[120.5073,22.6328],[120.5068,22.627],[120.5039,22.6194],[120.4927,22.6216],[120.4859,22.6208],[120.4811,22.6226],[120.4749,22.6296],[120.4691,22.627],[120.4598,22.629],[120.4503,22.6288],[120.441,22.628],[120.436,22.6458],[120.4398,22.6723],[120.4505,22.6898],[120.4596,22.6898],[120.4649,22.6927],[120.4691,22.6983],[120.4732,22.703],[120.4804,22.7067],[120.4884,22.7072],[120.4962,22.7122],[120.5017,22.7119]]]],[[[[120.5515,22.5647],[120.5557,22.5608],[120.5609,22.5585],[120.5646,22.5549],[120.5702,22.5537],[120.5724,22.5575],[120.5768,22.5586],[120.5816,22.56],[120.5861,22.5593],[120.5885,22.5539],[120.5892,22.5499],[120.5924,22.5457],[120.6035,22.5352],[120.6044,22.525],[120.5966,22.5197],[120.5818,22.5153],[120.5655,22.5111],[120.5536,22.5091],[120.5449,22.5109],[120.5365,22.5088],[120.5297,22.5041],[120.5294,22.5109],[120.5257,22.5136],[120.5235,22.5185],[120.5259,22.5235],[120.5236,22.5297],[120.5206,22.5372],[120.5217,22.5417],[120.5228,22.5469],[120.5161,22.5457],[120.5086,22.5467],[120.5093,22.5529],[120.5128,22.5578],[120.5167,22.5526],[120.5189,22.5569],[120.5257,22.5615],[120.5317,22.5646],[120.5376,22.5635],[120.5424,22.5642],[120.5477,22.5652],[120.5515,22.5647]]]],[[[[120.5477,22.7214],[120.5547,22.72],[120.563,22.7208],[120.5714,22.7204],[120.5787,22.7208],[120.5863,22.7203],[120.5895,22.7163],[120.6008,22.715],[120.6115,22.7182],[120.609,22.7109],[120.6078,22.7023],[120.5992,22.6958],[120.5934,22.6907],[120.5872,22.6859],[120.5801,22.6806],[120.5721,22.6729],[120.5644,22.6664],[120.5564,22.664],[120.5518,22.6668],[120.5455,22.6677],[120.543,22.6698],[120.5378,22.6691],[120.5326,22.6685],[120.5285,22.6671],[120.5245,22.6651],[120.5243,22.6607],[120.5203,22.6626],[120.5125,22.6629],[120.5093,22.6675],[120.5111,22.6718],[120.5106,22.6771],[120.5112,22.684],[120.5115,22.6905],[120.5176,22.6927],[120.5235,22.694],[120.5285,22.6997],[120.5238,22.7061],[120.5234,22.7147],[120.5322,22.7196],[120.5408,22.7225],[120.5477,22.7214]]]],[[[[120.5417,22.6708],[120.5439,22.6696],[120.5457,22.6682],[120.5483,22.6671],[120.5527,22.6669],[120.5559,22.6656],[120.5589,22.6659],[120.5576,22.6606],[120.5522,22.6556],[120.5463,22.6508],[120.5431,22.6457],[120.5359,22.6406],[120.5333,22.6395],[120.5301,22.6369],[120.5284,22.6344],[120.5274,22.6306],[120.5231,22.6269],[120.5177,22.6245],[120.5124,22.6221],[120.5079,22.6213],[120.5068,22.6268],[120.5088,22.6303],[120.5088,22.6346],[120.5086,22.6395],[120.5112,22.6401],[120.5124,22.6458],[120.5166,22.6481],[120.5166,22.6512],[120.5165,22.6551],[120.5167,22.6578],[120.5199,22.6592],[120.5227,22.6597],[120.5246,22.6613],[120.524,22.6641],[120.5256,22.6664],[120.5286,22.6671],[120.5317,22.6668],[120.5337,22.6693],[120.5371,22.6688],[120.5406,22.6705],[120.5417,22.6708]]]],[[[[120.4547,22.7718],[120.4633,22.7697],[120.4649,22.7621],[120.4688,22.7557],[120.4746,22.7581],[120.4834,22.7588],[120.4931,22.7644],[120.5015,22.7652],[120.5099,22.7654],[120.5145,22.7678],[120.5133,22.7615],[120.5121,22.7546],[120.5115,22.7476],[120.5124,22.7416],[120.5105,22.7341],[120.505,22.7301],[120.5097,22.728],[120.5166,22.7308],[120.5226,22.7327],[120.5287,22.7286],[120.5351,22.7253],[120.5402,22.7232],[120.5334,22.7198],[120.5238,22.7168],[120.5211,22.7073],[120.514,22.7118],[120.507,22.7136],[120.5008,22.7137],[120.4944,22.7102],[120.4861,22.7071],[120.4793,22.7068],[120.4726,22.7023],[120.4691,22.6982],[120.4655,22.693],[120.4607,22.6894],[120.4523,22.6897],[120.4523,22.703],[120.456,22.7289],[120.4547,22.7448],[120.454,22.7585],[120.4547,22.7718]]]],[[[[120.5624,22.8283],[120.5626,22.8223],[120.5588,22.8178],[120.5561,22.8125],[120.5554,22.807],[120.5472,22.7998],[120.5491,22.7939],[120.55029999999999,22.7882],[120.5527,22.7837],[120.5508,22.7789],[120.5474,22.7754],[120.5441,22.7679],[120.5377,22.7683],[120.5308,22.769],[120.5223,22.7697],[120.5168,22.7656],[120.5136,22.7614],[120.5144,22.7664],[120.5121,22.7663],[120.5083,22.7667],[120.4988,22.7649],[120.493,22.7641],[120.4862,22.7585],[120.4772,22.7584],[120.472,22.7565],[120.4674,22.7569],[120.4642,22.7628],[120.4636,22.7694],[120.4569,22.7716],[120.456,22.7799],[120.4602,22.7911],[120.4655,22.8114],[120.4708,22.8324],[120.4821,22.8361],[120.4924,22.8372],[120.5007,22.8313],[120.5132,22.8304],[120.5286,22.8325],[120.5483,22.8284],[120.5659,22.8345],[120.5624,22.8283]]]],[[[[120.5781,22.7731],[120.5837,22.7698],[120.5924,22.7659],[120.602,22.7643],[120.6096,22.7559],[120.6161,22.7479],[120.6164,22.7401],[120.6215,22.7352],[120.6271,22.7301],[120.6305,22.724],[120.6202,22.7089],[120.61,22.7125],[120.6101,22.7183],[120.5996,22.7152],[120.5888,22.7164],[120.5856,22.72],[120.5785,22.7209],[120.5712,22.7204],[120.563,22.7208],[120.5548,22.7199],[120.5482,22.7215],[120.5394,22.7232],[120.5343,22.7254],[120.5276,22.7288],[120.5222,22.7336],[120.5159,22.7292],[120.5081,22.7281],[120.507,22.7322],[120.5116,22.7367],[120.5117,22.744],[120.5106,22.7498],[120.5127,22.7584],[120.5169,22.7659],[120.5254,22.7697],[120.5345,22.7688],[120.5434,22.7675],[120.5504,22.77],[120.5562,22.7713],[120.5647,22.7726],[120.5732,22.7719],[120.5781,22.7731]]]],[[[[120.6476,22.8802],[120.6443,22.8666],[120.6401,22.8575],[120.6372,22.851],[120.6283,22.8468],[120.631,22.8399],[120.6299,22.8311],[120.6289,22.8242],[120.63,22.8187],[120.634,22.8138],[120.6298,22.8059],[120.6299,22.794],[120.6296,22.7869],[120.6298,22.7791],[120.6342,22.7752],[120.642,22.7712],[120.6414,22.7671],[120.6345,22.7598],[120.6313,22.7512],[120.6341,22.7434],[120.6383,22.736],[120.6386,22.7268],[120.6296,22.7254],[120.6243,22.7335],[120.6164,22.7401],[120.6149,22.7518],[120.6029,22.7618],[120.5909,22.7666],[120.5804,22.7715],[120.5693,22.7724],[120.5579,22.772],[120.5483,22.7696],[120.549,22.7775],[120.5526,22.7858],[120.5477,22.7952],[120.5549,22.8065],[120.5577,22.8166],[120.5627,22.8249],[120.5764,22.8494],[120.6221,22.8761],[120.6476,22.8802]]]],[[[[120.6292,22.6514],[120.6282,22.6427],[120.6259,22.6336],[120.6333,22.6248],[120.6327,22.6181],[120.6322,22.6077],[120.6262,22.5983],[120.6247,22.5852],[120.6266,22.5939],[120.6309,22.5885],[120.6337,22.5766],[120.6324,22.5728],[120.6292,22.572],[120.6248,22.5728],[120.6264,22.5674],[120.6284,22.5604],[120.6312,22.5588],[120.63,22.5537],[120.6255,22.5508],[120.6252,22.5413],[120.6237,22.5336],[120.6265,22.5262],[120.6215,22.5235],[120.6047,22.5388],[120.5874,22.5507],[120.5833,22.5601],[120.5734,22.5583],[120.5665,22.5546],[120.557,22.5596],[120.5474,22.5649],[120.543,22.5674],[120.5556,22.5772],[120.5662,22.5832],[120.5731,22.5922],[120.5775,22.6008],[120.5841,22.6088],[120.5901,22.6181],[120.6023,22.6279],[120.6158,22.6359],[120.6217,22.6478],[120.6292,22.6514]]]],[[[[120.6362,22.711],[120.6466,22.6967],[120.6396,22.6919],[120.6381,22.6884],[120.636,22.681],[120.6337,22.6735],[120.6318,22.6667],[120.6317,22.6616],[120.6313,22.656],[120.6294,22.6524],[120.6223,22.65],[120.6198,22.6423],[120.6147,22.6357],[120.6069,22.6313],[120.5981,22.6265],[120.5909,22.6188],[120.5873,22.6122],[120.5822,22.608],[120.5769,22.6022],[120.5786,22.5959],[120.5728,22.5904],[120.5636,22.5872],[120.5637,22.5794],[120.5562,22.5831],[120.5564,22.591],[120.5537,22.5995],[120.5478,22.6053],[120.5362,22.603],[120.5364,22.6147],[120.5365,22.6222],[120.5383,22.6298],[120.537,22.6395],[120.546,22.6504],[120.5573,22.66],[120.5676,22.6691],[120.5779,22.6778],[120.5858,22.6856],[120.5935,22.6909],[120.6013,22.6977],[120.6182,22.7078],[120.6362,22.711]]]],[[[[120.6269,22.5256],[120.6332,22.5239],[120.6246,22.5128],[120.6209,22.5013],[120.6218,22.4926],[120.6168,22.4885],[120.6185,22.4877],[120.6172,22.4855],[120.6213,22.4822],[120.6252,22.4785],[120.6214,22.4782],[120.6162,22.4716],[120.6157,22.4666],[120.6162,22.4637],[120.6176,22.4609],[120.6184,22.4588],[120.6177,22.4562],[120.6185,22.4527],[120.627,22.4522],[120.6208,22.4499],[120.6195,22.4462],[120.6123,22.4483],[120.6033,22.4461],[120.5916,22.4502],[120.5796,22.455],[120.5706,22.4607],[120.5598,22.4617],[120.546,22.4615],[120.5426,22.4677],[120.5426,22.4762],[120.5439,22.4827],[120.5441,22.49],[120.5361,22.4982],[120.53,22.5036],[120.5391,22.5096],[120.5474,22.5094],[120.5595,22.51],[120.5786,22.5145],[120.5955,22.5194],[120.6099,22.5245],[120.6269,22.5256]]]],[[[[120.5234,22.546],[120.5226,22.5419],[120.5199,22.5396],[120.5222,22.5355],[120.5237,22.5306],[120.5251,22.5259],[120.5254,22.5217],[120.5234,22.5184],[120.5248,22.5145],[120.5262,22.5113],[120.5295,22.5102],[120.5301,22.505],[120.5282,22.5021],[120.5249,22.5034],[120.5231,22.5001],[120.5224,22.4963],[120.5158,22.4956],[120.5115,22.4971],[120.5087,22.4925],[120.5026,22.4933],[120.494,22.4918],[120.4894,22.4971],[120.4837,22.4997],[120.4769,22.4982],[120.4726,22.4925],[120.4683,22.4921],[120.4674,22.4974],[120.4657,22.5051],[120.468,22.5111],[120.4747,22.5192],[120.481,22.5245],[120.4855,22.5259],[120.4903,22.5285],[120.4939,22.5342],[120.4971,22.5395],[120.5034,22.5405],[120.5072,22.5443],[120.5098,22.5465],[120.5152,22.5458],[120.5202,22.5475],[120.5234,22.546]]]],[[[[120.5272,22.5031],[120.53,22.5019],[120.5317,22.4983],[120.5361,22.4962],[120.5395,22.4931],[120.5449,22.4895],[120.546,22.4867],[120.5442,22.4829],[120.5414,22.4795],[120.5425,22.4774],[120.5424,22.4728],[120.5443,22.4687],[120.5388,22.4685],[120.5355,22.4667],[120.5296,22.4645],[120.5267,22.4607],[120.5213,22.4604],[120.5157,22.4597],[120.5111,22.4588],[120.5078,22.4608],[120.5019,22.4602],[120.502,22.466],[120.5008,22.4704],[120.4998,22.4744],[120.4928,22.4749],[120.4903,22.4727],[120.4875,22.4743],[120.4871,22.4798],[120.4891,22.4843],[120.4921,22.4901],[120.4966,22.4924],[120.5036,22.4931],[120.5086,22.4919],[120.5097,22.4962],[120.5126,22.4962],[120.5172,22.4951],[120.5224,22.4963],[120.5234,22.4992],[120.5233,22.5019],[120.5259,22.5031],[120.5272,22.5031]]]],[[[[120.3796,22.356],[120.3824,22.3537],[120.3833,22.353],[120.3871,22.3512],[120.389,22.3494],[120.3885,22.3465],[120.388,22.3427],[120.3837,22.3399],[120.3803,22.3377],[120.3768,22.3357],[120.3723,22.3315],[120.3688,22.3278],[120.3651,22.325],[120.3627,22.3233],[120.3615,22.3227],[120.3574,22.3222],[120.3547,22.3233],[120.3532,22.3264],[120.3534,22.3283],[120.3556,22.3313],[120.3573,22.3323],[120.3599,22.3343],[120.3609,22.3365],[120.3617,22.3385],[120.3625,22.3394],[120.36279999999999,22.3416],[120.3625,22.3434],[120.3614,22.3456],[120.3615,22.347],[120.3637,22.3482],[120.3656,22.3509],[120.3702,22.3527],[120.374,22.3541],[120.375,22.3547],[120.3796,22.356]]]],[[[[120.725,22.8808],[120.7661,22.8486],[120.7599,22.8297],[120.7344,22.7988],[120.7218,22.7817],[120.7148,22.7682],[120.7186,22.7543],[120.7084,22.7484],[120.7042,22.7299],[120.7147,22.7151],[120.71,22.6997],[120.6935,22.6969],[120.6732,22.7048],[120.6582,22.7141],[120.6332,22.7159],[120.6387,22.7289],[120.6375,22.7369],[120.634,22.7437],[120.6313,22.7508],[120.6337,22.7588],[120.6404,22.7658],[120.645,22.7698],[120.6377,22.7711],[120.6309,22.7757],[120.6305,22.7818],[120.63,22.7897],[120.63,22.7968],[120.6296,22.8079],[120.6345,22.8141],[120.6301,22.8185],[120.628,22.8234],[120.6315,22.8296],[120.6301,22.8375],[120.6303,22.8434],[120.6337,22.8485],[120.6399,22.8529],[120.6413,22.8606],[120.6454,22.8691],[120.6519,22.8783],[120.6848,22.8638],[120.725,22.8808]]]],[[[[120.8283,22.8658],[120.8509,22.8551],[120.8641,22.8388],[120.8747,22.8153],[120.9022,22.8022],[120.9038,22.7761],[120.8949,22.7599],[120.8922,22.7346],[120.8687,22.7163],[120.8452,22.7123],[120.832,22.6968],[120.8143,22.6918],[120.7867,22.6927],[120.7862,22.6659],[120.768,22.6368],[120.7531,22.6414],[120.7474,22.6563],[120.7439,22.6771],[120.7312,22.6821],[120.7221,22.6889],[120.7094,22.6886],[120.7096,22.6989],[120.7132,22.7072],[120.7148,22.7154],[120.7094,22.7213],[120.7036,22.7325],[120.7025,22.7445],[120.7136,22.749],[120.7196,22.7494],[120.7178,22.7581],[120.7153,22.7658],[120.7117,22.7708],[120.7199,22.7795],[120.7272,22.7887],[120.7344,22.7988],[120.7395,22.8221],[120.7619,22.8296],[120.7733,22.836],[120.7918,22.8475],[120.8137,22.8575],[120.8283,22.8658]]]],[[[[120.6604,22.7096],[120.6731,22.7048],[120.687,22.6983],[120.7042,22.6918],[120.7219,22.6895],[120.7357,22.6839],[120.7506,22.6653],[120.7321,22.6533],[120.7178,22.6567],[120.6934,22.6544],[120.6966,22.6427],[120.6845,22.6471],[120.6727,22.6499],[120.6631,22.6452],[120.6571,22.6429],[120.6506,22.6452],[120.6473,22.6432],[120.6429,22.6392],[120.6395,22.6335],[120.6364,22.6288],[120.633,22.6273],[120.6296,22.6259],[120.6261,22.6305],[120.6257,22.636],[120.6263,22.6405],[120.6281,22.6434],[120.629,22.647],[120.6296,22.652],[120.6313,22.6544],[120.6301,22.6588],[120.6323,22.6624],[120.6317,22.6664],[120.6326,22.6692],[120.6356,22.6768],[120.6353,22.682],[120.6383,22.687],[120.635,22.6906],[120.6418,22.6939],[120.6469,22.6968],[120.6523,22.7101],[120.6604,22.7096]]]],[[[[120.7229,22.6572],[120.7521,22.6438],[120.7458,22.5892],[120.7285,22.5621],[120.7074,22.5622],[120.6921,22.5582],[120.6715,22.5638],[120.6539,22.5649],[120.6493,22.5707],[120.6459,22.5618],[120.6467,22.551],[120.6444,22.5403],[120.6352,22.5401],[120.6264,22.543],[120.6254,22.551],[120.6272,22.5549],[120.6309,22.5569],[120.6303,22.5604],[120.6276,22.563],[120.6265,22.5683],[120.6254,22.5733],[120.6279,22.5738],[120.6307,22.573],[120.632,22.5738],[120.6309,22.577],[120.6314,22.5882],[120.6282,22.5931],[120.625,22.5886],[120.6249,22.5915],[120.6288,22.5975],[120.6322,22.6078],[120.6315,22.6148],[120.6393,22.6261],[120.6331,22.6277],[120.6397,22.6327],[120.6457,22.6418],[120.6535,22.6455],[120.6638,22.6461],[120.6837,22.6471],[120.6964,22.6482],[120.7229,22.6572]]]],[[[[120.6539,22.5649],[120.67,22.5644],[120.6891,22.5596],[120.7043,22.5623],[120.7218,22.5616],[120.744,22.5431],[120.7638,22.4912],[120.7437,22.4538],[120.726,22.4559],[120.7046,22.4691],[120.6903,22.4491],[120.6679,22.4418],[120.6468,22.4414],[120.6335,22.4352],[120.6147,22.4429],[120.6151,22.4458],[120.6192,22.4493],[120.6267,22.4527],[120.6163,22.4546],[120.6165,22.4588],[120.6185,22.4606],[120.6172,22.4643],[120.6164,22.4697],[120.6201,22.4789],[120.6225,22.4804],[120.6152,22.4852],[120.618,22.4875],[120.6194,22.492],[120.62,22.4993],[120.6259,22.5144],[120.6332,22.5259],[120.6259,22.5294],[120.6232,22.5347],[120.6245,22.5404],[120.6314,22.5388],[120.6397,22.5388],[120.6451,22.545],[120.646,22.5548],[120.648,22.5639],[120.6504,22.571],[120.6539,22.5649]]]],[[[[120.7083,22.467],[120.7256,22.4589],[120.7364,22.4468],[120.7559,22.4573],[120.7845,22.4294],[120.7677,22.4088],[120.752,22.3856],[120.7296,22.3624],[120.7118,22.3548],[120.7013,22.3493],[120.6918,22.3464],[120.6838,22.3438],[120.6711,22.3443],[120.6636,22.3466],[120.6553,22.3442],[120.6442,22.3488],[120.6394,22.3577],[120.6277,22.3593],[120.621,22.3616],[120.6201,22.3653],[120.6208,22.3691],[120.6213,22.3716],[120.618,22.3807],[120.6161,22.3876],[120.6218,22.3913],[120.6294,22.3951],[120.6355,22.3944],[120.6316,22.3986],[120.6292,22.4024],[120.6244,22.4059],[120.6287,22.4103],[120.6309,22.4153],[120.6298,22.4222],[120.6234,22.4239],[120.6311,22.432],[120.6414,22.4327],[120.6497,22.4429],[120.6654,22.4415],[120.6828,22.4463],[120.6971,22.46],[120.7083,22.467]]]],[[[[120.7413,22.3674],[120.7966,22.3172],[120.806,22.2827],[120.8039,22.2589],[120.8409,22.2445],[120.8675,22.2264],[120.8656,22.2111],[120.8473,22.2132],[120.8273,22.2091],[120.811,22.2037],[120.7939,22.1976],[120.7784,22.1922],[120.7623,22.1813],[120.7453,22.1773],[120.735,22.1677],[120.73779999999999,22.1479],[120.7354,22.1319],[120.7309,22.1173],[120.717,22.1148],[120.7091,22.1316],[120.7014,22.146],[120.6986,22.1597],[120.6942,22.1786],[120.6971,22.1935],[120.7032,22.1992],[120.7097,22.2068],[120.7114,22.2122],[120.694,22.2076],[120.6795,22.2186],[120.6671,22.248],[120.6739,22.2605],[120.6584,22.2661],[120.6454,22.2874],[120.648,22.3082],[120.6365,22.3207],[120.6298,22.3417],[120.6425,22.3504],[120.6641,22.3458],[120.6872,22.3413],[120.7056,22.3512],[120.7413,22.3674]]]],[[[[120.4821,22.4999],[120.4869,22.499],[120.4894,22.4967],[120.4917,22.4924],[120.4918,22.4896],[120.4892,22.4845],[120.4872,22.4805],[120.4877,22.4759],[120.4883,22.4722],[120.491,22.4735],[120.4947,22.4751],[120.5001,22.4741],[120.5008,22.4706],[120.5016,22.4668],[120.5016,22.4623],[120.499,22.4592],[120.498,22.4557],[120.4995,22.453],[120.5017,22.4497],[120.5025,22.4483],[120.4992,22.4452],[120.4973,22.4405],[120.4958,22.4359],[120.4915,22.4343],[120.488,22.4354],[120.4851,22.4344],[120.4823,22.4318],[120.4815,22.4286],[120.4412,22.4553],[120.4393,22.4666],[120.4435,22.4682],[120.4464,22.4717],[120.4507,22.4726],[120.4573,22.4764],[120.4625,22.4802],[120.4665,22.4855],[120.4691,22.4898],[120.4735,22.4931],[120.4771,22.4967],[120.4798,22.5005],[120.4821,22.4999]]]],[[[[120.5796,22.455],[120.5911,22.4504],[120.6022,22.4463],[120.6151,22.4428],[120.6294,22.4374],[120.6294,22.4283],[120.6236,22.4215],[120.6287,22.4206],[120.6321,22.4144],[120.6284,22.4097],[120.6241,22.4059],[120.6288,22.4025],[120.6314,22.3992],[120.6354,22.3954],[120.631,22.3952],[120.6233,22.3928],[120.6172,22.3888],[120.6174,22.3841],[120.6195,22.3748],[120.6239,22.3704],[120.6185,22.369],[120.6217,22.3629],[120.6228,22.3619],[120.6305,22.3584],[120.64,22.3552],[120.6273,22.354],[120.6172,22.3491],[120.6091,22.3423],[120.5913,22.3643],[120.5457,22.3974],[120.5514,22.3967],[120.5561,22.4013],[120.563,22.399],[120.5657,22.4057],[120.5668,22.4108],[120.575,22.4166],[120.5669,22.4293],[120.5699,22.4397],[120.572,22.4485],[120.5753,22.4561],[120.5796,22.455]]]],[[[[120.4778,22.5583],[120.4793,22.5424],[120.473,22.536],[120.4738,22.5336],[120.4756,22.5317],[120.4785,22.5348],[120.4782,22.531],[120.4826,22.5276],[120.4839,22.5262],[120.4811,22.5246],[120.4795,22.5213],[120.4732,22.5181],[120.4694,22.5128],[120.4666,22.5078],[120.4657,22.5051],[120.467,22.5004],[120.4669,22.4969],[120.468,22.4933],[120.4684,22.4892],[120.4662,22.4848],[120.4624,22.48],[120.4577,22.4766],[120.4512,22.4729],[120.4474,22.472],[120.4449,22.4693],[120.4408,22.4673],[120.4368,22.4653],[120.4239,22.4798],[120.4251,22.4917],[120.4246,22.5023],[120.4228,22.5164],[120.425,22.5276],[120.4297,22.5402],[120.4364,22.5474],[120.4427,22.5575],[120.4543,22.5585],[120.4593,22.5597],[120.463,22.5593],[120.4705,22.5604],[120.4775,22.561],[120.4778,22.5583]]]],[[[[120.5371,22.4686],[120.5424,22.468],[120.5403,22.4645],[120.5403,22.4624],[120.5384,22.4585],[120.5354,22.4527],[120.532,22.4495],[120.5277,22.4496],[120.5253,22.4479],[120.526,22.4439],[120.5258,22.4401],[120.5254,22.4346],[120.5243,22.4287],[120.5197,22.4238],[120.5165,22.4213],[120.513,22.4181],[120.5111,22.414],[120.481,22.4277],[120.4824,22.4303],[120.4839,22.4329],[120.4873,22.4362],[120.4895,22.4353],[120.4931,22.4351],[120.4965,22.4377],[120.4982,22.4426],[120.5008,22.447],[120.5035,22.4491],[120.5011,22.4509],[120.4996,22.4542],[120.4973,22.4564],[120.4998,22.4602],[120.5044,22.4601],[120.5082,22.4607],[120.5116,22.4588],[120.5151,22.4597],[120.5196,22.4602],[120.5245,22.4607],[120.5289,22.461],[120.5308,22.4648],[120.5358,22.4669],[120.5371,22.4686]]]],[[[[120.7038,22.1425],[120.7088,22.132],[120.7172,22.1235],[120.7158,22.1131],[120.7226,22.1151],[120.7342,22.118],[120.7381,22.1085],[120.7396,22.0995],[120.7482,22.0989],[120.7534,22.1076],[120.7594,22.1122],[120.7692,22.1086],[120.7796,22.1059],[120.7894,22.1017],[120.7931,22.0941],[120.7937,22.0845],[120.7941,22.0749],[120.7932,22.0659],[120.7874,22.0579],[120.7838,22.0509],[120.7721,22.0553],[120.7684,22.06],[120.7533,22.0626],[120.7482,22.0516],[120.7398,22.0482],[120.7308,22.0514],[120.723,22.0534],[120.7196,22.0521],[120.7131,22.0497],[120.7057,22.0437],[120.7015,22.0352],[120.6928,22.0358],[120.6911,22.0267],[120.6956,22.016],[120.6866,22.0311],[120.6985,22.0558],[120.7063,22.0875],[120.7158,22.101],[120.7116,22.1143],[120.698,22.1424],[120.7038,22.1425]]]],[[[[120.8524,22.1447],[120.8697,22.1422],[120.8784,22.1403],[120.8929,22.1417],[120.8878,22.1223],[120.8909,22.1143],[120.8924,22.1104],[120.9019,22.1043],[120.8985,22.0949],[120.8945,22.089],[120.8938,22.0504],[120.8985,22.0389],[120.9013,22.0341],[120.8423,21.9782],[120.8323,21.971],[120.8228,21.9745],[120.8152,21.9793],[120.8019,21.9804],[120.7808,21.9802],[120.7704,21.9837],[120.78,21.9909],[120.7862,21.9993],[120.7854,22.009],[120.7775,22.0145],[120.7743,22.0249],[120.7854,22.0261],[120.7924,22.0359],[120.788,22.0465],[120.7859,22.0539],[120.791,22.0631],[120.7976,22.0639],[120.8069,22.0593],[120.8151,22.0669],[120.8196,22.0763],[120.818,22.0841],[120.8238,22.0905],[120.8287,22.1035],[120.8458,22.1154],[120.8541,22.1249],[120.8526,22.1379],[120.8524,22.1447]]]],[[[[120.6363,22.356],[120.635,22.3517],[120.626,22.3437],[120.6299,22.337],[120.6337,22.3255],[120.6376,22.3153],[120.6456,22.3107],[120.6454,22.3027],[120.6451,22.2908],[120.6495,22.2778],[120.6564,22.2659],[120.6619,22.2633],[120.6729,22.2627],[120.6642,22.2591],[120.6657,22.25],[120.6739,22.2318],[120.6788,22.2196],[120.6861,22.2121],[120.6935,22.207],[120.702,22.2109],[120.7111,22.2123],[120.7166,22.2075],[120.7096,22.2069],[120.7035,22.2037],[120.7026,22.199],[120.6966,22.1992],[120.6963,22.1931],[120.6944,22.1872],[120.6948,22.176],[120.6967,22.1666],[120.7001,22.1579],[120.7005,22.1524],[120.7002,22.1437],[120.6958,22.1624],[120.6842,22.2116],[120.6708,22.2343],[120.6518,22.2648],[120.6301,22.3195],[120.6116,22.3443],[120.6229,22.3521],[120.6363,22.356]]]],[[[[120.8988,22.2347],[120.8946,22.2144],[120.8925,22.1974],[120.8924,22.1807],[120.8968,22.1441],[120.8803,22.1401],[120.8683,22.1407],[120.8487,22.1423],[120.8547,22.1263],[120.8435,22.1146],[120.8271,22.0982],[120.8172,22.0884],[120.8218,22.0758],[120.8148,22.0663],[120.8045,22.0603],[120.7948,22.0685],[120.7938,22.0816],[120.7935,22.0956],[120.7825,22.1037],[120.7697,22.1088],[120.7554,22.1127],[120.7487,22.1013],[120.7386,22.1007],[120.7368,22.1148],[120.7351,22.1305],[120.7369,22.1438],[120.7357,22.1583],[120.7328,22.1736],[120.7465,22.1774],[120.761,22.1803],[120.7723,22.1886],[120.7843,22.1955],[120.797,22.1978],[120.8106,22.2036],[120.8233,22.2069],[120.837,22.2126],[120.8546,22.2108],[120.8669,22.2125],[120.8667,22.225],[120.8854,22.2414],[120.8988,22.2347]]]],[[[[120.8265,21.7561],[120.8264,21.7561],[120.8264,21.7562],[120.8262,21.7562],[120.8261,21.7562],[120.8261,21.7563],[120.8261,21.7563],[120.8261,21.7564],[120.8262,21.7565],[120.8263,21.7565],[120.8264,21.7566],[120.8264,21.7566],[120.8264,21.7567],[120.8264,21.7567],[120.8263,21.7568],[120.8263,21.7569],[120.8263,21.7569],[120.8264,21.7569],[120.8265,21.7569],[120.8266,21.7568],[120.8267,21.7568],[120.8268,21.7567],[120.8268,21.7567],[120.8267,21.7566],[120.8267,21.7565],[120.8266,21.7565],[120.8265,21.7565],[120.8265,21.7564],[120.8265,21.7564],[120.8265,21.7563],[120.8265,21.7562],[120.8265,21.7561]]]],[[[[120.8262,21.757],[120.8262,21.757],[120.8261,21.757],[120.8261,21.757],[120.8261,21.757],[120.8261,21.757],[120.8262,21.7572],[120.8263,21.7572],[120.8263,21.7572],[120.8263,21.7572],[120.8263,21.7572],[120.8263,21.7572],[120.8264,21.7572],[120.8264,21.7572],[120.8264,21.7572],[120.8264,21.7572],[120.8264,21.7572],[120.8264,21.7571],[120.8264,21.7571],[120.8264,21.7571],[120.8264,21.7571],[120.8264,21.7571],[120.8263,21.757],[120.8263,21.757],[120.8263,21.757],[120.8263,21.757],[120.8262,21.757],[120.8262,21.757]]]],[[[[120.8264,21.7575],[120.8263,21.7575],[120.8263,21.7575],[120.8263,21.7575],[120.8263,21.7575],[120.8262,21.7575],[120.826,21.7576],[120.826,21.7577],[120.826,21.7577],[120.826,21.7577],[120.826,21.7577],[120.8261,21.7578],[120.8261,21.7578],[120.8261,21.7578],[120.8262,21.7578],[120.8262,21.7578],[120.8262,21.7578],[120.8262,21.7578],[120.8263,21.7578],[120.8263,21.7578],[120.8263,21.7578],[120.8263,21.7578],[120.8264,21.7578],[120.8264,21.7578],[120.8264,21.7578],[120.8265,21.7578],[120.8265,21.7578],[120.8265,21.7577],[120.8265,21.7577],[120.8265,21.7577],[120.8265,21.7576],[120.8265,21.7576],[120.8265,21.7576],[120.8265,21.7576],[120.8265,21.7576],[120.8265,21.7575],[120.8264,21.7575],[120.8264,21.7575],[120.8264,21.7575],[120.8264,21.7575]]]],[[[[120.8264,21.7581],[120.8264,21.7581],[120.8263,21.7581],[120.8263,21.7581],[120.8262,21.7581],[120.8262,21.7581],[120.8261,21.7581],[120.8261,21.7582],[120.8261,21.7582],[120.8261,21.7582],[120.8261,21.7582],[120.8261,21.7582],[120.8261,21.7582],[120.8262,21.7583],[120.8262,21.7583],[120.8263,21.7583],[120.8263,21.7583],[120.8263,21.7583],[120.8263,21.7583],[120.8264,21.7584],[120.8264,21.7584],[120.8264,21.7584],[120.8265,21.7583],[120.8265,21.7583],[120.8265,21.7583],[120.8265,21.7583],[120.8265,21.7583],[120.8265,21.7583],[120.8265,21.7582],[120.8265,21.7582],[120.8265,21.7582],[120.8265,21.7582],[120.8265,21.7581],[120.8265,21.7581],[120.8264,21.7581],[120.8264,21.7581]]]],[[[[120.8268,21.7587],[120.8268,21.7587],[120.8267,21.7587],[120.8267,21.7587],[120.8267,21.7587],[120.8266,21.7587],[120.8266,21.7587],[120.8266,21.7587],[120.8266,21.7587],[120.8266,21.7588],[120.8266,21.7588],[120.8266,21.7588],[120.8267,21.7588],[120.8267,21.7589],[120.8268,21.7589],[120.8268,21.7589],[120.8268,21.7589],[120.8268,21.7589],[120.8269,21.7589],[120.8269,21.7589],[120.8269,21.7589],[120.8269,21.7589],[120.8269,21.7589],[120.8269,21.7588],[120.8269,21.7588],[120.8269,21.7588],[120.8269,21.7588],[120.8268,21.7587],[120.8268,21.7587],[120.8268,21.7587],[120.8268,21.7587]]]],[[[[120.8265,21.7587],[120.8264,21.7587],[120.8264,21.7587],[120.8263,21.7587],[120.8263,21.7588],[120.8262,21.7588],[120.8262,21.7588],[120.8262,21.7589],[120.8262,21.7589],[120.8262,21.759],[120.8262,21.759],[120.8263,21.759],[120.8263,21.7591],[120.8263,21.7591],[120.8264,21.7591],[120.8264,21.7591],[120.8265,21.7591],[120.8266,21.7591],[120.8266,21.759],[120.8266,21.7589],[120.8266,21.7589],[120.8266,21.7588],[120.8265,21.7587]]]],[[[[120.8264,21.7595],[120.8264,21.7595],[120.8264,21.7595],[120.8264,21.7595],[120.8264,21.7596],[120.8263,21.7596],[120.8263,21.7597],[120.8262,21.7597],[120.8262,21.7597],[120.8262,21.7598],[120.8262,21.7598],[120.8262,21.7598],[120.8263,21.7599],[120.8263,21.7599],[120.8265,21.76],[120.8266,21.76],[120.8266,21.7599],[120.8266,21.7599],[120.8267,21.7598],[120.8267,21.7597],[120.8267,21.7597],[120.8267,21.7597],[120.8266,21.7596],[120.8265,21.7595],[120.8264,21.7595]]]],[[[[120.8266,21.7605],[120.8266,21.7605],[120.8267,21.7605],[120.8267,21.7605],[120.8267,21.7604],[120.8267,21.7604],[120.8266,21.7603],[120.8266,21.7602],[120.8266,21.7602],[120.8265,21.7601],[120.8265,21.7601],[120.8263,21.7602],[120.8263,21.7602],[120.8263,21.7602],[120.8263,21.7603],[120.8263,21.7604],[120.8263,21.7604],[120.8263,21.7605],[120.8264,21.7605],[120.8264,21.7605],[120.8265,21.7605],[120.8265,21.7605],[120.8266,21.7605]]]],[[[[120.76,22.0609],[120.7731,22.0599],[120.777,22.0541],[120.7844,22.0479],[120.792,22.0403],[120.7876,22.0309],[120.7805,22.0256],[120.7731,22.0214],[120.7795,22.0148],[120.7855,22.0077],[120.7866,21.9987],[120.7802,21.9913],[120.7706,21.9854],[120.7773,21.9797],[120.793,21.982],[120.8115,21.9813],[120.8183,21.9746],[120.826,21.9723],[120.8353,21.9722],[120.845,21.9782],[120.8633,21.9056],[120.8319,21.9242],[120.8186,21.9348],[120.7844,21.944],[120.7454,21.941],[120.7398,21.9226],[120.7367,21.9191],[120.7186,21.9286],[120.6927,22.0097],[120.694,22.0184],[120.6907,22.0286],[120.6946,22.0344],[120.7027,22.0381],[120.7082,22.0455],[120.7163,22.0503],[120.7176,22.0545],[120.7276,22.0535],[120.7354,22.0506],[120.7432,22.0492],[120.7503,22.0581],[120.76,22.0609]]]]]}},{"type":"Feature","properties":{"county":"苗栗縣","countyCode":"10005"},"geometry":{"type":"MultiPolygon","coordinates":[[[[[120.9623,24.6779],[120.9761,24.6738],[120.9862,24.6643],[120.9944,24.6596],[121.0043,24.6564],[121.0089,24.6516],[121.0038,24.6418],[120.9874,24.6382],[120.9679,24.641],[120.9492,24.6453],[120.9564,24.637],[120.9583,24.6246],[120.9589,24.6169],[120.9651,24.6215],[120.9746,24.6194],[120.9812,24.6186],[120.9831,24.6114],[120.9816,24.6018],[120.9777,24.5886],[120.9674,24.5864],[120.9604,24.594],[120.9562,24.599],[120.949,24.6045],[120.9392,24.6061],[120.9282,24.6077],[120.9213,24.6037],[120.9173,24.6018],[120.9188,24.6053],[120.9149,24.6069],[120.9171,24.6111],[120.9116,24.6176],[120.9141,24.6225],[120.9021,24.6258],[120.9037,24.634],[120.9126,24.6451],[120.9141,24.656],[120.9241,24.6626],[120.9364,24.6574],[120.9438,24.6672],[120.9499,24.6773],[120.9623,24.6779]]]],[[[[120.9509,24.6464],[120.9701,24.6405],[120.9873,24.6381],[121.0017,24.6426],[121.0127,24.642],[121.0236,24.6418],[121.0283,24.634],[121.0391,24.6296],[121.0467,24.6221],[121.0554,24.6179],[121.0664,24.6174],[121.0758,24.6078],[121.0828,24.5945],[121.0745,24.576],[121.0623,24.5582],[121.0726,24.5498],[121.0783,24.5333],[121.0679,24.5185],[121.0719,24.4994],[121.0487,24.4968],[121.022,24.5024],[120.9986,24.5017],[120.9645,24.5076],[120.9545,24.5221],[120.9533,24.5338],[120.956,24.5481],[120.961,24.5573],[120.9662,24.5643],[120.9697,24.5721],[120.9743,24.5829],[120.9794,24.5954],[120.9833,24.604],[120.9819,24.6136],[120.9807,24.6193],[120.9743,24.6193],[120.9656,24.6218],[120.9603,24.6168],[120.9588,24.6211],[120.9551,24.6314],[120.9517,24.64],[120.9509,24.6464]]]],[[[[120.8082,24.5991],[120.8176,24.5976],[120.8264,24.5959],[120.8318,24.5915],[120.837,24.5904],[120.8418,24.5879],[120.8451,24.5825],[120.8447,24.5746],[120.8435,24.5685],[120.8418,24.5623],[120.8388,24.5581],[120.836,24.5532],[120.8335,24.5483],[120.8269,24.5416],[120.82,24.5368],[120.8161,24.5297],[120.8093,24.5261],[120.809,24.5337],[120.8033,24.527],[120.7965,24.5245],[120.7917,24.5203],[120.7879,24.5211],[120.7868,24.5288],[120.7848,24.5319],[120.7877,24.539],[120.7921,24.5468],[120.7911,24.554],[120.7892,24.5599],[120.7858,24.5639],[120.7812,24.5642],[120.7789,24.5684],[120.7802,24.5744],[120.7809,24.5794],[120.7821,24.5848],[120.784,24.5879],[120.7898,24.5883],[120.7952,24.5879],[120.7987,24.5883],[120.8018,24.5926],[120.8051,24.596],[120.8082,24.5991]]]],[[[[120.9068,24.3642],[120.9071,24.346],[120.906,24.3374],[120.9074,24.3304],[120.9068,24.3223],[120.9102,24.2949],[120.8749,24.2949],[120.8437,24.2889],[120.8278,24.2953],[120.817,24.3079],[120.7979,24.3163],[120.7868,24.3183],[120.7774,24.321],[120.7725,24.3274],[120.779,24.3319],[120.7839,24.3346],[120.7785,24.3393],[120.7813,24.3447],[120.7843,24.3414],[120.7912,24.342],[120.7959,24.3395],[120.8016,24.3399],[120.8071,24.3419],[120.8117,24.3466],[120.8119,24.3418],[120.8211,24.3428],[120.8325,24.344],[120.8386,24.3459],[120.8406,24.3495],[120.8429,24.3545],[120.8471,24.3585],[120.8508,24.3611],[120.855,24.3588],[120.8573,24.3577],[120.8615,24.3563],[120.8685,24.3603],[120.8746,24.3621],[120.8821,24.362],[120.89,24.3633],[120.8991,24.3622],[120.9068,24.3642]]]],[[[[120.877,24.4542],[120.8968,24.445],[120.9102,24.4433],[120.9072,24.4231],[120.9115,24.4135],[120.9148,24.3872],[120.9048,24.365],[120.894,24.3629],[120.883,24.3624],[120.8739,24.3631],[120.8647,24.3587],[120.8576,24.3564],[120.8548,24.359],[120.8492,24.3609],[120.8449,24.3564],[120.8399,24.3501],[120.8375,24.3466],[120.8262,24.3428],[120.8139,24.341],[120.8116,24.3464],[120.8054,24.3429],[120.7987,24.3411],[120.7919,24.3428],[120.7838,24.342],[120.7784,24.3411],[120.7771,24.346],[120.7818,24.3521],[120.7893,24.3542],[120.8002,24.3608],[120.807,24.3712],[120.8164,24.3753],[120.8223,24.385],[120.8263,24.3953],[120.8367,24.4012],[120.8399,24.4092],[120.8397,24.4165],[120.8391,24.4279],[120.855,24.4405],[120.8618,24.4478],[120.8712,24.4555],[120.877,24.4542]]]],[[[[120.844,24.5597],[120.8454,24.5545],[120.8465,24.5489],[120.852,24.5448],[120.8584,24.5408],[120.8689,24.5391],[120.8765,24.5408],[120.8858,24.5422],[120.8945,24.542],[120.9035,24.542],[120.9064,24.5326],[120.9003,24.525],[120.8967,24.5171],[120.8914,24.5129],[120.8866,24.5117],[120.8814,24.5068],[120.8788,24.499],[120.8729,24.4906],[120.8698,24.4807],[120.8663,24.4687],[120.8748,24.4666],[120.8739,24.4548],[120.8636,24.4519],[120.8595,24.4456],[120.8481,24.438],[120.8436,24.4438],[120.84,24.4522],[120.831,24.4578],[120.8223,24.465699999999998],[120.8131,24.477],[120.8114,24.4876],[120.8119,24.4971],[120.8133,24.507],[120.8116,24.5164],[120.8131,24.525],[120.8193,24.5306],[120.8228,24.5399],[120.8313,24.547],[120.8359,24.5526],[120.8392,24.5585],[120.844,24.5597]]]],[[[[120.8088,24.5337],[120.8127,24.5268],[120.8116,24.5171],[120.8131,24.5057],[120.8131,24.4947],[120.8125,24.4827],[120.8141,24.4721],[120.83,24.4578],[120.84,24.4512],[120.8425,24.4395],[120.8431,24.4253],[120.837,24.4156],[120.84,24.4052],[120.8317,24.3968],[120.8241,24.3897],[120.8125,24.3919],[120.8046,24.4013],[120.8013,24.4086],[120.7944,24.4128],[120.7868,24.4188],[120.7883,24.4274],[120.7834,24.4346],[120.7743,24.438],[120.7632,24.4345],[120.7523,24.4289],[120.7524,24.4339],[120.7541,24.4394],[120.7546,24.447],[120.7544,24.4538],[120.7531,24.4611],[120.752,24.468],[120.7564,24.4732],[120.7621,24.4825],[120.7662,24.492],[120.772,24.5001],[120.7786,24.5054],[120.7811,24.5112],[120.7874,24.5179],[120.7949,24.5215],[120.8032,24.5268],[120.8088,24.5337]]]],[[[[120.8821,24.6038],[120.8866,24.6021],[120.8919,24.6035],[120.8959,24.6007],[120.9022,24.6],[120.9051,24.5948],[120.9113,24.5977],[120.9159,24.5962],[120.9205,24.5964],[120.9256,24.595],[120.93,24.592],[120.9364,24.5898],[120.9342,24.5825],[120.93,24.5771],[120.9241,24.5674],[120.9086,24.555],[120.906,24.5462],[120.8983,24.5421],[120.8887,24.544],[120.8801,24.5408],[120.8715,24.5408],[120.8602,24.5396],[120.8528,24.5447],[120.8468,24.5485],[120.8454,24.5544],[120.8436,24.5597],[120.8428,24.5649],[120.8438,24.5731],[120.8451,24.5824],[120.8447,24.5895],[120.8406,24.5954],[120.8351,24.599],[120.8369,24.6015],[120.8405,24.6034],[120.8467,24.6029],[120.8517,24.6004],[120.8577,24.6005],[120.8612,24.6032],[120.8682,24.6029],[120.8755,24.6021],[120.8821,24.6038]]]],[[[[120.7741,24.438],[120.7822,24.4354],[120.7885,24.4298],[120.786,24.4204],[120.791,24.4145],[120.7987,24.4102],[120.8019,24.4061],[120.8068,24.4007],[120.8136,24.3892],[120.8229,24.3871],[120.8187,24.3761],[120.8087,24.3726],[120.8038,24.3636],[120.7928,24.3557],[120.7854,24.352],[120.778,24.3496],[120.776,24.3413],[120.7817,24.3363],[120.7805,24.3324],[120.7723,24.327],[120.7754,24.3209],[120.758,24.329],[120.7395,24.3441],[120.7247,24.355],[120.7266,24.3611],[120.7295,24.3651],[120.7292,24.3699],[120.7295,24.3747],[120.731,24.379],[120.7339,24.3832],[120.7376,24.3891],[120.7414,24.3935],[120.7457,24.3987],[120.7486,24.4049],[120.7508,24.4107],[120.7484,24.4143],[120.7489,24.42],[120.7521,24.425],[120.7539,24.4298],[120.7644,24.4345],[120.7741,24.438]]]],[[[[120.7683,24.5814],[120.7712,24.5778],[120.7739,24.5741],[120.7758,24.5709],[120.7797,24.5678],[120.7821,24.5632],[120.7873,24.5636],[120.7895,24.5584],[120.7912,24.5522],[120.7907,24.5447],[120.7849,24.5373],[120.7832,24.5294],[120.7887,24.5268],[120.7875,24.5194],[120.7845,24.5134],[120.7794,24.512],[120.7786,24.5058],[120.7744,24.5011],[120.7695,24.4972],[120.765,24.4909],[120.7606,24.4901],[120.7554,24.4958],[120.759,24.5022],[120.7582,24.5047],[120.7493,24.51],[120.7479,24.5173],[120.7456,24.5235],[120.7393,24.5309],[120.7375,24.5385],[120.7339,24.5416],[120.7321,24.5465],[120.7283,24.5525],[120.727,24.5595],[120.7325,24.5682],[120.7388,24.571],[120.7413,24.5751],[120.7449,24.579],[120.7521,24.5806],[120.7594,24.5803],[120.7646,24.5798],[120.7683,24.5814]]]],[[[[120.8645,24.6662],[120.8751,24.6531],[120.8783,24.6399],[120.8782,24.6341],[120.8916,24.6253],[120.9045,24.626],[120.9141,24.6225],[120.912,24.6184],[120.9151,24.612],[120.9138,24.6086],[120.9176,24.6067],[120.9158,24.6035],[120.919,24.6024],[120.9234,24.604],[120.9294,24.608],[120.9392,24.6061],[120.9488,24.6054],[120.9463,24.5984],[120.9386,24.5917],[120.9296,24.5922],[120.9231,24.5958],[120.9165,24.596],[120.9095,24.5973],[120.9028,24.5982],[120.8955,24.6005],[120.8896,24.6025],[120.883,24.6039],[120.8728,24.6024],[120.862,24.6026],[120.8565,24.6008],[120.8488,24.6016],[120.8404,24.6033],[120.8333,24.6057],[120.8341,24.6149],[120.8269,24.6252],[120.8169,24.6288],[120.8179,24.6336],[120.8238,24.6421],[120.8336,24.6556],[120.8464,24.6623],[120.8645,24.6662]]]],[[[[120.9509,24.6008],[120.9565,24.5976],[120.9598,24.5943],[120.9643,24.5906],[120.9713,24.5852],[120.972,24.5776],[120.9697,24.5701],[120.966,24.564],[120.9621,24.5585],[120.958,24.5525],[120.9537,24.542],[120.9517,24.5317],[120.9544,24.5225],[120.9578,24.5127],[120.9542,24.5061],[120.9422,24.5024],[120.9292,24.4973],[120.92,24.4927],[120.9205,24.4828],[120.9164,24.4732],[120.9143,24.463],[120.9042,24.4471],[120.8826,24.4501],[120.8777,24.4645],[120.8664,24.4675],[120.8702,24.481],[120.8755,24.4921],[120.8801,24.5023],[120.8845,24.5092],[120.8916,24.511],[120.8966,24.5169],[120.9013,24.5252],[120.9071,24.5362],[120.906,24.5462],[120.9099,24.556],[120.926,24.5709],[120.9313,24.5796],[120.9351,24.586],[120.9406,24.5943],[120.9468,24.5987],[120.9509,24.6008]]]],[[[[120.6581,24.4489],[120.6665,24.4554],[120.6787,24.4524],[120.6841,24.4479],[120.6862,24.4445],[120.6923,24.4416],[120.6973,24.4396],[120.7031,24.4367],[120.709,24.4354],[120.7128,24.4306],[120.7155,24.4261],[120.717,24.4218],[120.7218,24.4196],[120.7245,24.4156],[120.7276,24.4115],[120.7329,24.4093],[120.7392,24.4073],[120.744,24.4072],[120.7482,24.4048],[120.7462,24.3993],[120.7426,24.3943],[120.7391,24.3903],[120.7357,24.3857],[120.7326,24.381],[120.7306,24.3773],[120.7298,24.3732],[120.7297,24.3692],[120.7296,24.3648],[120.7267,24.3613],[120.725,24.3559],[120.7074,24.3617],[120.6875,24.3765],[120.6699,24.3922],[120.6571,24.407],[120.651,24.409],[120.6458,24.4126],[120.6417,24.4228],[120.6293,24.4364],[120.6484,24.4637],[120.6573,24.4563],[120.6581,24.4489]]]],[[[[120.7125,24.5735],[120.7193,24.5711],[120.7258,24.5612],[120.73,24.5509],[120.735,24.5429],[120.7392,24.5365],[120.7445,24.5236],[120.7496,24.5153],[120.7568,24.5046],[120.7581,24.4989],[120.76,24.4905],[120.7625,24.4812],[120.7549,24.4722],[120.7515,24.4656],[120.7544,24.4578],[120.756,24.45],[120.7549,24.4422],[120.7521,24.4357],[120.7512,24.4287],[120.7512,24.4218],[120.7482,24.4159],[120.7504,24.411],[120.7479,24.4049],[120.7421,24.4077],[120.7346,24.4084],[120.7273,24.4121],[120.723,24.4172],[120.7183,24.422],[120.7155,24.427],[120.7116,24.4339],[120.7045,24.4364],[120.6961,24.4395],[120.6889,24.4431],[120.6842,24.4473],[120.676,24.4535],[120.663,24.4518],[120.6578,24.4572],[120.6654,24.4837],[120.6661,24.4878],[120.7046,24.5729],[120.7125,24.5735]]]],[[[[120.912,24.7324],[120.914,24.7265],[120.916,24.7206],[120.9155,24.7167],[120.9229,24.7147],[120.9301,24.7166],[120.9319,24.7116],[120.9229,24.7043],[120.9153,24.7048],[120.9082,24.7031],[120.9032,24.7033],[120.9003,24.7041],[120.9003,24.7051],[120.8955,24.7037],[120.8914,24.7032],[120.8876,24.7028],[120.8846,24.6989],[120.8875,24.6971],[120.8859,24.693],[120.8908,24.6914],[120.8919,24.6906],[120.8877,24.6859],[120.8824,24.6833],[120.8816,24.6766],[120.8794,24.6696],[120.8784,24.6618],[120.877,24.6479],[120.8732,24.6527],[120.8674,24.6587],[120.8631,24.6661],[120.8527,24.6628],[120.8434,24.6634],[120.8359,24.6685],[120.827,24.6729],[120.8562,24.7025],[120.8849,24.7328],[120.891,24.7318],[120.8962,24.733],[120.9023,24.7373],[120.9086,24.7403],[120.912,24.7324]]]],[[[[120.8276,24.6727],[120.8399,24.6652],[120.8317,24.6538],[120.8247,24.643],[120.8195,24.6374],[120.8144,24.6288],[120.8178,24.63],[120.8253,24.6246],[120.832,24.6178],[120.8346,24.6117],[120.834,24.6047],[120.8397,24.6033],[120.836,24.6014],[120.8364,24.5982],[120.8418,24.5943],[120.8444,24.5871],[120.8381,24.5899],[120.8314,24.5918],[120.8236,24.5974],[120.8106,24.5984],[120.8037,24.5941],[120.7996,24.5888],[120.7948,24.588],[120.7874,24.5876],[120.7829,24.5858],[120.7807,24.5789],[120.7795,24.572],[120.7755,24.5718],[120.7711,24.5758],[120.7684,24.5814],[120.7611,24.5806],[120.7525,24.5809],[120.7443,24.5778],[120.7394,24.5732],[120.7333,24.5681],[120.7257,24.5616],[120.7194,24.5702],[120.7136,24.5715],[120.7046,24.5729],[120.7684,24.6545],[120.8276,24.6727]]]],[[[[120.9365,24.7108],[120.9445,24.7078],[120.951,24.7085],[120.9556,24.7051],[120.9623,24.7106],[120.9697,24.711],[120.9757,24.7098],[120.9723,24.7031],[120.9727,24.697],[120.9662,24.6899],[120.9655,24.6841],[120.9758,24.6843],[120.9759,24.674],[120.965,24.6762],[120.9554,24.678],[120.9447,24.6716],[120.9442,24.6663],[120.9386,24.6575],[120.9291,24.6626],[120.921,24.6623],[120.9134,24.6557],[120.9116,24.6469],[120.909,24.64],[120.9025,24.631],[120.8938,24.6288],[120.8844,24.629],[120.8782,24.6364],[120.8756,24.6437],[120.8779,24.6604],[120.8805,24.6743],[120.8835,24.6841],[120.8914,24.6901],[120.8879,24.6927],[120.8881,24.6986],[120.8873,24.7027],[120.894,24.7038],[120.9001,24.7048],[120.9031,24.7033],[120.9129,24.7039],[120.9245,24.7049],[120.9365,24.7108]]]],[[[[121.2177,24.5117],[121.2187,24.4983],[121.2346,24.4848],[121.2514,24.4652],[121.261,24.4454],[121.2426,24.4146],[121.2321,24.384],[121.1883,24.3814],[121.1441,24.3583],[121.1256,24.3418],[121.1008,24.3241],[121.0728,24.3185],[121.0526,24.3041],[121.0124,24.3223],[120.9707,24.3336],[120.9181,24.3363],[120.9138,24.309],[120.907,24.3307],[120.9067,24.3429],[120.9136,24.3718],[120.9119,24.4109],[120.9081,24.4238],[120.9054,24.446],[120.9146,24.4633],[120.9173,24.4755],[120.9202,24.4874],[120.9251,24.4962],[120.9404,24.5005],[120.9542,24.506],[120.9824,24.5021],[121.0099,24.5103],[121.0268,24.4927],[121.058,24.5003],[121.0809,24.4999],[121.1051,24.5005],[121.1248,24.509],[121.1461,24.5097],[121.17,24.5036],[121.1876,24.5058],[121.2051,24.5125],[121.2177,24.5117]]]]]}},{"type":"Feature","properties":{"county":"桃園市","countyCode":"68000"},"geometry":{"type":"MultiPolygon","coordinates":[[[[[121.2638,25.122],[121.287,25.1069],[121.3005,25.102],[121.31,25.0964],[121.3202,25.0928],[121.3311,25.088],[121.3443,25.0836],[121.3433,25.0802],[121.3463,25.0768],[121.3405,25.0764],[121.3494,25.0753],[121.3504,25.0726],[121.3523,25.068],[121.339,25.0635],[121.3234,25.056],[121.3079,25.05],[121.2957,25.0496],[121.2995,25.0402],[121.2962,25.0321],[121.2854,25.0286],[121.2749,25.0247],[121.2742,25.0127],[121.2776,24.9982],[121.273,24.9898],[121.2605,24.9873],[121.2553,24.999],[121.2501,25.0069],[121.2464,25.0136],[121.2382,25.0236],[121.2324,25.0304],[121.2349,25.0367],[121.2369,25.0422],[121.2462,25.0467],[121.2484,25.0499],[121.247,25.0562],[121.2499,25.0613],[121.2622,25.0673],[121.2725,25.0763],[121.2585,25.0932],[121.2528,25.1112],[121.2638,25.122]]]],[[[[121.3761,25.0661],[121.3881,25.063],[121.3895,25.0586],[121.386,25.0533],[121.3928,25.0551],[121.3993,25.0516],[121.3976,25.049],[121.3972,25.0481],[121.4027,25.0453],[121.3957,25.0434],[121.395,25.04],[121.4008,25.0346],[121.4008,25.0291],[121.4084,25.0211],[121.4095,25.0184],[121.3971,25.0162],[121.3931,25.0103],[121.4013,25.003],[121.3968,24.9973],[121.3877,24.9964],[121.3854,24.9868],[121.3755,24.9811],[121.365,24.9786],[121.3535,24.9783],[121.3427,24.9823],[121.334,24.9787],[121.3218,24.988],[121.3258,24.9958],[121.3317,25.0056],[121.3299,25.0147],[121.3263,25.0221],[121.3182,25.0267],[121.3096,25.0316],[121.3012,25.0372],[121.2962,25.0468],[121.302,25.0478],[121.3115,25.0513],[121.3236,25.0564],[121.3339,25.0622],[121.3588,25.065],[121.3761,25.0661]]]],[[[[121.3477,24.8455],[121.3651,24.8377],[121.3885,24.8424],[121.4096,24.8395],[121.4236,24.8254],[121.438,24.8012],[121.4495,24.7859],[121.424,24.764],[121.433,24.7398],[121.4441,24.7173],[121.465,24.6996],[121.476,24.6792],[121.4571,24.6706],[121.449,24.6464],[121.435,24.625],[121.4244,24.603],[121.4037,24.593],[121.3744,24.5931],[121.3598,24.6135],[121.364,24.6323],[121.3524,24.6516],[121.3445,24.6683],[121.3283,24.6922],[121.3004,24.6984],[121.3011,24.7291],[121.3076,24.7546],[121.2858,24.77],[121.2599,24.7829],[121.2529,24.7938],[121.2454,24.8064],[121.2659,24.8078],[121.2727,24.815],[121.2869,24.8157],[121.2982,24.8087],[121.3124,24.8052],[121.3219,24.8121],[121.3246,24.8202],[121.3314,24.826],[121.3304,24.8332],[121.3347,24.8449],[121.3477,24.8455]]]],[[[[121.3183,24.9347],[121.3243,24.9286],[121.3334,24.9248],[121.3182,24.9159],[121.3252,24.906],[121.3262,24.8967],[121.333,24.8958],[121.3405,24.8923],[121.3457,24.88],[121.35,24.8696],[121.3495,24.8597],[121.3556,24.8535],[121.3497,24.8487],[121.3384,24.8486],[121.332,24.8401],[121.3321,24.8277],[121.3274,24.8248],[121.3205,24.8199],[121.3197,24.8066],[121.3066,24.8094],[121.2934,24.8112],[121.2834,24.8158],[121.2682,24.8149],[121.2642,24.8055],[121.2451,24.8155],[121.2584,24.8352],[121.2676,24.8514],[121.2605,24.8613],[121.248,24.8584],[121.2488,24.8711],[121.2504,24.8803],[121.2504,24.8867],[121.2496,24.8932],[121.2525,24.9011],[121.2539,24.9101],[121.2606,24.9169],[121.2702,24.9258],[121.2753,24.9261],[121.282,24.9209],[121.3005,24.9254],[121.3183,24.9347]]]],[[[[121.2821,24.9779],[121.2841,24.9702],[121.2885,24.9651],[121.2954,24.9617],[121.2948,24.9663],[121.295,24.9725],[121.298,24.9766],[121.3035,24.9783],[121.3046,24.9734],[121.3105,24.9738],[121.3151,24.972],[121.3202,24.9704],[121.3266,24.972],[121.3278,24.9677],[121.3288,24.9636],[121.3281,24.9508],[121.3291,24.9444],[121.3134,24.9365],[121.3015,24.9261],[121.2897,24.9229],[121.2798,24.9207],[121.2765,24.9242],[121.2743,24.9277],[121.2705,24.9261],[121.2678,24.9216],[121.2578,24.9166],[121.2554,24.9123],[121.2531,24.9104],[121.2557,24.9156],[121.2526,24.9208],[121.2552,24.9245],[121.2582,24.9304],[121.265,24.9437],[121.2665,24.9537],[121.2647,24.9609],[121.265,24.9674],[121.2639,24.9733],[121.2709,24.9782],[121.2775,24.9841],[121.2827,24.9843],[121.2821,24.9779]]]],[[[[121.3017,25.0332],[121.3102,25.0315],[121.3165,25.0275],[121.3237,25.0259],[121.3253,25.0207],[121.33,25.0158],[121.3315,25.0088],[121.3306,25.0021],[121.3245,24.9956],[121.3221,24.9891],[121.3288,24.9803],[121.3282,24.9761],[121.3233,24.9709],[121.318,24.971],[121.3129,24.9726],[121.3072,24.9735],[121.3025,24.9761],[121.2997,24.9768],[121.2954,24.9735],[121.2941,24.9672],[121.2953,24.9632],[121.2892,24.9646],[121.2849,24.9701],[121.2818,24.9775],[121.2829,24.9845],[121.2772,24.9838],[121.2698,24.9778],[121.264,24.974],[121.2617,24.9821],[121.2625,24.9885],[121.2714,24.9904],[121.2747,24.9898],[121.2761,24.9966],[121.2784,25.0056],[121.2742,25.013],[121.2718,25.0202],[121.2773,25.0261],[121.2843,25.0319],[121.2892,25.0268],[121.2961,25.032],[121.3017,25.0332]]]],[[[[121.2439,25.1186],[121.2536,25.1064],[121.2618,25.0909],[121.2687,25.0731],[121.2604,25.065],[121.2493,25.0605],[121.2455,25.0554],[121.2478,25.0494],[121.2444,25.0459],[121.237,25.0414],[121.2343,25.0361],[121.2328,25.0299],[121.2387,25.0227],[121.2466,25.013],[121.2414,25.0099],[121.2335,25.0079],[121.2276,25.0043],[121.2234,25.006],[121.2235,25.0111],[121.2242,25.0164],[121.2173,25.0193],[121.2098,25.0062],[121.2076,25.0166],[121.2075,25.0229],[121.2,25.0257],[121.1964,25.0264],[121.1912,25.0184],[121.1874,25.0176],[121.1854,25.0226],[121.1826,25.028],[121.1785,25.0234],[121.168,25.0277],[121.1622,25.0281],[121.1619,25.0346],[121.167,25.043],[121.1617,25.0471],[121.1582,25.0543],[121.1551,25.0637],[121.1551,25.0716],[121.1701,25.0902],[121.2439,25.1186]]]],[[[[121.177,24.9592],[121.1819,24.9456],[121.185,24.9383],[121.1879,24.9309],[121.1874,24.9227],[121.1888,24.9114],[121.1867,24.9016],[121.1838,24.8939],[121.1807,24.8895],[121.1773,24.8844],[121.1751,24.879],[121.1745,24.8723],[121.1645,24.8739],[121.1579,24.8764],[121.1493,24.8812],[121.1395,24.8824],[121.133,24.8797],[121.121,24.8806],[121.1109,24.8845],[121.1109,24.8918],[121.1053,24.8964],[121.0909,24.8936],[121.0788,24.8988],[121.0649,24.9036],[121.0589,24.9087],[121.0607,24.9219],[121.0581,24.9316],[121.0619,24.939],[121.0707,24.9392],[121.0711,24.9454],[121.0766,24.9492],[121.0855,24.9519],[121.0932,24.9547],[121.1048,24.9481],[121.1115,24.9464],[121.1152,24.9486],[121.1262,24.9489],[121.1356,24.9508],[121.1476,24.9465],[121.161,24.9569],[121.177,24.9592]]]],[[[[121.0373,25.0173],[121.0437,25.0172],[121.0508,25.0156],[121.0593,25.0117],[121.0648,25.0076],[121.0703,25.0024],[121.0744,25.0065],[121.0856,25.0024],[121.0927,25.0025],[121.098,24.9982],[121.1072,24.9908],[121.1167,24.9932],[121.1279,24.9982],[121.1283,24.9905],[121.1325,24.9787],[121.1433,24.9692],[121.1536,24.9637],[121.1608,24.9569],[121.1478,24.9467],[121.1373,24.9505],[121.1265,24.9497],[121.1161,24.9498],[121.1123,24.9451],[121.1063,24.9465],[121.096,24.9547],[121.0872,24.9555],[121.0824,24.9488],[121.0736,24.9465],[121.0712,24.9424],[121.0667,24.9389],[121.0585,24.937],[121.048,24.9402],[121.0388,24.9452],[121.0279,24.9437],[121.0174,24.9418],[121.0075,24.946],[120.9982,24.9407],[120.9832,24.9397],[121.0096,24.9899],[121.0313,25.0135],[121.0373,25.0173]]]],[[[[121.1553,25.0821],[121.1539,25.0729],[121.1574,25.0679],[121.1559,25.0614],[121.1577,25.0551],[121.1611,25.0502],[121.1638,25.0459],[121.1669,25.0429],[121.1635,25.0369],[121.1592,25.0315],[121.1622,25.0268],[121.162,25.0208],[121.1612,25.0142],[121.1637,25.008],[121.1658,25.0002],[121.1672,24.9869],[121.1617,24.9762],[121.1514,24.965],[121.1435,24.969],[121.1342,24.9761],[121.1288,24.9857],[121.1307,24.993],[121.1247,24.9957],[121.1162,24.9923],[121.1073,24.9897],[121.1012,24.9962],[121.0952,25.0007],[121.0905,25.0033],[121.0838,25.0037],[121.0749,25.0066],[121.0726,25.0035],[121.0661,25.0052],[121.0617,25.0089],[121.0573,25.0126],[121.0508,25.0154],[121.0449,25.0174],[121.0402,25.0169],[121.034,25.0164],[121.0403,25.0323],[121.0947,25.0636],[121.1553,25.0821]]]],[[[[121.1854,25.0225],[121.1873,25.0173],[121.1926,25.0182],[121.1968,25.0256],[121.2015,25.0262],[121.2064,25.0206],[121.2082,25.0146],[121.2142,25.0035],[121.2255,25.0195],[121.2228,25.0143],[121.2231,25.0082],[121.2256,25.0035],[121.2301,25.0074],[121.2386,25.0094],[121.2478,25.0102],[121.2533,25.0037],[121.2573,24.9927],[121.2619,24.9806],[121.2652,24.9683],[121.2658,24.956],[121.2633,24.9377],[121.251,24.9274],[121.2405,24.926],[121.2327,24.9304],[121.2278,24.9357],[121.2243,24.9429],[121.2202,24.9535],[121.2125,24.9563],[121.1931,24.9581],[121.1873,24.9689],[121.1773,24.961],[121.1625,24.9611],[121.1603,24.9738],[121.1675,24.9899],[121.1649,25.0059],[121.1614,25.0161],[121.1611,25.0259],[121.1691,25.0276],[121.1794,25.0231],[121.1833,25.0274],[121.1854,25.0225]]]],[[[[121.1929,24.8935],[121.1952,24.8881],[121.2061,24.8917],[121.2143,24.8915],[121.2203,24.8922],[121.2231,24.8918],[121.2299,24.8929],[121.2342,24.8869],[121.2404,24.8888],[121.2463,24.8876],[121.2457,24.8807],[121.2439,24.8737],[121.2476,24.8771],[121.2499,24.886],[121.2505,24.881],[121.2487,24.8716],[121.2479,24.8584],[121.2609,24.8606],[121.2677,24.8503],[121.2571,24.8338],[121.2435,24.8121],[121.2262,24.8016],[121.2188,24.8085],[121.2076,24.807],[121.2036,24.814],[121.1977,24.8159],[121.1843,24.8245],[121.1758,24.8322],[121.1654,24.8361],[121.1551,24.8422],[121.1542,24.8493],[121.1582,24.8572],[121.1602,24.8622],[121.1588,24.8704],[121.1602,24.8734],[121.1704,24.8723],[121.1748,24.877],[121.1769,24.8839],[121.1805,24.8895],[121.188,24.8896],[121.1929,24.8935]]]],[[[[121.1911,24.9679],[121.1985,24.9572],[121.2131,24.9561],[121.2201,24.9526],[121.2223,24.9456],[121.2257,24.937],[121.229,24.9316],[121.2362,24.929],[121.2428,24.9251],[121.2526,24.9281],[121.2566,24.9274],[121.2526,24.9207],[121.254,24.9124],[121.2526,24.9041],[121.2507,24.8962],[121.2494,24.8875],[121.2477,24.8785],[121.244,24.8726],[121.2451,24.8785],[121.2466,24.8843],[121.2431,24.8885],[121.2375,24.8872],[121.2319,24.888],[121.2288,24.8939],[121.2224,24.8916],[121.2203,24.8924],[121.2148,24.8917],[121.2074,24.8931],[121.1976,24.8883],[121.1943,24.8924],[121.1903,24.8912],[121.1837,24.8929],[121.1861,24.9007],[121.1889,24.91],[121.1883,24.9213],[121.1883,24.9299],[121.1852,24.9377],[121.182,24.9452],[121.1772,24.9574],[121.1817,24.9694],[121.1911,24.9679]]]]]}},{"type":"Feature","properties":{"county":"高雄市","countyCode":"64000"},"geometry":{"type":"MultiPolygon","coordinates":[[[[[120.3709,22.5869],[120.374,22.5822],[120.3793,22.5827],[120.383,22.5784],[120.3863,22.5734],[120.3861,22.5692],[120.3894,22.5669],[120.3919,22.5651],[120.392,22.5665],[120.3923,22.567],[120.3935,22.5644],[120.3955,22.5603],[120.3947,22.5575],[120.3961,22.5548],[120.3982,22.5504],[120.3966,22.5447],[120.3925,22.5381],[120.3871,22.5353],[120.3826,22.5308],[120.3743,22.5268],[120.3709,22.5223],[120.3663,22.5164],[120.3635,22.5118],[120.3609,22.5082],[120.3435,22.5147],[120.3335,22.5286],[120.3261,22.5294],[120.3263,22.53],[120.3311,22.533],[120.3251,22.5291],[120.3044,22.5454],[120.3156,22.5518],[120.3239,22.5664],[120.3317,22.5709],[120.3375,22.5751],[120.3403,22.5842],[120.3494,22.5852],[120.3605,22.5848],[120.3674,22.5869],[120.3709,22.5869]]]],[[[[120.2902,22.6151],[120.288,22.6159],[120.2848,22.6174],[120.2827,22.6184],[120.2806,22.6194],[120.2798,22.6198],[120.2791,22.6208],[120.2783,22.6214],[120.2775,22.622],[120.2771,22.6227],[120.2771,22.6232],[120.2774,22.6242],[120.2782,22.6255],[120.2792,22.627],[120.2797,22.6278],[120.2806,22.6292],[120.2814,22.6304],[120.2822,22.6315],[120.283,22.6327],[120.2837,22.6336],[120.2844,22.6343],[120.2852,22.6345],[120.2853,22.6339],[120.2858,22.632],[120.2862,22.631],[120.2869,22.6295],[120.2875,22.6283],[120.2884,22.6269],[120.2887,22.6264],[120.2893,22.6251],[120.2895,22.6244],[120.2898,22.6234],[120.2901,22.6218],[120.2903,22.6207],[120.2904,22.6198],[120.2904,22.6188],[120.2903,22.6169],[120.2902,22.6151]]]],[[[[120.306,22.6365],[120.3082,22.6366],[120.3093,22.6368],[120.3118,22.6368],[120.3137,22.6366],[120.3143,22.6362],[120.3167,22.6338],[120.317,22.6327],[120.3178,22.6307],[120.3167,22.6304],[120.3136,22.6306],[120.3132,22.6305],[120.3135,22.6292],[120.3141,22.6278],[120.3141,22.6275],[120.3111,22.6264],[120.3115,22.6249],[120.3121,22.6233],[120.3118,22.6231],[120.3094,22.6223],[120.3074,22.6217],[120.3055,22.621],[120.3027,22.6201],[120.3016,22.6215],[120.301,22.6231],[120.3015,22.6272],[120.3006,22.6271],[120.2978,22.6272],[120.2998,22.6291],[120.299,22.6313],[120.298,22.6337],[120.2974,22.6362],[120.2997,22.6369],[120.3017,22.6367],[120.3047,22.6365],[120.306,22.6365]]]],[[[[120.2978,22.6272],[120.2998,22.6269],[120.3015,22.6273],[120.301,22.624],[120.3011,22.6227],[120.3018,22.6209],[120.2999,22.6192],[120.2979,22.6185],[120.2962,22.618],[120.2962,22.618],[120.2956,22.6196],[120.2951,22.6206],[120.2936,22.6206],[120.2907,22.6205],[120.2903,22.6207],[120.2901,22.6221],[120.2898,22.6235],[120.2895,22.6244],[120.2891,22.6254],[120.2886,22.6266],[120.2881,22.6273],[120.2873,22.6287],[120.2868,22.6297],[120.286,22.6315],[120.2868,22.6322],[120.2884,22.6332],[120.2898,22.6337],[120.2918,22.6343],[120.2933,22.6348],[120.2958,22.6356],[120.2976,22.6347],[120.2984,22.6326],[120.299,22.6313],[120.2994,22.6302],[120.2986,22.6282],[120.2978,22.6272]]]],[[[[120.3182,22.6158],[120.3236,22.6154],[120.3251,22.6123],[120.3306,22.6125],[120.3326,22.6104],[120.3376,22.6095],[120.337,22.6046],[120.3296,22.6009],[120.3228,22.596],[120.3223,22.592],[120.3218,22.5904],[120.3236,22.5881],[120.324,22.5861],[120.3251,22.5851],[120.3286,22.586],[120.3316,22.5861],[120.3346,22.5872],[120.3341,22.5895],[120.3369,22.5892],[120.3393,22.5843],[120.3382,22.578],[120.3351,22.5738],[120.3317,22.571],[120.3269,22.5688],[120.3232,22.5649],[120.3162,22.5601],[120.308,22.5693],[120.3035,22.5748],[120.2996,22.5795],[120.2942,22.5867],[120.287,22.5982],[120.2819,22.6067],[120.2788,22.6122],[120.2867,22.612],[120.2956,22.6079],[120.3046,22.6123],[120.308,22.6151],[120.3144,22.6172],[120.3183,22.6168],[120.3182,22.6158]]]],[[[[120.3273,22.7549],[120.332,22.7527],[120.336,22.7481],[120.3405,22.7441],[120.3393,22.7387],[120.3388,22.735],[120.3402,22.7301],[120.3353,22.7268],[120.3363,22.7218],[120.329,22.7191],[120.3265,22.7158],[120.3262,22.7079],[120.3271,22.7046],[120.3167,22.6976],[120.3016,22.7008],[120.2985,22.7083],[120.2929,22.7058],[120.2687,22.7059],[120.2658,22.7046],[120.263,22.6984],[120.2617,22.6969],[120.2598,22.7059],[120.2572,22.7136],[120.2567,22.7154],[120.2601,22.7234],[120.2651,22.7292],[120.2699,22.7313],[120.275,22.7336],[120.2857,22.7377],[120.2943,22.7332],[120.2973,22.7299],[120.3007,22.7291],[120.3077,22.7299],[120.3099,22.7336],[120.3115,22.7356],[120.3194,22.7348],[120.3242,22.7358],[120.3232,22.7445],[120.3259,22.7513],[120.3251,22.7561],[120.3273,22.7549]]]],[[[[120.372,22.6466],[120.3751,22.6435],[120.3783,22.6362],[120.3826,22.6295],[120.3876,22.6263],[120.3809,22.6231],[120.3782,22.6212],[120.3798,22.6172],[120.3781,22.6126],[120.377,22.6076],[120.3737,22.6067],[120.3714,22.603],[120.3715,22.5983],[120.3687,22.5943],[120.37,22.5902],[120.369,22.5868],[120.3613,22.5849],[120.3492,22.585],[120.3391,22.5848],[120.3341,22.5894],[120.3316,22.5861],[120.3252,22.5851],[120.3236,22.5879],[120.3213,22.5916],[120.3281,22.5999],[120.3379,22.6071],[120.3326,22.6127],[120.33,22.6179],[120.3385,22.621],[120.3443,22.628],[120.3431,22.6309],[120.3467,22.6378],[120.3485,22.6466],[120.3514,22.6467],[120.3562,22.6442],[120.3586,22.6448],[120.359,22.6474],[120.3636,22.645],[120.3675,22.6457],[120.3719,22.6466],[120.372,22.6466]]]],[[[[120.4361,22.6496],[120.4348,22.6275],[120.4374,22.6075],[120.4466,22.5942],[120.4448,22.5728],[120.4381,22.553],[120.4292,22.5386],[120.414,22.5333],[120.4035,22.5338],[120.3995,22.5376],[120.3925,22.5374],[120.3977,22.5469],[120.3966,22.554],[120.3943,22.5586],[120.3942,22.5639],[120.3917,22.5672],[120.3927,22.5651],[120.3892,22.5676],[120.3855,22.572],[120.3825,22.5789],[120.3762,22.5824],[120.3705,22.5871],[120.3703,22.5909],[120.3706,22.5957],[120.3712,22.6019],[120.3739,22.6067],[120.3773,22.6094],[120.3789,22.6153],[120.3784,22.6204],[120.3813,22.6236],[120.3861,22.6295],[120.3795,22.6343],[120.3823,22.6403],[120.3879,22.6422],[120.3941,22.644],[120.4013,22.6431],[120.4111,22.6432],[120.4173,22.6443],[120.4226,22.647],[120.4323,22.6503],[120.4361,22.6496]]]],[[[[120.4302,22.7754],[120.438,22.7731],[120.4431,22.7729],[120.4492,22.7728],[120.4541,22.766],[120.4539,22.7543],[120.4547,22.744],[120.4557,22.7331],[120.4551,22.7154],[120.451,22.6974],[120.4397,22.6785],[120.4363,22.6628],[120.4311,22.6499],[120.4213,22.6459],[120.4157,22.643],[120.4056,22.6437],[120.401,22.6462],[120.4,22.6514],[120.4016,22.6565],[120.4025,22.6611],[120.4024,22.6668],[120.3986,22.6721],[120.3966,22.68],[120.3918,22.6841],[120.3927,22.6908],[120.3947,22.6974],[120.3962,22.7019],[120.3947,22.705],[120.3984,22.7091],[120.3995,22.7132],[120.4008,22.7179],[120.4029,22.7234],[120.4013,22.7336],[120.4014,22.738],[120.4104,22.7438],[120.4116,22.751],[120.4136,22.7603],[120.4161,22.7682],[120.4212,22.7741],[120.4279,22.7776],[120.4302,22.7754]]]],[[[[120.4055,22.7659],[120.4074,22.7611],[120.4098,22.7591],[120.4117,22.7533],[120.4117,22.7477],[120.409,22.7423],[120.4009,22.738],[120.3945,22.7355],[120.391,22.7417],[120.3847,22.7374],[120.3804,22.735],[120.3778,22.7315],[120.3775,22.7284],[120.3746,22.727],[120.3731,22.7246],[120.372,22.7173],[120.3688,22.712],[120.3604,22.7142],[120.352,22.7173],[120.3467,22.7158],[120.3373,22.7214],[120.3367,22.728],[120.3403,22.7316],[120.3395,22.7355],[120.3376,22.7391],[120.3378,22.7454],[120.3373,22.7491],[120.3412,22.7508],[120.3442,22.753],[120.3458,22.7545],[120.3522,22.7525],[120.363,22.7511],[120.3725,22.7531],[120.3772,22.7559],[120.3829,22.76],[120.388,22.7622],[120.392,22.7636],[120.3961,22.7616],[120.3989,22.7635],[120.4037,22.7658],[120.4055,22.7659]]]],[[[[120.3898,22.7418],[120.3957,22.7349],[120.4005,22.7279],[120.4023,22.7217],[120.4,22.7164],[120.3999,22.7122],[120.398,22.7083],[120.3945,22.7046],[120.3963,22.7016],[120.3947,22.6974],[120.3881,22.6951],[120.3814,22.6893],[120.3778,22.6853],[120.3726,22.6809],[120.3685,22.676],[120.3619,22.6697],[120.3554,22.6724],[120.3505,22.6711],[120.3438,22.6716],[120.3398,22.6722],[120.3317,22.672],[120.3279,22.6732],[120.3291,22.6754],[120.327,22.6757],[120.3223,22.6814],[120.3218,22.6894],[120.3149,22.6959],[120.3285,22.704],[120.327,22.7097],[120.3265,22.7184],[120.336,22.722],[120.3467,22.7158],[120.3531,22.717],[120.3648,22.7092],[120.3722,22.715699999999998],[120.373,22.7246],[120.3753,22.7272],[120.3783,22.7294],[120.3795,22.7346],[120.3851,22.7376],[120.3898,22.7418]]]],[[[[120.3915,22.6892],[120.3918,22.6848],[120.3977,22.6807],[120.3969,22.6772],[120.3991,22.671],[120.4026,22.6662],[120.4024,22.6615],[120.4017,22.658],[120.4005,22.6534],[120.4001,22.6502],[120.4004,22.6456],[120.3999,22.6437],[120.3934,22.6439],[120.3877,22.6423],[120.3826,22.6404],[120.3766,22.6405],[120.3735,22.6471],[120.3686,22.6462],[120.3634,22.6451],[120.3587,22.6471],[120.3583,22.6429],[120.3542,22.6464],[120.3486,22.6478],[120.3397,22.6505],[120.334,22.6562],[120.3322,22.6605],[120.3352,22.6623],[120.3364,22.6686],[120.3413,22.6729],[120.3444,22.6713],[120.3502,22.671],[120.3545,22.6731],[120.3584,22.6696],[120.3656,22.672],[120.3701,22.6768],[120.3735,22.6815],[120.3775,22.6851],[120.3803,22.6893],[120.3855,22.6924],[120.3915,22.6954],[120.3915,22.6892]]]],[[[[120.347,22.8363],[120.3427,22.8278],[120.3488,22.8248],[120.3484,22.819],[120.3495,22.8135],[120.3443,22.8122],[120.3406,22.8102],[120.3347,22.8079],[120.3279,22.8022],[120.3261,22.8042],[120.3227,22.8009],[120.3189,22.7965],[120.3136,22.7909],[120.3168,22.7814],[120.317,22.7746],[120.3092,22.7744],[120.3034,22.7767],[120.2959,22.7752],[120.2899,22.7703],[120.2829,22.7694],[120.2742,22.7694],[120.2655,22.7701],[120.2593,22.7735],[120.2546,22.7845],[120.2565,22.795],[120.2629,22.8028],[120.2575,22.8079],[120.255,22.8113],[120.2535,22.818],[120.2628,22.8234],[120.2696,22.8203],[120.2771,22.8167],[120.2835,22.819],[120.2912,22.8267],[120.2915,22.8336],[120.2959,22.84],[120.3077,22.8347],[120.3206,22.8403],[120.3284,22.8374],[120.3385,22.8364],[120.347,22.8363]]]],[[[[120.3031,22.7767],[120.3059,22.773],[120.309,22.7741],[120.3136,22.7708],[120.3168,22.7688],[120.3241,22.7696],[120.3305,22.7736],[120.3326,22.7665],[120.3346,22.7619],[120.3376,22.7573],[120.3324,22.7567],[120.3283,22.7549],[120.3249,22.7547],[120.3253,22.7497],[120.3251,22.7424],[120.3236,22.735],[120.3193,22.7348],[120.3123,22.7355],[120.3099,22.7343],[120.3094,22.7299],[120.3022,22.7294],[120.2987,22.7316],[120.2959,22.7307],[120.2921,22.7367],[120.2787,22.7376],[120.2743,22.7315],[120.2687,22.7311],[120.2656,22.7332],[120.2657,22.7416],[120.2712,22.7447],[120.2739,22.7529],[120.2762,22.7587],[120.2746,22.766],[120.2795,22.7668],[120.2831,22.7694],[120.2849,22.7704],[120.29,22.7704],[120.2942,22.7713],[120.2959,22.7754],[120.3,22.7772],[120.3031,22.7767]]]],[[[[120.3588,22.8303],[120.3647,22.8281],[120.3707,22.825],[120.3762,22.825],[120.3807,22.8201],[120.3873,22.8187],[120.3958,22.8172],[120.4003,22.8162],[120.4083,22.8157],[120.4135,22.8106],[120.4156,22.8067],[120.4205,22.801],[120.4221,22.7936],[120.43,22.787],[120.4283,22.7777],[120.4185,22.7731],[120.4132,22.7596],[120.4077,22.7631],[120.3989,22.7627],[120.3917,22.764],[120.3817,22.759],[120.3697,22.7534],[120.3485,22.7516],[120.3427,22.7535],[120.3351,22.7493],[120.3356,22.7572],[120.333,22.7656],[120.3236,22.769],[120.3163,22.7743],[120.3166,22.7817],[120.3138,22.7929],[120.3198,22.7993],[120.3239,22.8046],[120.3286,22.8004],[120.3331,22.8059],[120.3402,22.8101],[120.3446,22.8126],[120.3502,22.8148],[120.3473,22.8216],[120.3517,22.828],[120.3588,22.8303]]]],[[[[120.3969,22.9226],[120.406,22.9155],[120.4127,22.9081],[120.4178,22.9047],[120.4214,22.9006],[120.4227,22.895],[120.4279,22.8943],[120.435,22.8863],[120.443,22.8813],[120.4469,22.8722],[120.446,22.8665],[120.4444,22.8597],[120.4463,22.8522],[120.4442,22.8415],[120.4324,22.8298],[120.4274,22.8219],[120.423,22.8175],[120.4198,22.8103],[120.4128,22.8107],[120.4069,22.8154],[120.3982,22.8159],[120.3923,22.8177],[120.3836,22.8199],[120.3783,22.8238],[120.3727,22.825],[120.3659,22.8275],[120.3591,22.8293],[120.3491,22.8265],[120.3479,22.8318],[120.3442,22.8486],[120.3482,22.8606],[120.3569,22.8744],[120.3567,22.8863],[120.3492,22.8835],[120.3532,22.8912],[120.3571,22.8937],[120.3611,22.902],[120.3722,22.9065],[120.3781,22.9183],[120.3876,22.9194],[120.3969,22.9226]]]],[[[[120.2803,22.9049],[120.3029,22.9005],[120.318,22.8964],[120.3252,22.9003],[120.3331,22.8893],[120.3466,22.8899],[120.3493,22.8858],[120.3528,22.8828],[120.3536,22.8869],[120.3561,22.883],[120.3549,22.8793],[120.3558,22.8724],[120.3501,22.8665],[120.3485,22.8603],[120.3452,22.8546],[120.3443,22.8492],[120.3437,22.8416],[120.3371,22.8366],[120.3307,22.8353],[120.3271,22.8385],[120.322,22.8399],[120.3154,22.8363],[120.3078,22.8353],[120.3004,22.8371],[120.2946,22.8401],[120.2952,22.8426],[120.2979,22.8464],[120.3025,22.8508],[120.306,22.8544],[120.3063,22.8603],[120.3056,22.8655],[120.3045,22.8704],[120.3051,22.8746],[120.3042,22.8797],[120.3018,22.8833],[120.291,22.8865],[120.2891,22.8884],[120.2867,22.8932],[120.28,22.8942],[120.2787,22.8996],[120.2803,22.9049]]]],[[[[120.2741,22.8952],[120.281,22.8937],[120.288,22.8917],[120.2899,22.8858],[120.3013,22.8835],[120.3044,22.8792],[120.3044,22.8732],[120.3042,22.8668],[120.3068,22.8613],[120.306,22.8541],[120.3002,22.8498],[120.2975,22.8442],[120.2938,22.8398],[120.2922,22.8352],[120.295,22.8289],[120.2872,22.824],[120.2835,22.819],[120.2793,22.8169],[120.2738,22.8178],[120.2685,22.8203],[120.2663,22.8228],[120.2559,22.8277],[120.2463,22.8294],[120.2404,22.834],[120.2365,22.8397],[120.23,22.8413],[120.2258,22.8412],[120.2168,22.8491],[120.2192,22.8611],[120.2183,22.8702],[120.2247,22.8727],[120.2313,22.8683],[120.2398,22.869],[120.2447,22.872],[120.2509,22.8722],[120.2526,22.8803],[120.2596,22.8856],[120.2605,22.8913],[120.2569,22.899],[120.2686,22.8974],[120.2741,22.8952]]]],[[[[120.194,22.9206],[120.2088,22.9146],[120.2215,22.9104],[120.2287,22.917],[120.2314,22.9104],[120.2367,22.905],[120.2461,22.9003],[120.2559,22.894],[120.2595,22.8934],[120.2608,22.8909],[120.2602,22.8886],[120.259,22.8854],[120.2528,22.8827],[120.2529,22.8774],[120.2519,22.8733],[120.2489,22.872],[120.2461,22.8718],[120.2436,22.8713],[120.241,22.8686],[120.2379,22.8692],[120.2335,22.8686],[120.2281,22.8715],[120.2255,22.8728],[120.222,22.8714],[120.2187,22.8713],[120.2183,22.8813],[120.2095,22.8823],[120.2046,22.8828],[120.2062,22.8846],[120.2104,22.8892],[120.2071,22.8935],[120.2044,22.8916],[120.2027,22.8873],[120.2006,22.8886],[120.1989,22.8908],[120.1971,22.8991],[120.1976,22.9008],[120.1974,22.9085],[120.1904,22.9147],[120.191,22.9205],[120.194,22.9206]]]],[[[[120.5222,22.978],[120.5225,22.9597],[120.5205,22.9402],[120.5195,22.9227],[120.5127,22.9088],[120.5078,22.8962],[120.5042,22.8824],[120.5014,22.8716],[120.5017,22.8635],[120.5195,22.8578],[120.5083,22.842],[120.4941,22.8365],[120.4788,22.8368],[120.4651,22.8075],[120.4563,22.7811],[120.4466,22.7725],[120.4358,22.7736],[120.431,22.7843],[120.4228,22.7933],[120.4201,22.8018],[120.4184,22.8085],[120.4222,22.8166],[120.4274,22.8218],[120.4329,22.8306],[120.4469,22.8442],[120.4451,22.8555],[120.443,22.8625],[120.4433,22.8696],[120.4441,22.8788],[120.4484,22.8872],[120.4612,22.8909],[120.4698,22.8956],[120.4746,22.9075],[120.4814,22.9219],[120.4828,22.9379],[120.4919,22.9319],[120.4989,22.9417],[120.5026,22.9515],[120.5099,22.9622],[120.5126,22.9761],[120.5222,22.978]]]],[[[[120.6088,22.9806],[120.6238,22.9776],[120.6274,22.9663],[120.6253,22.9536],[120.626,22.9439],[120.6212,22.9362],[120.6168,22.927],[120.6075,22.9224],[120.6036,22.9168],[120.5988,22.909],[120.599,22.9025],[120.5959,22.8919],[120.5944,22.8817],[120.5925,22.8724],[120.5951,22.8675],[120.582,22.8537],[120.5509,22.8284],[120.5284,22.8325],[120.5115,22.8295],[120.5103,22.842],[120.5186,22.8461],[120.5159,22.8625],[120.5016,22.8636],[120.4966,22.8683],[120.5033,22.8739],[120.5038,22.8813],[120.5075,22.889],[120.5061,22.898],[120.5103,22.9061],[120.5233,22.9137],[120.5288,22.9219],[120.5371,22.9268],[120.5463,22.935],[120.5539,22.9411],[120.5625,22.9408],[120.574,22.9444],[120.5759,22.9554],[120.5807,22.9681],[120.5914,22.9744],[120.6033,22.9805],[120.6088,22.9806]]]],[[[[120.6881,23.1345],[120.7062,23.1173],[120.741,23.1174],[120.7335,23.1017],[120.7091,23.0919],[120.717,23.0648],[120.7062,23.0411],[120.6919,23.0197],[120.6749,23.0039],[120.6769,22.9881],[120.6712,22.9394],[120.6679,22.9132],[120.6514,22.8876],[120.6375,22.8825],[120.602,22.8703],[120.5937,22.8701],[120.5936,22.8812],[120.597,22.8954],[120.597,22.9071],[120.6038,22.9175],[120.6138,22.921],[120.62,22.9349],[120.6262,22.9464],[120.627,22.9609],[120.6237,22.9777],[120.6185,22.9984],[120.6201,23.0126],[120.6162,23.0262],[120.6084,23.0363],[120.6222,23.0478],[120.6256,23.0608],[120.6361,23.0736],[120.6382,23.0889],[120.6511,23.096],[120.6563,23.1123],[120.6709,23.1143],[120.6777,23.0969],[120.6869,23.0928],[120.689,23.1118],[120.6778,23.1355],[120.6881,23.1345]]]],[[[[120.6503,23.2085],[120.66,23.2002],[120.6821,23.1951],[120.6877,23.1763],[120.6855,23.1599],[120.6791,23.1398],[120.6709,23.125],[120.6585,23.1154],[120.6517,23.1035],[120.6498,23.094],[120.6408,23.0899],[120.6397,23.0801],[120.6334,23.0723],[120.6258,23.0614],[120.6243,23.0494],[120.6189,23.0441],[120.6072,23.0368],[120.6,23.0434],[120.5921,23.0487],[120.5835,23.0511],[120.5722,23.0445],[120.5613,23.044],[120.5532,23.0399],[120.5467,23.0434],[120.5446,23.0511],[120.5438,23.0633],[120.5581,23.0728],[120.5652,23.0807],[120.573,23.0897],[120.578,23.1002],[120.5843,23.1092],[120.5884,23.1178],[120.5918,23.1288],[120.5985,23.1386],[120.6057,23.1466],[120.6116,23.1562],[120.6242,23.1656],[120.6313,23.1744],[120.6398,23.1837],[120.641,23.1988],[120.6503,23.2085]]]],[[[[120.5415,23.062],[120.546,23.0498],[120.5505,23.0423],[120.5593,23.0431],[120.5719,23.0444],[120.5857,23.0532],[120.595,23.0475],[120.6014,23.038],[120.6098,23.0306],[120.6196,23.0237],[120.6206,23.011],[120.6189,22.9993],[120.6216,22.9827],[120.609,22.9805],[120.6009,22.9772],[120.5865,22.9724],[120.5744,22.9604],[120.5746,22.9459],[120.563,22.9408],[120.553,22.9409],[120.5426,22.9338],[120.5347,22.9246],[120.527,22.9163],[120.515,22.9149],[120.5225,22.9268],[120.5201,22.9398],[120.5236,22.9516],[120.5287,22.9723],[120.5208,22.98],[120.5223,22.9885],[120.5269,22.995],[120.5296,23.003],[120.5343,23.0134],[120.5367,23.0231],[120.5295,23.0254],[120.516,23.0187],[120.504,23.0256],[120.5099,23.0353],[120.5226,23.046],[120.5308,23.0562],[120.5415,23.062]]]],[[[[120.5362,23.026],[120.5354,23.0164],[120.5296,23.0051],[120.5273,22.9962],[120.5223,22.9886],[120.5194,22.9792],[120.5112,22.9751],[120.5098,22.9624],[120.5045,22.9526],[120.4993,22.9467],[120.4966,22.9351],[120.4902,22.9333],[120.482,22.9362],[120.4799,22.9232],[120.4769,22.9124],[120.4706,22.9017],[120.4682,22.8919],[120.4595,22.8891],[120.4487,22.8874],[120.4396,22.8861],[120.4313,22.8925],[120.4251,22.8932],[120.4234,22.8972],[120.4212,22.9028],[120.4166,22.9043],[120.4115,22.9085],[120.4173,22.9177],[120.4221,22.9287],[120.4282,22.9404],[120.4332,22.9564],[120.4405,22.9704],[120.4509,22.9783],[120.4535,22.9858],[120.461,22.9917],[120.4595,23.0012],[120.4735,23.0029],[120.4813,23.0108],[120.4956,23.0233],[120.5082,23.0225],[120.5247,23.0219],[120.5362,23.026]]]],[[[[120.73779999999999,22.9905],[120.7567,22.9835],[120.7727,22.9855],[120.7859,22.9914],[120.8026,22.9864],[120.812,22.9838],[120.8213,22.9787],[120.8302,22.9703],[120.8236,22.9505],[120.8247,22.9313],[120.8332,22.9125],[120.834,22.8968],[120.8485,22.8794],[120.865,22.8713],[120.8682,22.8586],[120.865,22.8459],[120.8576,22.8526],[120.8412,22.8573],[120.8208,22.8637],[120.8023,22.8521],[120.793,22.8423],[120.7734,22.8402],[120.7626,22.8556],[120.7465,22.868],[120.7243,22.881],[120.6996,22.8751],[120.6767,22.8573],[120.6588,22.8667],[120.6519,22.8783],[120.6499,22.8841],[120.6555,22.8933],[120.663,22.9059],[120.6704,22.9181],[120.6704,22.93],[120.6713,22.9401],[120.6669,22.9555],[120.6772,22.9802],[120.7049,22.99],[120.7194,22.9995],[120.7287,22.9958],[120.73779999999999,22.9905]]]],[[[[120.6903,23.1113],[120.6932,23.1093],[120.695,23.1075],[120.6948,23.1051],[120.6932,23.1015],[120.6911,23.0989],[120.6886,23.096],[120.687,23.094],[120.6866,23.0922],[120.6854,23.093],[120.684,23.0927],[120.6835,23.0935],[120.6833,23.0943],[120.682,23.0939],[120.6802,23.0944],[120.6784,23.0961],[120.6771,23.0975],[120.6768,23.0993],[120.6751,23.1012],[120.6741,23.1033],[120.6737,23.106],[120.675,23.1081],[120.6736,23.1109],[120.6722,23.1129],[120.6699,23.1148],[120.6678,23.1163],[120.6665,23.1184],[120.667,23.1206],[120.6698,23.1235],[120.6711,23.1252],[120.6746,23.128],[120.6761,23.1292],[120.6791,23.1271],[120.6808,23.1246],[120.6824,23.1208],[120.6847,23.1174],[120.6867,23.1137],[120.6895,23.1118],[120.6903,23.1113]]]],[[[[120.9685,23.4712],[121.0125,23.4484],[121.0212,23.4291],[121.027,23.4055],[121.003,23.3944],[121.0043,23.354],[121.0236,23.3428],[121.0467,23.3266],[121.0319,23.3037],[121.0079,23.2913],[120.9447,23.2526],[120.9071,23.206],[120.8852,23.1548],[120.8864,23.0943],[120.88,23.0355],[120.8493,22.9952],[120.8152,22.9809],[120.7779,22.9916],[120.731,22.9952],[120.686,22.9781],[120.6754,23.0031],[120.6946,23.0217],[120.7191,23.0523],[120.708,23.0847],[120.7335,23.1017],[120.7317,23.1209],[120.6952,23.1297],[120.683,23.1522],[120.7052,23.1754],[120.7327,23.193],[120.7528,23.2281],[120.766,23.2623],[120.7825,23.2949],[120.8077,23.3258],[120.8129,23.3611],[120.8312,23.3868],[120.8493,23.4187],[120.8828,23.4352],[120.9123,23.458],[120.937,23.4638],[120.9685,23.4712]]]],[[[[120.8135,23.3607],[120.8232,23.3437],[120.8087,23.3295],[120.7999,23.3199],[120.7903,23.3033],[120.7768,23.2922],[120.7731,23.2756],[120.7649,23.2618],[120.7603,23.2443],[120.7556,23.2302],[120.7455,23.2184],[120.7394,23.201],[120.7269,23.1895],[120.716,23.1836],[120.7031,23.1743],[120.6907,23.1741],[120.681,23.1862],[120.6731,23.1985],[120.658,23.2009],[120.6519,23.2083],[120.6559,23.2216],[120.65,23.2314],[120.6506,23.237],[120.6488,23.2436],[120.647,23.2507],[120.6409,23.265],[120.6406,23.2738],[120.644,23.2817],[120.6422,23.2923],[120.6549,23.2916],[120.6697,23.2922],[120.6956,23.2845],[120.7094,23.3061],[120.7303,23.3112],[120.7427,23.3215],[120.7532,23.3314],[120.7577,23.3437],[120.7809,23.3422],[120.7931,23.3576],[120.8043,23.3707],[120.8135,23.3607]]]],[[[[120.3983,22.5372],[120.4004,22.5372],[120.4014,22.5363],[120.4034,22.535],[120.4042,22.5338],[120.408,22.5335],[120.4119,22.5327],[120.4141,22.5333],[120.417,22.5331],[120.4236,22.5342],[120.4257,22.5302],[120.4245,22.5238],[120.4229,22.5185],[120.4229,22.5126],[120.4239,22.5055],[120.4254,22.4992],[120.4252,22.4945],[120.4248,22.4888],[120.4242,22.4823],[120.4241,22.4771],[120.4139,22.4705],[120.3915,22.4805],[120.3589,22.5007],[120.3612,22.5091],[120.3626,22.5106],[120.3635,22.5126],[120.3651,22.5149],[120.3666,22.5167],[120.3673,22.5193],[120.3712,22.5227],[120.3715,22.5243],[120.3743,22.5268],[120.3794,22.5278],[120.3821,22.5305],[120.3852,22.5325],[120.3866,22.5349],[120.3897,22.5357],[120.3924,22.5372],[120.394,22.5365],[120.3968,22.5379],[120.3983,22.5372]]]],[[[[120.1995,22.9034],[120.1975,22.9007],[120.1978,22.8938],[120.2003,22.8888],[120.2018,22.8879],[120.2038,22.8906],[120.206,22.8934],[120.2096,22.8912],[120.2079,22.8848],[120.2039,22.8821],[120.2081,22.8832],[120.2152,22.882],[120.2186,22.8726],[120.2187,22.8706],[120.2173,22.8668],[120.2195,22.8625],[120.2169,22.8552],[120.2085,22.8541],[120.2024,22.8546],[120.1989,22.8524],[120.1951,22.851],[120.1929,22.8563],[120.19,22.8604],[120.1928,22.8652],[120.1923,22.8664],[120.1912,22.8701],[120.1895,22.8746],[120.1889,22.8761],[120.1877,22.8788],[120.1856,22.8837],[120.1836,22.8885],[120.182,22.892],[120.1794,22.8982],[120.1782,22.9012],[120.177,22.9048],[120.1747,22.9102],[120.1815,22.9164],[120.1902,22.9159],[120.1961,22.9091],[120.1995,22.9034]]]],[[[[120.224,22.845],[120.2288,22.84],[120.2301,22.8412],[120.2328,22.8393],[120.2388,22.8382],[120.2402,22.8343],[120.243,22.8308],[120.2481,22.8295],[120.2568,22.8285],[120.2536,22.8214],[120.2539,22.818],[120.256,22.8154],[120.2552,22.8116],[120.2533,22.8086],[120.2561,22.8072],[120.2597,22.8083],[120.2613,22.8049],[120.2615,22.8018],[120.2611,22.7989],[120.2535,22.7954],[120.2445,22.7979],[120.2435,22.7954],[120.237,22.7983],[120.2318,22.8018],[120.2276,22.8019],[120.2231,22.8027],[120.2186,22.8045],[120.2156,22.8035],[120.2134,22.8063],[120.2029,22.8061],[120.1903,22.8154],[120.2064,22.8249],[120.199,22.8435],[120.1909,22.8421],[120.1935,22.8432],[120.1952,22.8461],[120.1977,22.8513],[120.2024,22.8546],[120.2123,22.8518],[120.2202,22.8467],[120.224,22.845]]]],[[[[120.2212,22.8038],[120.2245,22.8025],[120.2282,22.8019],[120.2317,22.8018],[120.2355,22.7992],[120.2408,22.7959],[120.2448,22.7956],[120.2446,22.7979],[120.2523,22.7961],[120.2562,22.7939],[120.2524,22.7906],[120.2536,22.7867],[120.2548,22.7831],[120.2551,22.7788],[120.2591,22.7788],[120.2585,22.7716],[120.256,22.7698],[120.253,22.7659],[120.2509,22.762],[120.2496,22.7593],[120.2495,22.7548],[120.2466,22.7534],[120.2451,22.7524],[120.2433,22.7522],[120.2442,22.7486],[120.2446,22.7454],[120.2425,22.7449],[120.2417,22.7465],[120.2408,22.7483],[120.2397,22.7507],[120.2384,22.7525],[120.23779999999999,22.7541],[120.2365,22.7563],[120.2313,22.7608],[120.2323,22.7662],[120.2258,22.7798],[120.2204,22.7912],[120.2159,22.802],[120.2163,22.804],[120.2188,22.8045],[120.2212,22.8038]]]],[[[[120.2669,22.7707],[120.2689,22.7677],[120.2709,22.7702],[120.2747,22.7684],[120.2751,22.7647],[120.2759,22.7607],[120.276,22.7556],[120.2739,22.7527],[120.2718,22.7491],[120.2696,22.7425],[120.2667,22.7416],[120.2662,22.7383],[120.2657,22.7338],[120.266,22.7299],[120.263,22.7272],[120.2607,22.7241],[120.2571,22.7198],[120.2546,22.7204],[120.2505,22.724],[120.2499,22.7283],[120.2487,22.7306],[120.2473,22.7338],[120.2463,22.7358],[120.2455,22.7383],[120.2437,22.743],[120.2442,22.7451],[120.2436,22.7479],[120.244,22.7508],[120.2436,22.7537],[120.2454,22.7512],[120.247,22.7542],[120.2495,22.7548],[120.2502,22.7581],[120.2509,22.7608],[120.2518,22.7644],[120.2538,22.7677],[120.2569,22.7696],[120.2602,22.7701],[120.2629,22.7702],[120.2655,22.7701],[120.2669,22.7707]]]],[[[[120.3452,22.6331],[120.3423,22.6309],[120.3394,22.6294],[120.3431,22.6281],[120.3453,22.6261],[120.3408,22.6244],[120.3387,22.6213],[120.3383,22.6174],[120.3345,22.6185],[120.328,22.6166],[120.3274,22.6138],[120.3251,22.6123],[120.3242,22.6146],[120.3217,22.6156],[120.3181,22.6171],[120.3145,22.6172],[120.3101,22.6157],[120.3052,22.6139],[120.3014,22.6112],[120.2962,22.6083],[120.2894,22.6108],[120.2904,22.617],[120.2927,22.6206],[120.2961,22.6182],[120.2998,22.6191],[120.3057,22.6211],[120.3107,22.6228],[120.3113,22.6254],[120.3142,22.6275],[120.3132,22.6305],[120.3179,22.6303],[120.3167,22.6343],[120.3201,22.634],[120.3181,22.6379],[120.3192,22.6382],[120.3258,22.6371],[120.3328,22.6358],[120.337,22.6351],[120.3447,22.6337],[120.3452,22.6331]]]],[[[[120.3264,22.6798],[120.3268,22.6757],[120.3292,22.6759],[120.3284,22.6751],[120.3269,22.6731],[120.3277,22.6725],[120.3301,22.6724],[120.3331,22.6724],[120.338,22.6733],[120.3373,22.6692],[120.3334,22.6653],[120.3354,22.6613],[120.3334,22.66],[120.3311,22.6591],[120.3345,22.6555],[120.3374,22.6522],[120.3424,22.6484],[120.3472,22.6443],[120.3488,22.6385],[120.3426,22.6341],[120.3316,22.6361],[120.3189,22.6383],[120.3201,22.6339],[120.3125,22.6368],[120.3017,22.6367],[120.2906,22.6339],[120.2852,22.6348],[120.283,22.6412],[120.285,22.6483],[120.2899,22.6498],[120.2947,22.6512],[120.30029999999999,22.6517],[120.3052,22.6531],[120.3102,22.6547],[120.3118,22.6596],[120.3136,22.6657],[120.3155,22.6694],[120.319,22.6716],[120.3212,22.6752],[120.3249,22.6784],[120.3264,22.6798]]]],[[[[114.3617,10.3728],[114.3617,10.3728],[114.3618,10.3728],[114.3618,10.3728],[114.3618,10.3728],[114.3618,10.3728],[114.3618,10.3728],[114.3618,10.3728],[114.3618,10.3728],[114.3618,10.3728],[114.3618,10.3728],[114.3618,10.3728],[114.3617,10.3728],[114.3617,10.3728],[114.3617,10.3728],[114.3617,10.3728],[114.3617,10.3728],[114.3617,10.3728],[114.3617,10.3728],[114.3617,10.3728],[114.3617,10.3728],[114.3617,10.3728],[114.3617,10.3728],[114.3617,10.3728],[114.3617,10.3728],[114.3617,10.3728],[114.3617,10.3728],[114.3617,10.3728]]]],[[[[114.3617,10.3728],[114.3617,10.3728],[114.3617,10.3728],[114.3616,10.3728],[114.3616,10.3728],[114.3616,10.3728],[114.3616,10.3728],[114.3616,10.3728],[114.3616,10.3728],[114.3616,10.3728],[114.3616,10.3728],[114.3616,10.3729],[114.3616,10.3728],[114.3617,10.3728],[114.3617,10.3728],[114.3617,10.3728],[114.3617,10.3728],[114.3617,10.3728],[114.3617,10.3728],[114.3617,10.3728],[114.3617,10.3728]]]],[[[[114.3616,10.3729],[114.3616,10.3729],[114.3616,10.3729],[114.3616,10.3729],[114.3616,10.3729],[114.3616,10.3729],[114.3616,10.3729],[114.3616,10.3729],[114.3616,10.3729],[114.3616,10.3729],[114.3616,10.3729],[114.3616,10.3729],[114.3616,10.3729],[114.3616,10.3729],[114.3616,10.3729],[114.3616,10.3729],[114.3616,10.3729],[114.3616,10.3729],[114.3616,10.3729],[114.3616,10.3729],[114.3616,10.3729]]]],[[[[114.3618,10.3731],[114.3618,10.3731],[114.3618,10.3731],[114.3618,10.3731],[114.3618,10.3731],[114.3618,10.373],[114.3617,10.3731],[114.3617,10.3731],[114.3617,10.373],[114.3616,10.373],[114.3616,10.373],[114.3616,10.373],[114.3616,10.373],[114.3616,10.3729],[114.3616,10.3729],[114.3615,10.373],[114.3615,10.373],[114.3615,10.373],[114.3616,10.373],[114.3616,10.373],[114.3616,10.373],[114.3616,10.3731],[114.3616,10.3731],[114.3616,10.3731],[114.3617,10.3731],[114.3617,10.3731],[114.3617,10.3731],[114.3617,10.3731],[114.3617,10.3731],[114.3618,10.3731]]]],[[[[114.3619,10.3732],[114.3619,10.3731],[114.3619,10.3731],[114.3618,10.3731],[114.3618,10.3731],[114.3618,10.3732],[114.3618,10.3732],[114.3618,10.3732],[114.3618,10.3732],[114.3618,10.3732],[114.3618,10.3732],[114.3618,10.3732],[114.3619,10.3732],[114.3619,10.3732],[114.3619,10.3732],[114.3619,10.3732],[114.3619,10.3732],[114.3619,10.3732],[114.3619,10.3732],[114.3619,10.3733],[114.3619,10.3733],[114.3619,10.3733],[114.3619,10.3732],[114.3619,10.3732],[114.3619,10.3732],[114.3619,10.3732],[114.3619,10.3732]]]],[[[[114.3698,10.3799],[114.3706,10.3798],[114.3713,10.3792],[114.3713,10.3784],[114.3709,10.3781],[114.3702,10.3775],[114.3691,10.3767],[114.368,10.3761],[114.3673,10.3755],[114.3666,10.3752],[114.3659,10.375],[114.3652,10.3748],[114.3641,10.3746],[114.3631,10.3742],[114.3627,10.3737],[114.3626,10.3733],[114.363,10.3738],[114.3629,10.3734],[114.3625,10.3731],[114.362,10.3732],[114.3625,10.3743],[114.362,10.3748],[114.3614,10.3744],[114.3612,10.374],[114.3601,10.3727],[114.3601,10.3739],[114.3593,10.3751],[114.3596,10.3758],[114.3605,10.3765],[114.361,10.3768],[114.3608,10.3767],[114.3612,10.377],[114.3615,10.3773],[114.362,10.3774],[114.3632,10.3777],[114.3644,10.3782],[114.3656,10.3787],[114.3669,10.3791],[114.368,10.3795],[114.3691,10.3799],[114.3698,10.3799]]]],[[[[116.7188,20.7018],[116.7188,20.7017],[116.7187,20.7017],[116.7187,20.7018],[116.7187,20.7018],[116.7187,20.7018],[116.7187,20.7018],[116.7188,20.7018],[116.7188,20.7018],[116.7188,20.7018]]]],[[[[116.7189,20.7019],[116.7189,20.7018],[116.7189,20.7019],[116.719,20.7018],[116.719,20.7018],[116.7191,20.7017],[116.7191,20.7017],[116.719,20.7017],[116.719,20.7017],[116.719,20.7017],[116.719,20.7018],[116.719,20.7018],[116.7189,20.7018],[116.7189,20.7018],[116.7188,20.7018],[116.7188,20.7018],[116.7188,20.7018],[116.7188,20.7018],[116.7187,20.7019],[116.7187,20.7019],[116.7188,20.7019],[116.7189,20.7019]]]],[[[[116.7185,20.7019],[116.7185,20.7018],[116.7185,20.7018],[116.7185,20.7018],[116.7185,20.7019],[116.7185,20.7019],[116.7185,20.7019],[116.7184,20.7019],[116.7184,20.702],[116.7185,20.702],[116.7185,20.702],[116.7185,20.702],[116.7185,20.7019],[116.7185,20.7019],[116.7185,20.7019]]]],[[[[116.7181,20.7021],[116.7181,20.7021],[116.7181,20.7021],[116.7181,20.7021],[116.7182,20.7021],[116.7182,20.7021],[116.7182,20.7021],[116.7182,20.7021],[116.7183,20.7021],[116.7183,20.7021],[116.7183,20.7021],[116.7182,20.7021],[116.7182,20.7021],[116.7182,20.702],[116.7182,20.702],[116.7182,20.702],[116.7182,20.702],[116.7182,20.702],[116.7182,20.702],[116.7181,20.702],[116.7181,20.702],[116.7181,20.702],[116.718,20.702],[116.7179,20.702],[116.7179,20.702],[116.7179,20.7021],[116.7179,20.7021],[116.7179,20.7021],[116.7179,20.7021],[116.7179,20.7021],[116.718,20.7021],[116.718,20.7021],[116.718,20.7021],[116.718,20.7021],[116.7181,20.7021],[116.7181,20.7021]]]],[[[[116.7185,20.7022],[116.7185,20.7021],[116.7184,20.7022],[116.7184,20.7022],[116.7184,20.7022],[116.7184,20.7022],[116.7184,20.7022],[116.7184,20.7022],[116.7184,20.7022],[116.7185,20.7022],[116.7185,20.7022],[116.7185,20.7022],[116.7185,20.7022],[116.7185,20.7022],[116.7185,20.7022]]]],[[[[116.7186,20.7023],[116.7187,20.7023],[116.7187,20.7023],[116.7188,20.7023],[116.7188,20.7024],[116.7189,20.7024],[116.7189,20.7023],[116.7189,20.7023],[116.7189,20.7023],[116.7189,20.7023],[116.7189,20.7022],[116.719,20.7022],[116.719,20.7021],[116.719,20.7021],[116.719,20.7021],[116.719,20.702],[116.7189,20.702],[116.7187,20.7021],[116.7187,20.7021],[116.7186,20.7021],[116.7186,20.7022],[116.7185,20.7022],[116.7185,20.7023],[116.7183,20.7023],[116.7183,20.7023],[116.7182,20.7023],[116.7183,20.7023],[116.7183,20.7023],[116.7184,20.7024],[116.7184,20.7024],[116.7185,20.7024],[116.7186,20.7024],[116.7186,20.7023]]]],[[[[116.7087,20.7033],[116.7087,20.7033],[116.7087,20.7034],[116.7087,20.7034],[116.7088,20.7033],[116.7088,20.7033],[116.7088,20.7033],[116.7088,20.7032],[116.7089,20.7031],[116.7089,20.703],[116.7089,20.7029],[116.7089,20.703],[116.7089,20.703],[116.7089,20.703],[116.7088,20.703],[116.7088,20.7029],[116.7088,20.7029],[116.7087,20.7029],[116.7087,20.7029],[116.7087,20.7029],[116.7086,20.7029],[116.7086,20.7029],[116.7086,20.7029],[116.7085,20.7029],[116.7085,20.703],[116.7084,20.7031],[116.7084,20.7032],[116.7085,20.7033],[116.7086,20.7033],[116.7086,20.7035],[116.7087,20.7034],[116.7087,20.7033]]]],[[[[116.7078,20.7041],[116.7079,20.7039],[116.7078,20.7039],[116.7078,20.7038],[116.7078,20.7038],[116.7078,20.7038],[116.7077,20.7038],[116.7077,20.7037],[116.7077,20.7037],[116.7077,20.7036],[116.7076,20.7036],[116.7076,20.7035],[116.7076,20.7035],[116.7076,20.7034],[116.7076,20.7034],[116.7077,20.7034],[116.7077,20.7034],[116.7077,20.7033],[116.7077,20.7033],[116.7075,20.7034],[116.7073,20.7035],[116.7074,20.7036],[116.7076,20.7038],[116.7077,20.704],[116.7076,20.7041],[116.7075,20.7042],[116.7073,20.7043],[116.7071,20.7044],[116.707,20.7045],[116.7069,20.7046],[116.707,20.7047],[116.7071,20.7046],[116.7072,20.7046],[116.7073,20.7045],[116.7073,20.7045],[116.7074,20.7045],[116.7075,20.7044],[116.7076,20.7043],[116.7077,20.7043],[116.7077,20.7042],[116.7078,20.7041]]]],[[[[116.7103,20.7049],[116.7103,20.7048],[116.7102,20.7048],[116.7103,20.7049],[116.7103,20.7049]]]],[[[[116.7166,20.7097],[116.7199,20.7082],[116.7224,20.7069],[116.7244,20.7063],[116.7258,20.7061],[116.7278,20.7058],[116.7293,20.7048],[116.732,20.7031],[116.7327,20.701],[116.7337,20.6987],[116.7322,20.6975],[116.7293,20.6975],[116.7267,20.6984],[116.7238,20.6991],[116.719,20.7009],[116.7148,20.7019],[116.7114,20.7034],[116.7104,20.7046],[116.7121,20.7052],[116.7131,20.7051],[116.7133,20.7036],[116.7156,20.7032],[116.718,20.7019],[116.7217,20.7004],[116.7237,20.7017],[116.7212,20.7021],[116.7232,20.7027],[116.7249,20.7034],[116.7267,20.7038],[116.7253,20.705],[116.7243,20.7048],[116.7224,20.7058],[116.7202,20.7058],[116.7182,20.7054],[116.7155,20.7067],[116.712,20.7075],[116.7125,20.7063],[116.7108,20.7067],[116.7119,20.7085],[116.714,20.7094],[116.7166,20.7097]]]],[[[[120.2664,22.6165],[120.2737,22.6137],[120.2791,22.6098],[120.283,22.6045],[120.2868,22.5985],[120.2923,22.5897],[120.2967,22.583],[120.3005,22.5786],[120.3033,22.5752],[120.3056,22.5717],[120.3115,22.5654],[120.3183,22.5576],[120.3127,22.5503],[120.3065,22.547],[120.3019,22.5453],[120.299,22.5474],[120.2992,22.549],[120.3007,22.5513],[120.3011,22.5516],[120.3014,22.5521],[120.3017,22.5524],[120.302,22.5528],[120.3023,22.5531],[120.3026,22.5535],[120.3029,22.5538],[120.3033,22.5542],[120.3032,22.5557],[120.2676,22.5981],[120.2652,22.6066],[120.2644,22.6114],[120.2638,22.6107],[120.2632,22.6103],[120.263,22.6111],[120.2632,22.6128],[120.2615,22.6144],[120.259,22.6159],[120.2576,22.6169],[120.2569,22.6195],[120.2634,22.6175],[120.2664,22.6165]]]],[[[[120.2788,22.6738],[120.2852,22.6711],[120.2869,22.6686],[120.2907,22.6704],[120.2947,22.6711],[120.2977,22.668],[120.3028,22.6658],[120.303,22.6583],[120.3088,22.6566],[120.3046,22.6531],[120.2993,22.6514],[120.294,22.6504],[120.289,22.6502],[120.2843,22.6477],[120.2833,22.6408],[120.2844,22.6343],[120.2798,22.6279],[120.2773,22.6223],[120.283,22.6181],[120.2846,22.6128],[120.2747,22.6132],[120.2606,22.6184],[120.2633,22.624],[120.2617,22.6299],[120.2597,22.6333],[120.2564,22.6359],[120.2545,22.64],[120.253,22.6428],[120.2521,22.6439],[120.2515,22.6453],[120.2513,22.6483],[120.2506,22.6529],[120.2505,22.6575],[120.253,22.665],[120.2575,22.6681],[120.2605,22.6686],[120.2643,22.6717],[120.2696,22.6728],[120.2746,22.6739],[120.2788,22.6738]]]],[[[[120.2996,22.7078],[120.2977,22.7007],[120.3108,22.6982],[120.3167,22.6941],[120.3209,22.6903],[120.3235,22.686],[120.3224,22.6821],[120.3258,22.6805],[120.3251,22.6788],[120.3227,22.6769],[120.3197,22.6721],[120.3167,22.6695],[120.3144,22.6669],[120.3112,22.6613],[120.3115,22.6552],[120.3064,22.657],[120.3031,22.6612],[120.2992,22.6661],[120.296,22.6695],[120.2935,22.6725],[120.2892,22.6686],[120.2866,22.6705],[120.2828,22.6714],[120.2765,22.674],[120.2727,22.6734],[120.267,22.6725],[120.2623,22.6705],[120.259,22.6677],[120.2581,22.6687],[120.2601,22.6702],[120.2628,22.6729],[120.2644,22.678],[120.2617,22.6893],[120.2634,22.6972],[120.2641,22.702],[120.2667,22.7062],[120.2688,22.7063],[120.2853,22.705],[120.2941,22.7072],[120.299,22.7081],[120.2996,22.7078]]]]]}},{"type":"Feature","properties":{"county":"基隆市","countyCode":"10017"},"geometry":{"type":"MultiPolygon","coordinates":[[[[[121.734,25.1134],[121.739,25.1114],[121.7393,25.1066],[121.7438,25.1066],[121.7498,25.1097],[121.7531,25.1074],[121.7565,25.1075],[121.7578,25.104],[121.757,25.1017],[121.7594,25.0989],[121.7585,25.0951],[121.7598,25.0901],[121.7593,25.0855],[121.7607,25.08],[121.7667,25.0788],[121.7722,25.0741],[121.7751,25.0706],[121.7733,25.067],[121.7709,25.0634],[121.7663,25.0604],[121.7628,25.057],[121.7581,25.0593],[121.755,25.0582],[121.7509,25.0571],[121.7479,25.0546],[121.7441,25.0531],[121.7401,25.0531],[121.7364,25.0544],[121.7322,25.0527],[121.7286,25.0546],[121.7283,25.0618],[121.726,25.0701],[121.7238,25.0766],[121.7251,25.082],[121.7258,25.0874],[121.7292,25.092],[121.7235,25.0964],[121.7207,25.1006],[121.7278,25.1103],[121.732,25.1135],[121.734,25.1134]]]],[[[[121.6762,25.1555],[121.6812,25.1459],[121.6936,25.138],[121.7003,25.1329],[121.7055,25.121],[121.7135,25.1162],[121.7218,25.1119],[121.7303,25.1133],[121.7224,25.1014],[121.7278,25.0939],[121.7256,25.0855],[121.7237,25.0767],[121.7282,25.0641],[121.7269,25.0568],[121.721,25.0604],[121.716,25.0654],[121.7103,25.0679],[121.7034,25.0677],[121.6952,25.07],[121.6874,25.0726],[121.6814,25.0771],[121.6802,25.0845],[121.6786,25.0872],[121.6732,25.0835],[121.6665,25.0876],[121.6605,25.0908],[121.6559,25.0951],[121.6505,25.1003],[121.652,25.1052],[121.6488,25.1108],[121.646,25.1167],[121.6447,25.1237],[121.64,25.1299],[121.6315,25.1331],[121.6275,25.1404],[121.6376,25.144],[121.6502,25.1456],[121.6557,25.1492],[121.6628,25.1526],[121.6706,25.1549],[121.6762,25.1555]]]],[[[[121.7476,25.1288],[121.753,25.1282],[121.7547,25.1263],[121.7555,25.1252],[121.7544,25.1231],[121.7526,25.1206],[121.7523,25.1187],[121.7523,25.1169],[121.7519,25.1158],[121.7516,25.1148],[121.7514,25.114],[121.7516,25.1126],[121.7515,25.1107],[121.7504,25.1099],[121.7485,25.1092],[121.7465,25.1068],[121.7446,25.1061],[121.7428,25.1067],[121.7413,25.1064],[121.7392,25.1066],[121.7388,25.1081],[121.7389,25.11],[121.7385,25.1119],[121.7373,25.1134],[121.7349,25.1133],[121.732,25.1135],[121.7334,25.1162],[121.7344,25.1178],[121.7344,25.1187],[121.7348,25.1205],[121.7335,25.122],[121.733,25.1252],[121.7337,25.1271],[121.7353,25.1291],[121.7373,25.1288],[121.73779999999999,25.1306],[121.7435,25.1345],[121.7446,25.1304],[121.7476,25.1288]]]],[[[[121.781,25.1448],[121.7827,25.1395],[121.7917,25.1293],[121.7945,25.1262],[121.7942,25.1233],[121.7969,25.1213],[121.7985,25.1196],[121.7976,25.117],[121.7977,25.1145],[121.7952,25.113],[121.7908,25.1124],[121.7877,25.1152],[121.7857,25.1183],[121.7832,25.1167],[121.7792,25.1178],[121.7758,25.1187],[121.7724,25.1194],[121.7703,25.1164],[121.7678,25.1138],[121.7637,25.1134],[121.7588,25.1122],[121.757,25.1101],[121.7532,25.1108],[121.7514,25.1137],[121.7517,25.1153],[121.7523,25.117],[121.7526,25.1205],[121.7555,25.125],[121.7539,25.1273],[121.7463,25.1295],[121.7492,25.1325],[121.752,25.1337],[121.7547,25.1339],[121.756,25.1341],[121.7574,25.134],[121.7588,25.135],[121.7611,25.1354],[121.7674,25.1356],[121.7716,25.1374],[121.7773,25.1445],[121.781,25.1448]]]],[[[[121.7636,25.1637],[121.7658,25.1631],[121.7677,25.162],[121.7708,25.1602],[121.7791,25.1591],[121.7767,25.1587],[121.7727,25.1556],[121.7749,25.1552],[121.7773,25.1517],[121.7926,25.1474],[121.8074,25.1486],[121.8041,25.1438],[121.8034,25.1412],[121.8035,25.1368],[121.8041,25.1331],[121.8052,25.1301],[121.8038,25.1275],[121.8043,25.1246],[121.8027,25.1218],[121.7991,25.1242],[121.7959,25.1255],[121.793,25.1284],[121.7842,25.1372],[121.7821,25.1435],[121.7767,25.1443],[121.7714,25.1373],[121.7663,25.1358],[121.7608,25.1351],[121.7586,25.1345],[121.7568,25.1344],[121.7553,25.1339],[121.7534,25.1338],[121.7496,25.1325],[121.7475,25.1316],[121.7449,25.137],[121.756,25.1472],[121.7543,25.1571],[121.7609,25.1604],[121.762,25.1619],[121.7633,25.1628],[121.7636,25.1637]]]],[[[[121.7881,25.1957],[121.7885,25.1956],[121.7892,25.1956],[121.7894,25.1952],[121.7893,25.1945],[121.7892,25.1937],[121.7895,25.1934],[121.7893,25.1932],[121.7889,25.1924],[121.7889,25.1921],[121.7884,25.1917],[121.7877,25.1913],[121.7871,25.1911],[121.7869,25.1911],[121.7863,25.1914],[121.7862,25.1914],[121.7852,25.1908],[121.7851,25.1908],[121.7849,25.1906],[121.7846,25.1905],[121.7843,25.1905],[121.784,25.1902],[121.7835,25.19],[121.783,25.1897],[121.7819,25.1898],[121.7816,25.19],[121.7815,25.1909],[121.7821,25.1922],[121.7824,25.193],[121.783,25.1933],[121.7832,25.1932],[121.7834,25.1935],[121.7846,25.1949],[121.7859,25.1954],[121.7861,25.1955],[121.7867,25.1957],[121.7869,25.1956],[121.787,25.1958],[121.7874,25.1958],[121.7881,25.1957]]]],[[[[121.9464,25.4246],[121.9465,25.4246],[121.9466,25.4246],[121.9467,25.4246],[121.9467,25.4245],[121.9467,25.4245],[121.9467,25.4243],[121.9468,25.4243],[121.9468,25.4242],[121.947,25.4242],[121.947,25.4242],[121.9471,25.4241],[121.947,25.424],[121.947,25.424],[121.9468,25.424],[121.9468,25.4242],[121.9467,25.4242],[121.9466,25.4241],[121.9465,25.4241],[121.9465,25.4239],[121.9465,25.4237],[121.9464,25.4237],[121.9463,25.4236],[121.9463,25.4236],[121.9463,25.4236],[121.9461,25.4237],[121.9461,25.4238],[121.946,25.4238],[121.946,25.4239],[121.9461,25.424],[121.9462,25.4241],[121.9462,25.4241],[121.9462,25.4242],[121.9462,25.4243],[121.9462,25.4244],[121.9462,25.4246],[121.9463,25.4248],[121.9464,25.4247],[121.9464,25.4246]]]],[[[[122.1092,25.4838],[122.1091,25.4838],[122.109,25.4838],[122.1085,25.484],[122.1085,25.484],[122.1084,25.484],[122.1084,25.4841],[122.1084,25.4841],[122.1084,25.4841],[122.1084,25.4841],[122.1084,25.4841],[122.1084,25.4841],[122.1087,25.4841],[122.1087,25.4841],[122.1088,25.4841],[122.109,25.4841],[122.109,25.4841],[122.109,25.4841],[122.1091,25.4839],[122.1091,25.4839],[122.1092,25.4839],[122.1092,25.4839],[122.1092,25.4839],[122.1092,25.4838],[122.1092,25.4838]]]],[[[[122.107,25.4874],[122.1075,25.4868],[122.108,25.4869],[122.1082,25.4868],[122.1076,25.4865],[122.1071,25.4855],[122.107,25.4847],[122.1074,25.4846],[122.1078,25.4843],[122.1078,25.4839],[122.1076,25.484],[122.1068,25.4834],[122.1063,25.4832],[122.1061,25.4831],[122.1062,25.4823],[122.1052,25.482],[122.1052,25.4823],[122.1035,25.4834],[122.1036,25.4837],[122.1036,25.484],[122.1037,25.4844],[122.1037,25.4846],[122.1034,25.485],[122.1032,25.485],[122.1031,25.4853],[122.1033,25.4852],[122.1035,25.4853],[122.1033,25.4859],[122.1035,25.4862],[122.1039,25.4859],[122.1045,25.486],[122.1046,25.4865],[122.1046,25.4866],[122.1044,25.4866],[122.1045,25.4873],[122.1045,25.4873],[122.1052,25.4878],[122.107,25.4874]]]],[[[[122.107,25.4876],[122.107,25.4876],[122.107,25.4876],[122.1068,25.4877],[122.1068,25.4877],[122.1068,25.4877],[122.1068,25.4877],[122.1068,25.4877],[122.1068,25.4877],[122.1068,25.4878],[122.1068,25.4878],[122.1068,25.4878],[122.1068,25.4878],[122.1069,25.4879],[122.1069,25.4879],[122.1069,25.4879],[122.1069,25.4879],[122.1069,25.4879],[122.1069,25.4879],[122.1069,25.4879],[122.1071,25.4879],[122.1072,25.4879],[122.1072,25.4879],[122.1072,25.4879],[122.1072,25.4878],[122.1072,25.4878],[122.1072,25.4878],[122.1072,25.4878],[122.1072,25.4877],[122.1072,25.4877],[122.1072,25.4877],[122.1072,25.4877],[122.1072,25.4877],[122.1072,25.4877],[122.1071,25.4877],[122.107,25.4876]]]],[[[[122.0784,25.6331],[122.0807,25.6333],[122.0825,25.6328],[122.084,25.6332],[122.0849,25.6309],[122.0843,25.6287],[122.0844,25.6274],[122.0839,25.6271],[122.0817,25.6258],[122.0811,25.625],[122.0818,25.6244],[122.0817,25.624],[122.0793,25.6231],[122.0787,25.6231],[122.0776,25.6236],[122.0772,25.6239],[122.077,25.6251],[122.076,25.625],[122.0758,25.625],[122.0756,25.6253],[122.0752,25.6252],[122.0754,25.6254],[122.075,25.6256],[122.0745,25.6256],[122.0742,25.6259],[122.0742,25.6263],[122.0735,25.6261],[122.0733,25.6264],[122.073,25.6264],[122.0729,25.6268],[122.0723,25.6284],[122.0721,25.6286],[122.0724,25.629],[122.0734,25.6314],[122.0739,25.6318],[122.0736,25.6323],[122.074,25.6321],[122.0771,25.6329],[122.0779,25.6331],[122.0784,25.6331]]]],[[[[121.7174,25.1663],[121.7296,25.1636],[121.7322,25.1623],[121.7346,25.1602],[121.7336,25.159],[121.7348,25.1589],[121.7385,25.161],[121.7438,25.157],[121.7439,25.1573],[121.7467,25.1572],[121.7542,25.1573],[121.7564,25.152],[121.7552,25.1453],[121.7478,25.1392],[121.74,25.134],[121.7375,25.1292],[121.7358,25.1299],[121.735,25.1319],[121.7343,25.1343],[121.7324,25.1365],[121.7297,25.1384],[121.728,25.1398],[121.7264,25.1415],[121.7241,25.142],[121.7211,25.1413],[121.7209,25.1394],[121.7183,25.1412],[121.7169,25.1429],[121.716,25.1446],[121.7151,25.1465],[121.713,25.1486],[121.7121,25.1511],[121.7108,25.153],[121.7108,25.1556],[121.7098,25.1584],[121.7146,25.1607],[121.7137,25.1641],[121.7128,25.1652],[121.7126,25.1657],[121.7174,25.1663]]]],[[[[121.7102,25.176],[121.7092,25.1651],[121.7131,25.1646],[121.7099,25.1585],[121.711,25.1527],[121.7143,25.1482],[121.716,25.1435],[121.7204,25.1399],[121.7241,25.1418],[121.728,25.1398],[121.7325,25.1363],[121.7349,25.1314],[121.7347,25.1283],[121.7336,25.1216],[121.7343,25.1182],[121.7318,25.1135],[121.7261,25.1149],[121.7226,25.1118],[121.7187,25.1157],[121.7136,25.1162],[121.7097,25.1202],[121.7052,25.1209],[121.7022,25.1272],[121.7001,25.1339],[121.6961,25.1364],[121.6915,25.1388],[121.6853,25.1439],[121.6823,25.1489],[121.6778,25.1547],[121.6794,25.1581],[121.683,25.1597],[121.6868,25.1614],[121.6894,25.164],[121.6909,25.1646],[121.6913,25.1663],[121.6955,25.1664],[121.699,25.1673],[121.701,25.1697],[121.7022,25.1729],[121.7087,25.1753],[121.7102,25.176]]]]]}},{"type":"Feature","properties":{"county":"連江縣","countyCode":"09007"},"geometry":{"type":"MultiPolygon","coordinates":[[[[[119.9579,26.081],[119.9578,26.081],[119.9578,26.081],[119.9577,26.081],[119.9577,26.081],[119.9577,26.0811],[119.9578,26.0811],[119.9578,26.0812],[119.9578,26.0811],[119.9579,26.0811],[119.958,26.0811],[119.958,26.0811],[119.9579,26.0811],[119.9579,26.0811],[119.9579,26.081],[119.9579,26.081],[119.9579,26.081]]]],[[[[119.9643,26.0856],[119.9643,26.0856],[119.9642,26.0856],[119.9642,26.0856],[119.9643,26.0857],[119.9643,26.0857],[119.9643,26.0857],[119.9643,26.0857],[119.9643,26.0857],[119.9644,26.0858],[119.9644,26.0857],[119.9644,26.0857],[119.9644,26.0857],[119.9644,26.0856],[119.9644,26.0856],[119.9643,26.0856],[119.9643,26.0856],[119.9643,26.0856]]]],[[[[119.9639,26.0858],[119.9639,26.0858],[119.964,26.0858],[119.9641,26.0858],[119.9641,26.0858],[119.9642,26.0857],[119.9642,26.0855],[119.9641,26.0855],[119.9641,26.0855],[119.9641,26.0855],[119.964,26.0855],[119.964,26.0854],[119.9638,26.0854],[119.9636,26.0853],[119.9636,26.0853],[119.9635,26.0854],[119.9635,26.0855],[119.9636,26.0856],[119.9637,26.0856],[119.9638,26.0856],[119.9638,26.0857],[119.9639,26.0858]]]],[[[[119.9614,26.0861],[119.9613,26.0861],[119.9613,26.0861],[119.9613,26.0861],[119.9614,26.0861],[119.9614,26.0861],[119.9614,26.0861],[119.9614,26.0861]]]],[[[[119.962,26.0862],[119.962,26.0862],[119.962,26.0862],[119.9619,26.0862],[119.9619,26.0861],[119.9619,26.0862],[119.9619,26.0861],[119.9619,26.0861],[119.9618,26.0861],[119.9618,26.0861],[119.9618,26.0862],[119.9618,26.0862],[119.9619,26.0862],[119.9619,26.0862],[119.9619,26.0862],[119.9619,26.0862],[119.962,26.0862]]]],[[[[119.9628,26.0863],[119.9628,26.0862],[119.9628,26.0862],[119.9628,26.086],[119.9629,26.086],[119.9629,26.0859],[119.963,26.0858],[119.9629,26.0857],[119.9629,26.0856],[119.9627,26.0855],[119.9628,26.0853],[119.9628,26.0852],[119.9626,26.0852],[119.9624,26.0852],[119.9624,26.085],[119.9623,26.0849],[119.9621,26.0849],[119.9619,26.0848],[119.9617,26.0849],[119.9616,26.085],[119.9616,26.0851],[119.9617,26.0853],[119.9617,26.0854],[119.9616,26.0856],[119.9615,26.0856],[119.9615,26.0858],[119.9615,26.0859],[119.9614,26.086],[119.9615,26.0859],[119.9617,26.086],[119.9618,26.0861],[119.9619,26.0861],[119.9621,26.0862],[119.9622,26.0862],[119.9625,26.0862],[119.9627,26.0863],[119.9628,26.0863]]]],[[[[119.9617,26.0863],[119.9617,26.0863],[119.9617,26.0863],[119.9617,26.0863],[119.9617,26.0863],[119.9617,26.0863]]]],[[[[119.963,26.0863],[119.963,26.0863],[119.9629,26.0863],[119.9629,26.0863],[119.9629,26.0863],[119.963,26.0863],[119.963,26.0863],[119.963,26.0863]]]],[[[[119.9623,26.0863],[119.9622,26.0863],[119.9622,26.0863],[119.9622,26.0862],[119.9622,26.0862],[119.9621,26.0862],[119.9621,26.0862],[119.962,26.0863],[119.962,26.0863],[119.962,26.0863],[119.962,26.0863],[119.9621,26.0863],[119.9621,26.0863],[119.9621,26.0863],[119.9621,26.0863],[119.9622,26.0863],[119.9622,26.0863],[119.9622,26.0863],[119.9623,26.0863],[119.9623,26.0863],[119.9623,26.0863],[119.9623,26.0863]]]],[[[[119.9617,26.0866],[119.9617,26.0866],[119.9617,26.0866],[119.9616,26.0866],[119.9616,26.0866],[119.9617,26.0867],[119.9617,26.0867],[119.9617,26.0866],[119.9617,26.0866],[119.9617,26.0866]]]],[[[[119.9615,26.0868],[119.9615,26.0867],[119.9614,26.0868],[119.9614,26.0868],[119.9614,26.0868],[119.9614,26.0868],[119.9614,26.0868],[119.9615,26.0868],[119.9615,26.0868]]]],[[[[119.9615,26.087],[119.9615,26.087],[119.9614,26.087],[119.9614,26.0869],[119.9614,26.0869],[119.9614,26.0869],[119.9613,26.0869],[119.9613,26.0869],[119.9613,26.087],[119.9613,26.087],[119.9613,26.087],[119.9613,26.087],[119.9613,26.087],[119.9614,26.087],[119.9614,26.087],[119.9615,26.087]]]],[[[[119.9615,26.0872],[119.9615,26.0871],[119.9615,26.0871],[119.9615,26.0871],[119.9614,26.087],[119.9614,26.087],[119.9613,26.087],[119.9613,26.087],[119.9613,26.0871],[119.9613,26.0871],[119.9612,26.0871],[119.9612,26.0871],[119.9612,26.0871],[119.9612,26.0871],[119.9611,26.0871],[119.9611,26.0872],[119.9611,26.0872],[119.9612,26.0873],[119.9612,26.0873],[119.9613,26.0873],[119.9614,26.0873],[119.9614,26.0873],[119.9614,26.0873],[119.9614,26.0872],[119.9614,26.0872],[119.9614,26.0872],[119.9615,26.0872],[119.9615,26.0872]]]],[[[[119.962,26.0874],[119.962,26.0874],[119.9621,26.0874],[119.9621,26.0874],[119.9621,26.0874],[119.962,26.0873],[119.962,26.0874],[119.9619,26.0873],[119.9619,26.0874],[119.962,26.0874],[119.962,26.0874],[119.962,26.0874]]]],[[[[119.9616,26.0875],[119.9616,26.0875],[119.9616,26.0875],[119.9617,26.0875],[119.9617,26.0875],[119.9617,26.0874],[119.9618,26.0874],[119.9618,26.0873],[119.9618,26.0873],[119.9618,26.0873],[119.9618,26.0873],[119.9618,26.0872],[119.9617,26.0872],[119.9617,26.0872],[119.9616,26.0872],[119.9616,26.0872],[119.9616,26.0872],[119.9615,26.0873],[119.9615,26.0873],[119.9615,26.0873],[119.9616,26.0874],[119.9615,26.0874],[119.9615,26.0874],[119.9614,26.0873],[119.9614,26.0873],[119.9613,26.0874],[119.9613,26.0874],[119.9613,26.0874],[119.9613,26.0874],[119.9613,26.0874],[119.9613,26.0875],[119.9613,26.0875],[119.9614,26.0875],[119.9614,26.0875],[119.9614,26.0875],[119.9615,26.0875],[119.9615,26.0875],[119.9615,26.0875],[119.9616,26.0875],[119.9616,26.0875],[119.9616,26.0875]]]],[[[[119.9654,26.0912],[119.9654,26.0912],[119.9654,26.0912],[119.9653,26.0912],[119.9653,26.0912],[119.9653,26.0912],[119.9653,26.0912],[119.9653,26.0912],[119.9653,26.0912],[119.9653,26.0912],[119.9653,26.0913],[119.9653,26.0913],[119.9653,26.0913],[119.9653,26.0913],[119.9653,26.0913],[119.9654,26.0913],[119.9654,26.0913],[119.9654,26.0913],[119.9654,26.0913],[119.9654,26.0912]]]],[[[[119.9655,26.0913],[119.9655,26.0913],[119.9655,26.0913],[119.9654,26.0913],[119.9654,26.0913],[119.9655,26.0913],[119.9655,26.0914],[119.9655,26.0914],[119.9655,26.0914],[119.9655,26.0914],[119.9655,26.0914],[119.9655,26.0914],[119.9655,26.0913]]]],[[[[119.9653,26.0918],[119.9653,26.0917],[119.9653,26.0917],[119.9654,26.0917],[119.9654,26.0917],[119.9654,26.0917],[119.9655,26.0917],[119.9655,26.0917],[119.9655,26.0917],[119.9654,26.0917],[119.9654,26.0916],[119.9654,26.0916],[119.9653,26.0916],[119.9653,26.0917],[119.9653,26.0917],[119.9653,26.0917],[119.9652,26.0917],[119.9652,26.0917],[119.9652,26.0917],[119.9652,26.0917],[119.9652,26.0917],[119.9652,26.0917],[119.9652,26.0917],[119.9652,26.0918],[119.9652,26.0918],[119.9652,26.0918],[119.9653,26.0918],[119.9653,26.0918],[119.9653,26.0918]]]],[[[[119.9656,26.0921],[119.9657,26.092],[119.9657,26.092],[119.9657,26.0919],[119.9657,26.0919],[119.9658,26.0919],[119.9659,26.0919],[119.9659,26.0919],[119.9659,26.0918],[119.9659,26.0917],[119.9659,26.0917],[119.9658,26.0917],[119.9658,26.0917],[119.9658,26.0916],[119.9657,26.0917],[119.9657,26.0917],[119.9656,26.0916],[119.9656,26.0917],[119.9656,26.0917],[119.9655,26.0918],[119.9655,26.0918],[119.9653,26.0918],[119.9653,26.0918],[119.9653,26.0918],[119.9653,26.0919],[119.9653,26.0919],[119.9654,26.092],[119.9654,26.092],[119.9654,26.092],[119.9654,26.0921],[119.9655,26.0921],[119.9655,26.0921],[119.9656,26.0921]]]],[[[[119.974,26.116],[119.9741,26.116],[119.9741,26.116],[119.9741,26.116],[119.9742,26.1159],[119.9743,26.1159],[119.9743,26.1158],[119.9743,26.1158],[119.9744,26.1158],[119.9744,26.1157],[119.9743,26.1157],[119.9743,26.1156],[119.9744,26.1156],[119.9744,26.1155],[119.9743,26.1155],[119.9743,26.1155],[119.9743,26.1154],[119.9742,26.1154],[119.9741,26.1154],[119.9741,26.1154],[119.9741,26.1154],[119.974,26.1155],[119.974,26.1155],[119.974,26.1155],[119.974,26.1156],[119.974,26.1156],[119.974,26.1157],[119.9739,26.1157],[119.9739,26.1157],[119.9739,26.1158],[119.9739,26.1158],[119.9739,26.1159],[119.9739,26.1159],[119.9739,26.1159],[119.974,26.116],[119.974,26.116]]]],[[[[119.9729,26.1168],[119.973,26.1168],[119.9731,26.1168],[119.9731,26.1167],[119.9731,26.1167],[119.9731,26.1166],[119.9731,26.1166],[119.9732,26.1165],[119.9731,26.1165],[119.9731,26.1165],[119.973,26.1165],[119.973,26.1163],[119.973,26.1163],[119.9728,26.1163],[119.9728,26.1164],[119.9728,26.1164],[119.9728,26.1165],[119.9728,26.1165],[119.9728,26.1166],[119.9728,26.1166],[119.9727,26.1167],[119.9727,26.1167],[119.9727,26.1168],[119.9727,26.1168],[119.9728,26.1168],[119.9728,26.1168],[119.9729,26.1168],[119.9729,26.1168]]]],[[[[119.9645,26.1442],[119.9645,26.1442],[119.9645,26.1442],[119.9645,26.1442],[119.9646,26.1442],[119.9646,26.1442],[119.9646,26.1442],[119.9647,26.1442],[119.9647,26.1442],[119.9647,26.1442],[119.9647,26.1441],[119.9647,26.1441],[119.9647,26.144],[119.9647,26.144],[119.9647,26.144],[119.9646,26.144],[119.9646,26.144],[119.9646,26.144],[119.9645,26.144],[119.9645,26.144],[119.9645,26.144],[119.9644,26.144],[119.9644,26.144],[119.9644,26.144],[119.9644,26.144],[119.9644,26.1441],[119.9644,26.1441],[119.9644,26.1442],[119.9644,26.1442],[119.9644,26.1442],[119.9644,26.1442],[119.9644,26.1442],[119.9645,26.1442]]]],[[[[119.9653,26.1447],[119.9652,26.1447],[119.9652,26.1447],[119.9652,26.1447],[119.9653,26.1448],[119.9653,26.1448],[119.9653,26.1448],[119.9653,26.1448],[119.9653,26.1448],[119.9653,26.1448],[119.9653,26.1448],[119.9653,26.1447],[119.9653,26.1447],[119.9653,26.1447],[119.9653,26.1447],[119.9653,26.1447],[119.9653,26.1447],[119.9653,26.1447]]]],[[[[119.9649,26.1449],[119.965,26.1448],[119.965,26.1449],[119.965,26.1449],[119.965,26.1448],[119.9652,26.1448],[119.9652,26.1447],[119.9652,26.1446],[119.9651,26.1445],[119.9651,26.1444],[119.9652,26.1445],[119.9652,26.1444],[119.9651,26.1444],[119.965,26.1444],[119.9649,26.1444],[119.9648,26.1444],[119.9647,26.1444],[119.9648,26.1443],[119.9648,26.1444],[119.9648,26.1443],[119.9647,26.1442],[119.9647,26.1443],[119.9646,26.1443],[119.9646,26.1444],[119.9645,26.1444],[119.9645,26.1445],[119.9646,26.1444],[119.9647,26.1445],[119.9648,26.1446],[119.9647,26.1446],[119.9647,26.1445],[119.9646,26.1446],[119.9646,26.1447],[119.9646,26.1447],[119.9646,26.1448],[119.9647,26.1448],[119.9648,26.1449],[119.9649,26.1449]]]],[[[[119.9652,26.1451],[119.9652,26.1451],[119.9652,26.1451],[119.9652,26.145],[119.9652,26.145],[119.9652,26.145],[119.9652,26.145],[119.9652,26.145],[119.9652,26.1449],[119.9652,26.1449],[119.9652,26.1449],[119.9652,26.1449],[119.9651,26.1449],[119.9651,26.1449],[119.9651,26.1449],[119.9651,26.1449],[119.965,26.1449],[119.965,26.145],[119.965,26.145],[119.9651,26.145],[119.9651,26.145],[119.9651,26.145],[119.9651,26.145],[119.9651,26.145],[119.9651,26.145],[119.965,26.145],[119.965,26.145],[119.965,26.145],[119.965,26.1451],[119.9651,26.1451],[119.9651,26.1451],[119.9651,26.1451],[119.9651,26.1451],[119.9651,26.1451],[119.9651,26.1451],[119.9652,26.1451],[119.9652,26.1451]]]],[[[[119.9561,26.1507],[119.956,26.1507],[119.956,26.1507],[119.9559,26.1507],[119.9556,26.1507],[119.9556,26.1507],[119.9556,26.1508],[119.9556,26.1508],[119.9556,26.1508],[119.9558,26.1509],[119.9559,26.1509],[119.9559,26.1509],[119.9559,26.1509],[119.9559,26.1509],[119.9561,26.1508],[119.9561,26.1508],[119.9561,26.1508],[119.9561,26.1507],[119.9561,26.1507],[119.9561,26.1507]]]],[[[[119.9711,26.1611],[119.9711,26.1611],[119.9711,26.1611],[119.9711,26.1611],[119.971,26.1611],[119.971,26.1611],[119.971,26.1611],[119.971,26.1611],[119.971,26.1612],[119.971,26.1612],[119.971,26.1612],[119.9711,26.1612],[119.9711,26.1612],[119.9711,26.1612],[119.9711,26.1612],[119.9711,26.1612],[119.9711,26.1612],[119.9711,26.1612],[119.9711,26.1612],[119.9711,26.1612],[119.9712,26.1612],[119.9712,26.1612],[119.9712,26.1612],[119.9711,26.1612],[119.9711,26.1611],[119.9711,26.1611],[119.9711,26.1611],[119.9711,26.1611],[119.9711,26.1611],[119.9711,26.1611]]]],[[[[119.9709,26.1611],[119.9709,26.1611],[119.9709,26.1611],[119.9708,26.1611],[119.9708,26.1611],[119.9708,26.1612],[119.9708,26.1612],[119.9708,26.1612],[119.9708,26.1612],[119.9708,26.1612],[119.9708,26.1612],[119.9709,26.1612],[119.9709,26.1612],[119.9709,26.1613],[119.9709,26.1613],[119.9709,26.1613],[119.9709,26.1613],[119.9709,26.1613],[119.9709,26.1613],[119.9709,26.1613],[119.9709,26.1613],[119.971,26.1612],[119.971,26.1612],[119.971,26.1612],[119.971,26.1612],[119.9709,26.1612],[119.9709,26.1612],[119.9709,26.1612],[119.9709,26.1612],[119.9709,26.1612],[119.9709,26.1611],[119.9709,26.1611]]]],[[[[119.9712,26.1613],[119.9711,26.1613],[119.9711,26.1613],[119.9711,26.1613],[119.9711,26.1613],[119.9711,26.1613],[119.9711,26.1613],[119.9711,26.1613],[119.9711,26.1613],[119.9711,26.1613],[119.9711,26.1613],[119.9711,26.1614],[119.9711,26.1614],[119.9711,26.1614],[119.9711,26.1614],[119.9711,26.1614],[119.9712,26.1614],[119.9712,26.1614],[119.9712,26.1614],[119.9712,26.1614],[119.9712,26.1614],[119.9712,26.1614],[119.9712,26.1614],[119.9712,26.1613],[119.9712,26.1613],[119.9712,26.1613],[119.9712,26.1613],[119.9712,26.1613],[119.9712,26.1613],[119.9712,26.1613]]]],[[[[119.9704,26.1616],[119.9703,26.1616],[119.9703,26.1616],[119.9703,26.1616],[119.9703,26.1616],[119.9703,26.1616],[119.9703,26.1616],[119.9703,26.1616],[119.9703,26.1616],[119.9703,26.1616],[119.9703,26.1616],[119.9703,26.1616],[119.9704,26.1617],[119.9704,26.1617],[119.9704,26.1617],[119.9704,26.1617],[119.9704,26.1617],[119.9704,26.1617],[119.9704,26.1617],[119.9704,26.1617],[119.9705,26.1617],[119.9705,26.1617],[119.9705,26.1616],[119.9705,26.1616],[119.9705,26.1616],[119.9704,26.1616],[119.9704,26.1616],[119.9704,26.1616],[119.9704,26.1616],[119.9704,26.1616],[119.9704,26.1616],[119.9704,26.1616]]]],[[[[119.9708,26.1616],[119.9707,26.1616],[119.9707,26.1616],[119.9707,26.1616],[119.9707,26.1616],[119.9707,26.1616],[119.9706,26.1616],[119.9706,26.1616],[119.9706,26.1616],[119.9706,26.1616],[119.9706,26.1616],[119.9706,26.1616],[119.9705,26.1616],[119.9705,26.1616],[119.9705,26.1616],[119.9705,26.1616],[119.9705,26.1616],[119.9706,26.1617],[119.9706,26.1617],[119.9706,26.1617],[119.9706,26.1617],[119.9707,26.1617],[119.9707,26.1617],[119.9707,26.1617],[119.9707,26.1617],[119.9708,26.1617],[119.9708,26.1617],[119.9708,26.1617],[119.9708,26.1617],[119.9708,26.1617],[119.9708,26.1616]]]],[[[[119.9703,26.1626],[119.9703,26.1626],[119.9703,26.1626],[119.9703,26.1626],[119.9703,26.1626],[119.9702,26.1626],[119.9702,26.1626],[119.9702,26.1626],[119.9702,26.1626],[119.9702,26.1627],[119.9702,26.1627],[119.9702,26.1627],[119.9702,26.1627],[119.9702,26.1627],[119.9702,26.1627],[119.9703,26.1627],[119.9703,26.1627],[119.9703,26.1627],[119.9703,26.1627],[119.9704,26.1627],[119.9704,26.1626],[119.9704,26.1626],[119.9704,26.1626],[119.9704,26.1626],[119.9703,26.1626]]]],[[[[119.9734,26.1638],[119.9734,26.1638],[119.9735,26.1638],[119.9735,26.1638],[119.9736,26.1638],[119.9736,26.1638],[119.9736,26.1638],[119.9736,26.1638],[119.9736,26.1638],[119.9736,26.1637],[119.9736,26.1637],[119.9735,26.1637],[119.9735,26.1637],[119.9735,26.1636],[119.9735,26.1636],[119.9734,26.1636],[119.9734,26.1636],[119.9734,26.1637],[119.9734,26.1637],[119.9734,26.1637],[119.9734,26.1637],[119.9733,26.1637],[119.9733,26.1637],[119.9733,26.1637],[119.9732,26.1637],[119.9732,26.1637],[119.9732,26.1637],[119.9732,26.1637],[119.9732,26.1637],[119.9732,26.1637],[119.9732,26.1638],[119.9732,26.1638],[119.9733,26.1638],[119.9733,26.1638],[119.9733,26.1638],[119.9733,26.1638],[119.9733,26.1638],[119.9733,26.1638],[119.9733,26.1638],[119.9734,26.1638]]]],[[[[119.9728,26.1638],[119.9728,26.1638],[119.9728,26.1638],[119.9727,26.1638],[119.9727,26.1638],[119.9727,26.1638],[119.9727,26.1638],[119.9727,26.1638],[119.9727,26.1639],[119.9727,26.1639],[119.9727,26.1639],[119.9727,26.1639],[119.9727,26.1639],[119.9727,26.1639],[119.9727,26.1639],[119.9728,26.1639],[119.9728,26.1639],[119.9728,26.1639],[119.9728,26.1639],[119.9728,26.1639],[119.9728,26.1639],[119.9728,26.1639],[119.9728,26.1639],[119.9728,26.1638],[119.9728,26.1638],[119.9728,26.1638],[119.9728,26.1638],[119.9728,26.1638],[119.9728,26.1638],[119.9728,26.1638],[119.9728,26.1638],[119.9728,26.1638]]]],[[[[119.9639,26.1639],[119.9639,26.1639],[119.964,26.1638],[119.964,26.1638],[119.964,26.1638],[119.964,26.1637],[119.964,26.1637],[119.964,26.1637],[119.964,26.1637],[119.9639,26.1637],[119.9639,26.1637],[119.9638,26.1637],[119.9638,26.1638],[119.9638,26.1638],[119.9638,26.1638],[119.9637,26.1638],[119.9636,26.1638],[119.9636,26.1639],[119.9636,26.1639],[119.9637,26.1639],[119.9637,26.1639],[119.9637,26.1639],[119.9638,26.1639],[119.9638,26.1639],[119.9638,26.1639],[119.9639,26.1639]]]],[[[[119.9732,26.1648],[119.9731,26.1648],[119.9731,26.1648],[119.9731,26.1648],[119.9731,26.1649],[119.9731,26.1649],[119.9731,26.1649],[119.973,26.1649],[119.973,26.1649],[119.973,26.1649],[119.9731,26.1649],[119.9731,26.1649],[119.9731,26.165],[119.9731,26.165],[119.9731,26.165],[119.9732,26.165],[119.9732,26.165],[119.9732,26.165],[119.9732,26.165],[119.9733,26.165],[119.9733,26.165],[119.9733,26.165],[119.9733,26.165],[119.9733,26.165],[119.9733,26.1649],[119.9733,26.1649],[119.9733,26.1649],[119.9733,26.1649],[119.9733,26.1649],[119.9732,26.1649],[119.9732,26.1649],[119.9732,26.1649],[119.9732,26.1649],[119.9732,26.1649],[119.9732,26.1648],[119.9732,26.1648]]]],[[[[119.9737,26.1659],[119.9737,26.1659],[119.9737,26.1659],[119.9737,26.1659],[119.9737,26.1659],[119.9737,26.1659],[119.9737,26.1659],[119.9737,26.1659],[119.9737,26.1659],[119.9737,26.1659],[119.9736,26.1659],[119.9736,26.166],[119.9736,26.166],[119.9736,26.166],[119.9737,26.166],[119.9737,26.166],[119.9737,26.166],[119.9737,26.166],[119.9737,26.166],[119.9737,26.166],[119.9737,26.166],[119.9737,26.166],[119.9738,26.166],[119.9738,26.166],[119.9738,26.166],[119.9738,26.166],[119.9738,26.166],[119.9738,26.166],[119.9738,26.1659],[119.9738,26.1659],[119.9738,26.1659],[119.9738,26.1659],[119.9738,26.1659],[119.9737,26.1659]]]],[[[[119.9714,26.1683],[119.9714,26.1683],[119.9713,26.1683],[119.9713,26.1683],[119.9713,26.1683],[119.9713,26.1684],[119.9713,26.1684],[119.9713,26.1685],[119.9713,26.1685],[119.9713,26.1685],[119.9713,26.1686],[119.9714,26.1686],[119.9714,26.1686],[119.9714,26.1686],[119.9715,26.1686],[119.9715,26.1686],[119.9715,26.1686],[119.9715,26.1686],[119.9714,26.1686],[119.9714,26.1685],[119.9714,26.1685],[119.9714,26.1685],[119.9714,26.1684],[119.9714,26.1684],[119.9714,26.1683],[119.9714,26.1683],[119.9714,26.1683],[119.9714,26.1683]]]],[[[[119.9669,26.1675],[119.9665,26.1674],[119.9663,26.1674],[119.9663,26.1673],[119.9663,26.1672],[119.9663,26.167],[119.9663,26.1669],[119.9661,26.1669],[119.966,26.1668],[119.9659,26.1667],[119.9659,26.1666],[119.9658,26.1665],[119.9655,26.1666],[119.9654,26.1667],[119.9653,26.1669],[119.9652,26.1669],[119.9651,26.1669],[119.965,26.1671],[119.9651,26.1672],[119.9654,26.1673],[119.9657,26.1674],[119.9663,26.1678],[119.9669,26.1683],[119.9677,26.1687],[119.9679,26.1687],[119.9679,26.1686],[119.968,26.1685],[119.968,26.1682],[119.9679,26.1679],[119.9675,26.1676],[119.9673,26.1676],[119.9669,26.1675]]]],[[[[119.9728,26.1684],[119.9727,26.1684],[119.973,26.1683],[119.9731,26.168],[119.9727,26.1679],[119.9723,26.1678],[119.9725,26.1676],[119.9729,26.1673],[119.9729,26.1666],[119.9727,26.1666],[119.9723,26.1663],[119.9723,26.1658],[119.9724,26.1658],[119.9739,26.1664],[119.9731,26.1659],[119.9727,26.1658],[119.9732,26.1656],[119.9734,26.1656],[119.9735,26.1654],[119.9731,26.1652],[119.9729,26.1651],[119.9726,26.1651],[119.9727,26.1642],[119.9716,26.1628],[119.9713,26.1627],[119.9709,26.1626],[119.971,26.1625],[119.9712,26.162],[119.9705,26.1617],[119.9707,26.1625],[119.9706,26.1626],[119.9701,26.1636],[119.9707,26.1672],[119.9717,26.1683],[119.9727,26.1688],[119.9729,26.1684],[119.9728,26.1684]]]],[[[[119.9722,26.1687],[119.9722,26.1687],[119.9721,26.1687],[119.9721,26.1687],[119.9721,26.1687],[119.972,26.1687],[119.972,26.1687],[119.972,26.1688],[119.972,26.1688],[119.972,26.1688],[119.972,26.1688],[119.9721,26.1689],[119.9721,26.1689],[119.9721,26.1689],[119.9722,26.1689],[119.9723,26.1689],[119.9723,26.1689],[119.9723,26.1689],[119.9723,26.1689],[119.9724,26.1689],[119.9724,26.1689],[119.9724,26.1688],[119.9723,26.1688],[119.9723,26.1688],[119.9722,26.1687],[119.9722,26.1687]]]],[[[[119.9737,26.1689],[119.9737,26.1689],[119.9737,26.1689],[119.9737,26.1689],[119.9737,26.1689],[119.9737,26.1689],[119.9736,26.169],[119.9736,26.169],[119.9736,26.169],[119.9736,26.169],[119.9736,26.169],[119.9736,26.169],[119.9736,26.169],[119.9736,26.169],[119.9736,26.169],[119.9736,26.169],[119.9736,26.1691],[119.9736,26.1691],[119.9736,26.1691],[119.9736,26.1691],[119.9737,26.1691],[119.9737,26.1691],[119.9737,26.1691],[119.9737,26.1691],[119.9737,26.1691],[119.9737,26.1691],[119.9737,26.1691],[119.9737,26.1691],[119.9737,26.169],[119.9737,26.169],[119.9737,26.169],[119.9737,26.169],[119.9737,26.169],[119.9737,26.169],[119.9737,26.1689],[119.9737,26.1689],[119.9737,26.1689],[119.9737,26.1689]]]],[[[[119.9291,26.172],[119.9292,26.172],[119.9293,26.172],[119.9293,26.172],[119.9293,26.1719],[119.9293,26.1719],[119.9292,26.1718],[119.9292,26.1718],[119.9292,26.1717],[119.9292,26.1717],[119.9291,26.1717],[119.929,26.1717],[119.929,26.1717],[119.9289,26.1719],[119.9289,26.1719],[119.9289,26.1719],[119.9291,26.172],[119.9291,26.172],[119.9291,26.172]]]],[[[[119.917,26.1752],[119.9201,26.1748],[119.9204,26.173],[119.9234,26.1717],[119.9277,26.171],[119.9258,26.1699],[119.9237,26.1637],[119.9266,26.1613],[119.9295,26.1609],[119.9308,26.1604],[119.9338,26.1589],[119.9379,26.1555],[119.9443,26.165],[119.9498,26.1672],[119.9528,26.1666],[119.9549,26.1657],[119.9615,26.1677],[119.9631,26.1631],[119.9624,26.1604],[119.9618,26.1582],[119.9592,26.157],[119.9576,26.1541],[119.9526,26.153],[119.9481,26.1484],[119.9407,26.1431],[119.9352,26.1455],[119.9308,26.1431],[119.9297,26.1396],[119.9232,26.1395],[119.9213,26.1421],[119.918,26.1415],[119.9118,26.1452],[119.914,26.1523],[119.9164,26.1562],[119.9125,26.1596],[119.9175,26.163],[119.9177,26.1654],[119.917,26.168],[119.916,26.17],[119.916,26.1736],[119.917,26.1752]]]],[[[[119.9183,26.1753],[119.9182,26.1753],[119.9181,26.1753],[119.9181,26.1754],[119.918,26.1755],[119.918,26.1756],[119.918,26.1756],[119.9181,26.1756],[119.9181,26.1756],[119.9182,26.1755],[119.9183,26.1755],[119.9183,26.1754],[119.9183,26.1754],[119.9183,26.1753],[119.9183,26.1753]]]],[[[[119.9645,25.9455],[119.9643,25.9455],[119.9642,25.9455],[119.9642,25.9455],[119.9642,25.9455],[119.9641,25.9455],[119.9642,25.9456],[119.9642,25.9456],[119.9642,25.9456],[119.9642,25.9457],[119.9643,25.9457],[119.9644,25.9457],[119.9644,25.9457],[119.9645,25.9457],[119.9645,25.9457],[119.9645,25.9457],[119.9646,25.9457],[119.9646,25.9456],[119.9646,25.9456],[119.9646,25.9456],[119.9645,25.9456],[119.9645,25.9456],[119.9645,25.9456],[119.9645,25.9455],[119.9645,25.9455],[119.9645,25.9455]]]],[[[[119.9647,25.9469],[119.9647,25.9469],[119.9647,25.9468],[119.9647,25.9468],[119.9647,25.9468],[119.9647,25.9468],[119.9647,25.9468],[119.9646,25.9467],[119.9646,25.9467],[119.9645,25.9467],[119.9644,25.9467],[119.9643,25.9468],[119.9643,25.9468],[119.9643,25.9468],[119.9642,25.9468],[119.9642,25.9468],[119.9642,25.9468],[119.9642,25.9468],[119.9642,25.9468],[119.9642,25.9469],[119.9642,25.9469],[119.9643,25.9469],[119.9643,25.9469],[119.9643,25.9469],[119.9643,25.9469],[119.9643,25.9469],[119.9643,25.9469],[119.9644,25.9469],[119.9644,25.9469],[119.9644,25.9469],[119.9644,25.9469],[119.9645,25.9469],[119.9645,25.9469],[119.9645,25.9469],[119.9645,25.9469],[119.9646,25.9469],[119.9646,25.9469],[119.9646,25.9469],[119.9647,25.9469],[119.9647,25.9469]]]],[[[[119.9643,25.9464],[119.9639,25.9463],[119.964,25.9462],[119.9644,25.9461],[119.9645,25.9461],[119.9646,25.9461],[119.9643,25.9457],[119.964,25.9447],[119.9647,25.9444],[119.9647,25.9438],[119.9644,25.9432],[119.9639,25.9425],[119.9637,25.943],[119.9636,25.9432],[119.9635,25.9431],[119.9635,25.9428],[119.9631,25.9424],[119.9617,25.9412],[119.9614,25.941],[119.9609,25.9422],[119.9614,25.9431],[119.9619,25.9436],[119.9624,25.944],[119.9625,25.9442],[119.9624,25.9448],[119.9626,25.9449],[119.9629,25.9451],[119.963,25.9452],[119.9628,25.9453],[119.9621,25.9454],[119.962,25.9454],[119.9625,25.946],[119.963,25.9466],[119.9634,25.947],[119.9636,25.947],[119.9639,25.9471],[119.964,25.9467],[119.9647,25.9466],[119.9643,25.9464]]]],[[[[119.9848,25.9643],[119.9848,25.9643],[119.9848,25.9643],[119.9848,25.9643],[119.9848,25.9643],[119.9848,25.9643],[119.9848,25.9643],[119.9848,25.9643],[119.9848,25.9643],[119.9848,25.9644],[119.9848,25.9644],[119.9848,25.9644],[119.9848,25.9644],[119.9848,25.9644],[119.9848,25.9644],[119.9848,25.9644],[119.9848,25.9644],[119.9849,25.9644],[119.9849,25.9644],[119.9849,25.9644],[119.9849,25.9644],[119.9849,25.9644],[119.9849,25.9644],[119.9849,25.9644],[119.9849,25.9644],[119.9849,25.9643],[119.9848,25.9643],[119.9848,25.9643],[119.9848,25.9643],[119.9848,25.9643]]]],[[[[119.9854,25.9646],[119.9853,25.9646],[119.9853,25.9646],[119.9853,25.9646],[119.9853,25.9648],[119.9853,25.9648],[119.9853,25.9648],[119.9854,25.9648],[119.9855,25.9648],[119.9855,25.9648],[119.9856,25.9648],[119.9858,25.9648],[119.9859,25.9648],[119.9859,25.9648],[119.9859,25.9647],[119.9858,25.9647],[119.9858,25.9647],[119.9857,25.9647],[119.9857,25.9646],[119.9856,25.9646],[119.9855,25.9646],[119.9854,25.9646]]]],[[[[119.9894,25.9704],[119.9898,25.9703],[119.9901,25.9702],[119.9901,25.9702],[119.99,25.97],[119.9894,25.9697],[119.989,25.9697],[119.9887,25.9697],[119.9886,25.9697],[119.9884,25.9697],[119.9881,25.9699],[119.988,25.97],[119.9881,25.9701],[119.9881,25.9701],[119.9881,25.9702],[119.9882,25.9702],[119.9883,25.9702],[119.9886,25.9704],[119.9888,25.9706],[119.989,25.9708],[119.9893,25.9709],[119.9893,25.9708],[119.9894,25.9704]]]],[[[[119.9848,25.9706],[119.9871,25.97],[119.9875,25.9696],[119.9887,25.9688],[119.9866,25.9672],[119.9843,25.9642],[119.9837,25.964],[119.9842,25.962],[119.9784,25.9587],[119.977,25.9563],[119.9749,25.9553],[119.9747,25.9535],[119.9718,25.9559],[119.9712,25.9555],[119.9691,25.9534],[119.9659,25.951],[119.9654,25.9499],[119.962,25.9494],[119.9611,25.9501],[119.9617,25.9505],[119.9639,25.954],[119.9649,25.9582],[119.9632,25.9581],[119.9644,25.9588],[119.9659,25.9583],[119.9682,25.9597],[119.9698,25.9617],[119.9715,25.9649],[119.9714,25.9658],[119.9715,25.9663],[119.9714,25.9665],[119.9716,25.9671],[119.9732,25.9674],[119.9763,25.9681],[119.9785,25.9677],[119.9796,25.9666],[119.9817,25.9665],[119.9826,25.9668],[119.9839,25.9698],[119.9848,25.9706]]]],[[[[119.9762,25.9724],[119.9763,25.9724],[119.9763,25.9724],[119.9763,25.9724],[119.9763,25.9724],[119.9762,25.9724],[119.9762,25.9724],[119.9762,25.9724],[119.9762,25.9724],[119.9762,25.9724],[119.9762,25.9724],[119.9762,25.9724]]]],[[[[119.9645,25.9724],[119.9644,25.9723],[119.9643,25.9724],[119.9642,25.9724],[119.9642,25.9724],[119.9642,25.9724],[119.9642,25.9724],[119.9643,25.9725],[119.9643,25.9725],[119.9643,25.9725],[119.9644,25.9725],[119.9644,25.9725],[119.9645,25.9726],[119.9646,25.9726],[119.9647,25.9726],[119.9647,25.9726],[119.9647,25.9726],[119.9648,25.9726],[119.9648,25.9725],[119.9648,25.9725],[119.9648,25.9725],[119.9647,25.9725],[119.9646,25.9724],[119.9645,25.9724]]]],[[[[119.9766,25.973],[119.9766,25.973],[119.9766,25.973],[119.9766,25.973],[119.9766,25.973],[119.9766,25.973],[119.9766,25.973],[119.9766,25.973],[119.9766,25.973],[119.9766,25.973]]]],[[[[119.9742,25.9731],[119.9741,25.973],[119.9741,25.9731],[119.9741,25.9731],[119.9741,25.9731],[119.9741,25.9731],[119.9741,25.9732],[119.9742,25.9732],[119.9742,25.9731],[119.9742,25.9731],[119.9743,25.9731],[119.9742,25.9731],[119.9742,25.9731],[119.9742,25.9731],[119.9742,25.9731]]]],[[[[119.9774,25.974],[119.9774,25.974],[119.9774,25.974],[119.9774,25.974],[119.9774,25.9741],[119.9774,25.9741],[119.9774,25.9741],[119.9774,25.9741],[119.9774,25.974],[119.9774,25.974],[119.9774,25.974],[119.9774,25.974]]]],[[[[119.9775,25.9742],[119.9775,25.9742],[119.9776,25.9742],[119.9776,25.9742],[119.9776,25.9742],[119.9775,25.9742],[119.9775,25.9742],[119.9775,25.9742]]]],[[[[119.9675,25.9742],[119.9673,25.9742],[119.9673,25.9742],[119.9673,25.9742],[119.9673,25.9742],[119.9673,25.9742],[119.9673,25.9743],[119.9673,25.9743],[119.9674,25.9743],[119.9674,25.9743],[119.9674,25.9744],[119.9674,25.9744],[119.9675,25.9744],[119.9675,25.9744],[119.9675,25.9744],[119.9675,25.9744],[119.9675,25.9744],[119.9675,25.9744],[119.9675,25.9744],[119.9675,25.9743],[119.9675,25.9743],[119.9675,25.9742]]]],[[[[119.965,25.9742],[119.965,25.9742],[119.9649,25.9742],[119.9649,25.9743],[119.9649,25.9743],[119.9649,25.9743],[119.9649,25.9744],[119.9648,25.9744],[119.9648,25.9745],[119.9649,25.9745],[119.9649,25.9745],[119.9649,25.9745],[119.965,25.9745],[119.9651,25.9745],[119.9652,25.9745],[119.9652,25.9744],[119.9652,25.9744],[119.9652,25.9743],[119.9652,25.9743],[119.9652,25.9743],[119.9651,25.9743],[119.965,25.9742],[119.965,25.9742]]]],[[[[119.9653,25.9746],[119.9654,25.9746],[119.9654,25.9746],[119.9654,25.9746],[119.9654,25.9746],[119.9654,25.9745],[119.9654,25.9744],[119.9654,25.9744],[119.9654,25.9744],[119.9653,25.9744],[119.9653,25.9744],[119.9653,25.9744],[119.9653,25.9744],[119.9652,25.9745],[119.9652,25.9745],[119.9652,25.9745],[119.9652,25.9747],[119.9652,25.9747],[119.9652,25.9747],[119.9653,25.9747],[119.9653,25.9747],[119.9653,25.9747],[119.9653,25.9746],[119.9653,25.9746],[119.9653,25.9746],[119.9653,25.9746]]]],[[[[119.9663,25.9749],[119.9663,25.9749],[119.9662,25.9749],[119.9662,25.9749],[119.9662,25.9749],[119.9662,25.9749],[119.9662,25.9749],[119.9662,25.975],[119.9662,25.975],[119.9662,25.975],[119.9663,25.9749],[119.9663,25.9749],[119.9663,25.9749],[119.9663,25.9749]]]],[[[[119.9664,25.9749],[119.9664,25.9749],[119.9664,25.9749],[119.9663,25.9749],[119.9663,25.9749],[119.9663,25.9749],[119.9664,25.975],[119.9664,25.975],[119.9664,25.975],[119.9664,25.975],[119.9664,25.975],[119.9664,25.9749],[119.9664,25.9749]]]],[[[[119.9667,25.9747],[119.9668,25.9746],[119.9666,25.9742],[119.967,25.9746],[119.9672,25.9744],[119.9673,25.9742],[119.9671,25.974],[119.9668,25.9739],[119.9669,25.9736],[119.967,25.9733],[119.967,25.9729],[119.9674,25.9723],[119.9673,25.9719],[119.9671,25.9715],[119.9667,25.9717],[119.9661,25.9721],[119.9657,25.9719],[119.9651,25.9717],[119.9646,25.9713],[119.9644,25.9712],[119.9642,25.9714],[119.9642,25.9717],[119.9647,25.972],[119.9652,25.9725],[119.9653,25.9729],[119.9652,25.9731],[119.9653,25.9734],[119.965,25.9735],[119.965,25.9737],[119.9652,25.9737],[119.9649,25.9739],[119.9651,25.974],[119.965,25.9741],[119.9653,25.9743],[119.9655,25.9744],[119.9658,25.9747],[119.9658,25.9749],[119.9662,25.9749],[119.9665,25.9748],[119.9667,25.9747]]]],[[[[119.9765,25.9752],[119.9765,25.9752],[119.9764,25.9752],[119.9764,25.9752],[119.9764,25.9752],[119.9765,25.9753],[119.9765,25.9752],[119.9765,25.9752],[119.9765,25.9752]]]],[[[[119.9664,25.9752],[119.9664,25.9752],[119.9664,25.9752],[119.9663,25.9752],[119.9664,25.9753],[119.9664,25.9753],[119.9664,25.9753],[119.9664,25.9753],[119.9664,25.9753],[119.9664,25.9753],[119.9664,25.9753],[119.9664,25.9753],[119.9664,25.9752],[119.9664,25.9752]]]],[[[[119.9766,25.9753],[119.9766,25.9753],[119.9766,25.9753],[119.9766,25.9753],[119.9766,25.9753],[119.9766,25.9753],[119.9766,25.9753],[119.9766,25.9752],[119.9766,25.9752],[119.9766,25.9752],[119.9766,25.9752],[119.9766,25.9752],[119.9766,25.9752],[119.9766,25.9752],[119.9766,25.9752],[119.9766,25.9752],[119.9766,25.9752],[119.9766,25.9752],[119.9765,25.9752],[119.9765,25.9753],[119.9765,25.9753],[119.9766,25.9753],[119.9765,25.9753],[119.9765,25.9753],[119.9765,25.9753],[119.9766,25.9753]]]],[[[[119.9662,25.975],[119.9661,25.975],[119.9661,25.975],[119.9661,25.975],[119.966,25.9751],[119.966,25.9751],[119.9659,25.9751],[119.9659,25.9752],[119.9659,25.9753],[119.966,25.9753],[119.966,25.9753],[119.966,25.9753],[119.966,25.9753],[119.966,25.9753],[119.966,25.9753],[119.9663,25.9752],[119.9663,25.9752],[119.9663,25.9752],[119.9663,25.9751],[119.9662,25.9751],[119.9662,25.975]]]],[[[[119.975,25.9753],[119.975,25.9753],[119.975,25.9753],[119.975,25.9753],[119.975,25.9753],[119.975,25.9753],[119.975,25.9753],[119.975,25.9754],[119.975,25.9754],[119.975,25.9754],[119.975,25.9754],[119.975,25.9754],[119.975,25.9753],[119.975,25.9753],[119.975,25.9753],[119.9751,25.9753],[119.9751,25.9753],[119.975,25.9753]]]],[[[[119.9664,25.9753],[119.9664,25.9753],[119.9664,25.9753],[119.9664,25.9753],[119.9664,25.9753],[119.9664,25.9754],[119.9665,25.9754],[119.9665,25.9754],[119.9665,25.9754],[119.9665,25.9754],[119.9665,25.9754],[119.9665,25.9753],[119.9664,25.9753],[119.9664,25.9753]]]],[[[[119.9659,25.9753],[119.9658,25.9753],[119.9658,25.9753],[119.9658,25.9753],[119.9658,25.9753],[119.9658,25.9754],[119.9658,25.9754],[119.9658,25.9754],[119.9658,25.9754],[119.9658,25.9754],[119.9659,25.9754],[119.9659,25.9753],[119.9659,25.9753],[119.9659,25.9753],[119.9659,25.9753]]]],[[[[119.9769,25.9754],[119.977,25.9753],[119.9769,25.9753],[119.9769,25.9753],[119.9769,25.9753],[119.9769,25.9753],[119.9769,25.9753],[119.9769,25.9752],[119.9769,25.9752],[119.977,25.9752],[119.9769,25.9752],[119.9769,25.9752],[119.9769,25.9752],[119.9769,25.9752],[119.9768,25.9752],[119.9768,25.9752],[119.9768,25.9752],[119.9768,25.9752],[119.9768,25.9752],[119.9767,25.9752],[119.9767,25.9753],[119.9767,25.9753],[119.9768,25.9753],[119.9768,25.9753],[119.9768,25.9754],[119.9768,25.9754],[119.9768,25.9754],[119.9768,25.9754],[119.9769,25.9755],[119.9769,25.9754],[119.9769,25.9754],[119.9769,25.9754],[119.9769,25.9754],[119.9769,25.9754]]]],[[[[119.9667,25.975],[119.9667,25.975],[119.9666,25.9751],[119.9666,25.9751],[119.9666,25.9751],[119.9666,25.9751],[119.9666,25.9752],[119.9666,25.9752],[119.9666,25.9752],[119.9667,25.9752],[119.9667,25.9753],[119.9667,25.9753],[119.9668,25.9754],[119.9668,25.9754],[119.9668,25.9754],[119.9669,25.9754],[119.9669,25.9755],[119.9669,25.9755],[119.9669,25.9755],[119.9669,25.9754],[119.967,25.9754],[119.967,25.9754],[119.967,25.9754],[119.967,25.9754],[119.967,25.9753],[119.967,25.9753],[119.9669,25.9753],[119.9669,25.9753],[119.9669,25.9752],[119.9668,25.9751],[119.9668,25.9751],[119.9667,25.975]]]],[[[[119.9751,25.9755],[119.975,25.9755],[119.975,25.9755],[119.975,25.9755],[119.975,25.9755],[119.975,25.9755],[119.975,25.9756],[119.975,25.9756],[119.975,25.9756],[119.975,25.9756],[119.9751,25.9756],[119.9751,25.9756],[119.9751,25.9756],[119.9751,25.9756],[119.9751,25.9755],[119.9751,25.9755],[119.9751,25.9755]]]],[[[[119.9196,25.9747],[119.9194,25.9746],[119.9194,25.9746],[119.9193,25.9746],[119.9193,25.9747],[119.9193,25.9747],[119.9193,25.9749],[119.9193,25.975],[119.9194,25.9752],[119.9194,25.9752],[119.9194,25.9752],[119.9198,25.9756],[119.9198,25.9756],[119.9199,25.9756],[119.9199,25.9757],[119.92,25.9757],[119.9203,25.9757],[119.9203,25.9757],[119.9204,25.9756],[119.9204,25.9756],[119.9204,25.9755],[119.9202,25.9752],[119.9196,25.9747]]]],[[[[119.9659,25.9756],[119.9659,25.9756],[119.9659,25.9756],[119.9658,25.9756],[119.9658,25.9756],[119.9658,25.9757],[119.9658,25.9757],[119.9658,25.9757],[119.9659,25.9757],[119.9659,25.9757],[119.9659,25.9757],[119.9659,25.9756],[119.9659,25.9756],[119.9659,25.9756]]]],[[[[119.9753,25.9758],[119.9753,25.9757],[119.9753,25.9757],[119.9753,25.9757],[119.9753,25.9757],[119.9753,25.9757],[119.9753,25.9756],[119.9753,25.9756],[119.9752,25.9756],[119.9752,25.9756],[119.9752,25.9756],[119.9752,25.9756],[119.9752,25.9756],[119.9752,25.9756],[119.9752,25.9756],[119.9751,25.9756],[119.9752,25.9757],[119.9752,25.9757],[119.9752,25.9757],[119.9752,25.9757],[119.9752,25.9758],[119.9752,25.9758],[119.9752,25.9758],[119.9753,25.9758],[119.9753,25.9758],[119.9753,25.9758],[119.9753,25.9758]]]],[[[[119.9664,25.9758],[119.9664,25.9758],[119.9663,25.9757],[119.9663,25.9757],[119.9663,25.9757],[119.9664,25.9758],[119.9664,25.9759],[119.9666,25.9759],[119.9666,25.9758],[119.9665,25.9757],[119.9665,25.9756],[119.9664,25.9755],[119.9664,25.9754],[119.9665,25.9756],[119.9666,25.9757],[119.9666,25.9756],[119.9665,25.9755],[119.9664,25.9754],[119.9663,25.9753],[119.9663,25.9752],[119.9661,25.9754],[119.966,25.9755],[119.966,25.9755],[119.966,25.9756],[119.966,25.9756],[119.9659,25.9756],[119.966,25.9757],[119.966,25.9758],[119.966,25.9759],[119.966,25.9759],[119.966,25.9759],[119.9661,25.9758],[119.9662,25.9759],[119.9663,25.9759],[119.9664,25.9759],[119.9664,25.9758]]]],[[[[119.9758,25.9759],[119.9761,25.9757],[119.976,25.9755],[119.9759,25.9752],[119.9762,25.9754],[119.9765,25.9748],[119.9767,25.9749],[119.9772,25.975],[119.9773,25.9747],[119.9769,25.9745],[119.9765,25.9742],[119.9768,25.9741],[119.9772,25.9741],[119.977,25.9738],[119.9768,25.9736],[119.9766,25.9734],[119.9765,25.973],[119.9763,25.9726],[119.9759,25.9721],[119.9756,25.9718],[119.9752,25.9713],[119.9751,25.971],[119.9748,25.971],[119.9744,25.9706],[119.974,25.9703],[119.9742,25.9711],[119.9743,25.972],[119.9741,25.972],[119.9742,25.9724],[119.9743,25.9725],[119.9744,25.9729],[119.9745,25.9734],[119.9746,25.9741],[119.9745,25.9744],[119.9745,25.9747],[119.9746,25.975],[119.975,25.9751],[119.9753,25.9754],[119.9755,25.9757],[119.9757,25.9758],[119.9758,25.9759]]]],[[[[119.976,25.9761],[119.976,25.9761],[119.976,25.976],[119.976,25.9761],[119.976,25.976],[119.976,25.976],[119.976,25.976],[119.976,25.976],[119.976,25.9759],[119.976,25.9759],[119.976,25.9759],[119.9759,25.9759],[119.9759,25.9759],[119.9759,25.9759],[119.9759,25.976],[119.9759,25.976],[119.9759,25.976],[119.9758,25.976],[119.9758,25.976],[119.9758,25.976],[119.9758,25.976],[119.9758,25.976],[119.9758,25.976],[119.9758,25.976],[119.9758,25.976],[119.9758,25.976],[119.9758,25.9761],[119.9758,25.9761],[119.9759,25.9761],[119.9759,25.9761],[119.9759,25.9761],[119.9759,25.9761],[119.976,25.9761],[119.976,25.9761]]]],[[[[119.9658,25.9762],[119.9658,25.9762],[119.9659,25.9762],[119.966,25.9762],[119.9661,25.9762],[119.9661,25.9762],[119.9661,25.9762],[119.9661,25.9761],[119.9661,25.9761],[119.9659,25.976],[119.9659,25.976],[119.9658,25.976],[119.9657,25.976],[119.9657,25.9762],[119.9657,25.9762],[119.9657,25.9762],[119.9657,25.9763],[119.9658,25.9762],[119.9658,25.9762],[119.9658,25.9762],[119.9658,25.9762]]]],[[[[119.9757,25.9766],[119.9757,25.9766],[119.9757,25.9766],[119.9757,25.9766],[119.9757,25.9765],[119.9757,25.9765],[119.9757,25.9765],[119.9757,25.9765],[119.9756,25.9765],[119.9756,25.9765],[119.9756,25.9766],[119.9757,25.9766],[119.9757,25.9766],[119.9757,25.9766],[119.9757,25.9766],[119.9757,25.9766],[119.9757,25.9766],[119.9756,25.9766],[119.9756,25.9766],[119.9756,25.9766],[119.9757,25.9766],[119.9757,25.9766],[119.9757,25.9766]]]],[[[[119.9761,25.9766],[119.9762,25.9766],[119.9763,25.9766],[119.9762,25.9765],[119.9762,25.9765],[119.9763,25.9765],[119.9764,25.9765],[119.9765,25.9766],[119.9765,25.9766],[119.9766,25.9766],[119.9766,25.9766],[119.9767,25.9765],[119.9767,25.9766],[119.9767,25.9765],[119.9767,25.9764],[119.9767,25.9763],[119.9767,25.9763],[119.9766,25.9763],[119.9766,25.9763],[119.9766,25.9763],[119.9765,25.9763],[119.9764,25.9763],[119.9764,25.9762],[119.9763,25.9762],[119.9762,25.9762],[119.9762,25.9762],[119.9761,25.9762],[119.976,25.9762],[119.976,25.9762],[119.976,25.9761],[119.9759,25.9762],[119.9758,25.9763],[119.9758,25.9765],[119.9759,25.9765],[119.9759,25.9765],[119.976,25.9766],[119.9761,25.9767],[119.9761,25.9766]]]],[[[[119.922,25.9763],[119.922,25.9763],[119.9219,25.9763],[119.9218,25.9763],[119.9218,25.9763],[119.9217,25.9763],[119.9217,25.9763],[119.9217,25.9765],[119.9216,25.9767],[119.9217,25.9768],[119.9217,25.977],[119.9217,25.977],[119.9217,25.977],[119.9218,25.977],[119.9218,25.9771],[119.9218,25.9771],[119.9219,25.9771],[119.9221,25.9769],[119.9221,25.9769],[119.9222,25.9768],[119.9222,25.9767],[119.9221,25.9764],[119.9221,25.9764],[119.9221,25.9763],[119.922,25.9763],[119.922,25.9763]]]],[[[[119.947,25.9768],[119.947,25.9768],[119.9469,25.9768],[119.9469,25.9768],[119.9469,25.9768],[119.9469,25.9768],[119.9469,25.9769],[119.9469,25.9769],[119.9469,25.9769],[119.9469,25.977],[119.9469,25.977],[119.9468,25.977],[119.9468,25.9771],[119.9468,25.9771],[119.9468,25.9771],[119.9468,25.9771],[119.9468,25.9771],[119.9468,25.9772],[119.9469,25.9772],[119.9469,25.9772],[119.947,25.9772],[119.947,25.9772],[119.9471,25.9772],[119.9471,25.9772],[119.9471,25.9771],[119.9471,25.9771],[119.9471,25.9771],[119.9471,25.9771],[119.9471,25.9771],[119.947,25.977],[119.947,25.977],[119.947,25.977],[119.947,25.977],[119.947,25.9769],[119.947,25.9769],[119.947,25.9769],[119.947,25.9768],[119.947,25.9768]]]],[[[[119.9218,25.9772],[119.9218,25.9772],[119.9218,25.9772],[119.9217,25.9773],[119.9217,25.9773],[119.9217,25.9774],[119.9217,25.9774],[119.9217,25.9774],[119.9217,25.9775],[119.9218,25.9775],[119.9218,25.9775],[119.9218,25.9775],[119.9219,25.9775],[119.9219,25.9775],[119.922,25.9774],[119.922,25.9774],[119.922,25.9773],[119.922,25.9773],[119.9218,25.9772]]]],[[[[119.9469,25.9773],[119.9469,25.9773],[119.9468,25.9773],[119.9468,25.9773],[119.9468,25.9773],[119.9468,25.9773],[119.9468,25.9773],[119.9468,25.9773],[119.9468,25.9773],[119.9469,25.9774],[119.9469,25.9774],[119.9469,25.9774],[119.9469,25.9774],[119.9469,25.9774],[119.9469,25.9774],[119.9469,25.9775],[119.9469,25.9775],[119.9469,25.9775],[119.9469,25.9775],[119.947,25.9775],[119.947,25.9775],[119.947,25.9775],[119.9471,25.9775],[119.9471,25.9775],[119.9471,25.9775],[119.9471,25.9774],[119.9471,25.9774],[119.9471,25.9774],[119.9471,25.9774],[119.9471,25.9773],[119.947,25.9773],[119.947,25.9773],[119.9469,25.9773]]]],[[[[119.9472,25.9776],[119.9472,25.9776],[119.9472,25.9776],[119.9471,25.9776],[119.9471,25.9776],[119.9471,25.9776],[119.9471,25.9776],[119.9471,25.9776],[119.9471,25.9776],[119.9471,25.9776],[119.9471,25.9776],[119.9471,25.9777],[119.947,25.9777],[119.947,25.9777],[119.947,25.9777],[119.947,25.9777],[119.947,25.9777],[119.9471,25.9777],[119.9471,25.9777],[119.9471,25.9777],[119.9471,25.9777],[119.9471,25.9777],[119.9471,25.9777],[119.9471,25.9777],[119.9472,25.9777],[119.9472,25.9777],[119.9472,25.9777],[119.9472,25.9777],[119.9472,25.9777],[119.9472,25.9776],[119.9472,25.9776],[119.9472,25.9776],[119.9472,25.9776],[119.9472,25.9776],[119.9472,25.9776]]]],[[[[119.9223,25.9779],[119.9222,25.9779],[119.9222,25.9779],[119.922,25.9779],[119.9219,25.978],[119.9219,25.9781],[119.9219,25.9781],[119.9219,25.9781],[119.9221,25.9783],[119.9221,25.9783],[119.9222,25.9783],[119.9223,25.9783],[119.9223,25.9783],[119.9223,25.9783],[119.9223,25.978],[119.9223,25.978],[119.9223,25.9779],[119.9223,25.9779]]]],[[[[119.9918,25.9806],[119.9918,25.9806],[119.9918,25.9806],[119.9917,25.9806],[119.9917,25.9806],[119.9917,25.9807],[119.9917,25.9807],[119.9917,25.9807],[119.9917,25.9807],[119.9917,25.9807],[119.9918,25.9808],[119.9918,25.9808],[119.9919,25.9808],[119.992,25.9808],[119.992,25.9808],[119.992,25.9808],[119.992,25.9807],[119.992,25.9807],[119.992,25.9807],[119.992,25.9807],[119.992,25.9807],[119.9919,25.9807],[119.9919,25.9807],[119.9919,25.9807],[119.9918,25.9806],[119.9918,25.9806],[119.9918,25.9806],[119.9918,25.9806]]]],[[[[119.9481,25.9812],[119.9481,25.9812],[119.9481,25.9812],[119.9481,25.9812],[119.9481,25.9812],[119.9481,25.9812],[119.9482,25.9812],[119.9482,25.9813],[119.9482,25.9813],[119.9483,25.9813],[119.9483,25.9813],[119.9483,25.9814],[119.9484,25.9814],[119.9484,25.9814],[119.9485,25.9814],[119.9485,25.9814],[119.9485,25.9814],[119.9485,25.9814],[119.9485,25.9814],[119.9485,25.9814],[119.9485,25.9813],[119.9485,25.9813],[119.9484,25.9813],[119.9484,25.9813],[119.9483,25.9812],[119.9483,25.9812],[119.9483,25.9812],[119.9482,25.9812],[119.9482,25.9812],[119.9481,25.9812]]]],[[[[119.9481,25.9814],[119.9481,25.9814],[119.9481,25.9814],[119.9481,25.9814],[119.9481,25.9814],[119.9481,25.9814],[119.9481,25.9814],[119.9481,25.9814],[119.9481,25.9814],[119.9481,25.9814],[119.9481,25.9814],[119.9481,25.9814],[119.9481,25.9814],[119.9481,25.9814],[119.9482,25.9814],[119.9482,25.9814],[119.9482,25.9815],[119.9482,25.9815],[119.9482,25.9815],[119.9482,25.9815],[119.9482,25.9815],[119.9482,25.9815],[119.9482,25.9814],[119.9482,25.9814],[119.9482,25.9814],[119.9482,25.9814],[119.9482,25.9814],[119.9482,25.9814],[119.9482,25.9814],[119.9482,25.9814],[119.9482,25.9814],[119.9482,25.9814],[119.9482,25.9814],[119.9482,25.9814],[119.9481,25.9814],[119.9481,25.9814]]]],[[[[119.9925,25.9812],[119.9924,25.9812],[119.9924,25.9812],[119.9921,25.9813],[119.992,25.9814],[119.9919,25.9814],[119.9919,25.9814],[119.9921,25.9815],[119.9922,25.9815],[119.9923,25.9815],[119.9923,25.9815],[119.9925,25.9815],[119.9925,25.9815],[119.9925,25.9815],[119.9925,25.9814],[119.9925,25.9812],[119.9925,25.9812]]]],[[[[119.9482,25.9816],[119.9482,25.9816],[119.9482,25.9816],[119.9482,25.9816],[119.9482,25.9816],[119.9482,25.9816],[119.9482,25.9816],[119.9482,25.9816],[119.9482,25.9816],[119.9482,25.9817],[119.9482,25.9817],[119.9482,25.9817],[119.9482,25.9817],[119.9482,25.9817],[119.9482,25.9817],[119.9482,25.9817],[119.9482,25.9816],[119.9482,25.9816],[119.9482,25.9816],[119.9482,25.9816],[119.9482,25.9816],[119.9482,25.9816]]]],[[[[119.9926,25.9818],[119.9926,25.9818],[119.9926,25.9818],[119.9925,25.9818],[119.9925,25.9818],[119.9925,25.9818],[119.9925,25.9818],[119.9924,25.9818],[119.9924,25.9818],[119.9924,25.9818],[119.9924,25.9818],[119.9924,25.9818],[119.9923,25.9818],[119.9923,25.9818],[119.9923,25.9818],[119.9923,25.9819],[119.9923,25.9819],[119.9924,25.9819],[119.9924,25.9819],[119.9924,25.9819],[119.9924,25.9819],[119.9925,25.982],[119.9925,25.982],[119.9925,25.982],[119.9925,25.982],[119.9926,25.9819],[119.9926,25.9819],[119.9926,25.9819],[119.9926,25.9819],[119.9926,25.9818],[119.9927,25.9818],[119.9927,25.9818],[119.9927,25.9818],[119.9926,25.9818]]]],[[[[119.9462,25.9819],[119.9462,25.9819],[119.9461,25.9819],[119.9461,25.9819],[119.9461,25.9819],[119.9461,25.9819],[119.946,25.982],[119.946,25.982],[119.946,25.982],[119.946,25.982],[119.946,25.982],[119.946,25.982],[119.946,25.982],[119.946,25.982],[119.946,25.982],[119.946,25.982],[119.946,25.982],[119.946,25.982],[119.946,25.982],[119.9461,25.9821],[119.9461,25.9821],[119.9461,25.9821],[119.9462,25.9821],[119.9462,25.9821],[119.9462,25.9821],[119.9462,25.982],[119.9462,25.982],[119.9462,25.982],[119.9462,25.982],[119.9462,25.982],[119.9462,25.982],[119.9462,25.9819]]]],[[[[119.9406,25.9821],[119.9406,25.9821],[119.9405,25.9821],[119.9405,25.9821],[119.9405,25.9822],[119.9406,25.9822],[119.9406,25.9822],[119.9406,25.9822],[119.9406,25.9823],[119.9406,25.9823],[119.9406,25.9823],[119.9407,25.9823],[119.9408,25.9824],[119.9408,25.9824],[119.9408,25.9824],[119.9408,25.9824],[119.9408,25.9824],[119.9408,25.9823],[119.9408,25.9823],[119.9408,25.9823],[119.9408,25.9823],[119.9408,25.9823],[119.9408,25.9823],[119.9408,25.9822],[119.9408,25.9822],[119.9408,25.9822],[119.9407,25.9822],[119.9407,25.9822],[119.9407,25.9821],[119.9406,25.9821]]]],[[[[119.9449,25.9823],[119.9449,25.9823],[119.9449,25.9823],[119.9448,25.9823],[119.9448,25.9823],[119.9448,25.9823],[119.9448,25.9823],[119.9448,25.9823],[119.9448,25.9823],[119.9448,25.9824],[119.9448,25.9824],[119.9448,25.9824],[119.9449,25.9824],[119.9449,25.9824],[119.9449,25.9824],[119.9449,25.9824],[119.9449,25.9824],[119.9449,25.9824],[119.9449,25.9824],[119.9449,25.9824],[119.9449,25.9823],[119.9449,25.9823],[119.9449,25.9823],[119.9449,25.9823],[119.9449,25.9823],[119.9449,25.9823],[119.9449,25.9823]]]],[[[[119.9462,25.9823],[119.9462,25.9823],[119.9462,25.9823],[119.9462,25.9823],[119.9462,25.9823],[119.9462,25.9823],[119.9462,25.9823],[119.9462,25.9823],[119.9462,25.9823],[119.9462,25.9823],[119.9462,25.9823],[119.9462,25.9824],[119.9462,25.9824],[119.9462,25.9824],[119.9462,25.9824],[119.9463,25.9824],[119.9463,25.9824],[119.9463,25.9824],[119.9463,25.9824],[119.9463,25.9824],[119.9463,25.9824],[119.9463,25.9824],[119.9463,25.9824],[119.9463,25.9824],[119.9463,25.9824],[119.9463,25.9824],[119.9463,25.9824],[119.9463,25.9824],[119.9463,25.9824],[119.9463,25.9824],[119.9463,25.9824],[119.9463,25.9824],[119.9463,25.9823],[119.9463,25.9823],[119.9463,25.9823],[119.9463,25.9823],[119.9463,25.9823],[119.9463,25.9823],[119.9463,25.9823],[119.9462,25.9823],[119.9462,25.9823]]]],[[[[119.9467,25.9823],[119.9466,25.9823],[119.9466,25.9823],[119.9465,25.9822],[119.9465,25.9822],[119.9465,25.9822],[119.9464,25.9821],[119.9464,25.9821],[119.9463,25.982],[119.9463,25.982],[119.9463,25.9821],[119.9463,25.9821],[119.9463,25.9821],[119.9463,25.9822],[119.9463,25.9822],[119.9463,25.9822],[119.9463,25.9822],[119.9463,25.9822],[119.9464,25.9823],[119.9464,25.9823],[119.9464,25.9823],[119.9465,25.9823],[119.9465,25.9823],[119.9466,25.9823],[119.9466,25.9824],[119.9467,25.9824],[119.9467,25.9825],[119.9468,25.9825],[119.9468,25.9825],[119.9468,25.9824],[119.9468,25.9824],[119.9468,25.9824],[119.9467,25.9824],[119.9467,25.9824],[119.9467,25.9823]]]],[[[[119.9446,25.9821],[119.9447,25.9808],[119.9467,25.9814],[119.9485,25.9811],[119.9482,25.9799],[119.9479,25.9786],[119.9477,25.9781],[119.9463,25.9779],[119.946,25.9768],[119.9451,25.9756],[119.9447,25.9751],[119.9426,25.9734],[119.9403,25.9736],[119.9382,25.9731],[119.9373,25.9722],[119.9372,25.9718],[119.9373,25.9715],[119.9384,25.9709],[119.9365,25.9696],[119.9339,25.9675],[119.9315,25.9677],[119.9336,25.9693],[119.9325,25.9704],[119.9291,25.9708],[119.9283,25.9733],[119.9256,25.9767],[119.9242,25.9793],[119.9252,25.9809],[119.9277,25.9813],[119.9288,25.9816],[119.9314,25.9817],[119.9324,25.9808],[119.9348,25.9807],[119.9374,25.9818],[119.9389,25.9807],[119.9397,25.9814],[119.9414,25.9819],[119.9429,25.9818],[119.9436,25.9822],[119.9444,25.9827],[119.9446,25.9821]]]],[[[[119.9449,25.9827],[119.9449,25.9827],[119.9449,25.9826],[119.9449,25.9826],[119.9449,25.9826],[119.9449,25.9825],[119.9449,25.9825],[119.9448,25.9825],[119.9448,25.9825],[119.9448,25.9824],[119.9448,25.9824],[119.9448,25.9825],[119.9448,25.9825],[119.9447,25.9825],[119.9447,25.9825],[119.9447,25.9826],[119.9447,25.9826],[119.9447,25.9827],[119.9447,25.9827],[119.9447,25.9827],[119.9447,25.9827],[119.9447,25.9827],[119.9448,25.9827],[119.9448,25.9827],[119.9448,25.9827],[119.9448,25.9827],[119.9449,25.9828],[119.9449,25.9828],[119.9449,25.9828],[119.9449,25.9828],[119.9449,25.9827],[119.9449,25.9827]]]],[[[[119.9926,25.9821],[119.9926,25.9821],[119.9926,25.9821],[119.9925,25.9821],[119.9925,25.9821],[119.9922,25.9822],[119.9922,25.9822],[119.9921,25.9823],[119.992,25.9824],[119.992,25.9824],[119.992,25.9824],[119.992,25.9824],[119.992,25.9824],[119.992,25.9824],[119.9923,25.9827],[119.9927,25.9829],[119.9928,25.9829],[119.9928,25.9829],[119.9928,25.9829],[119.9929,25.9829],[119.993,25.9828],[119.9931,25.9827],[119.993,25.9825],[119.9928,25.9823],[119.9928,25.9822],[119.9926,25.9821],[119.9926,25.9821]]]],[[[[119.9437,25.9825],[119.9437,25.9826],[119.9437,25.9826],[119.9436,25.9826],[119.9436,25.9826],[119.9436,25.9827],[119.9436,25.9827],[119.9436,25.9827],[119.9436,25.9828],[119.9436,25.9828],[119.9435,25.9828],[119.9435,25.9829],[119.9436,25.9829],[119.9436,25.9829],[119.9436,25.9829],[119.9437,25.9829],[119.9437,25.9829],[119.9437,25.9828],[119.9438,25.9828],[119.9438,25.9828],[119.9438,25.9828],[119.9438,25.9827],[119.9438,25.9827],[119.9438,25.9827],[119.9438,25.9826],[119.9438,25.9826],[119.9437,25.9826],[119.9437,25.9826],[119.9437,25.9825]]]],[[[[119.9449,25.9828],[119.9448,25.9828],[119.9448,25.9828],[119.9447,25.9828],[119.9446,25.9829],[119.9446,25.9829],[119.9446,25.9829],[119.9445,25.9829],[119.9445,25.983],[119.9445,25.983],[119.9444,25.983],[119.9444,25.983],[119.9444,25.9831],[119.9445,25.9831],[119.9445,25.9831],[119.9445,25.9831],[119.9445,25.9831],[119.9446,25.9831],[119.9446,25.9831],[119.9446,25.9831],[119.9447,25.9831],[119.9447,25.9831],[119.9448,25.9831],[119.9448,25.9831],[119.9448,25.9831],[119.9449,25.9831],[119.9449,25.9831],[119.9449,25.9831],[119.9449,25.983],[119.9449,25.983],[119.945,25.983],[119.945,25.983],[119.945,25.9829],[119.945,25.9829],[119.945,25.9829],[119.9449,25.9829],[119.9449,25.9828],[119.9449,25.9828],[119.9449,25.9828]]]],[[[[119.9807,26.1867],[119.9807,26.1866],[119.9802,26.1867],[119.9801,26.1868],[119.9801,26.1869],[119.9801,26.1871],[119.9801,26.1873],[119.9802,26.1874],[119.9804,26.1874],[119.9805,26.1873],[119.9807,26.1867]]]],[[[[119.9484,26.1943],[119.9478,26.1941],[119.9478,26.1941],[119.9474,26.1942],[119.9471,26.1945],[119.9471,26.1945],[119.9471,26.1945],[119.9471,26.1946],[119.9471,26.1946],[119.9472,26.1948],[119.9472,26.1948],[119.9472,26.195],[119.9472,26.195],[119.9472,26.195],[119.9474,26.1951],[119.9476,26.1954],[119.9478,26.1956],[119.9484,26.1956],[119.9486,26.1957],[119.9487,26.1957],[119.949,26.1956],[119.949,26.1956],[119.9491,26.1956],[119.9492,26.1954],[119.9492,26.1954],[119.9491,26.1952],[119.9485,26.1945],[119.9484,26.1944],[119.9484,26.1943],[119.9484,26.1943]]]],[[[[120.0129,26.2097],[120.0122,26.2094],[120.0115,26.2095],[120.0115,26.2095],[120.0115,26.2095],[120.0114,26.2096],[120.0111,26.2099],[120.011,26.21],[120.011,26.21],[120.0109,26.2104],[120.0109,26.2104],[120.0115,26.211],[120.012,26.2114],[120.0121,26.2115],[120.0122,26.2115],[120.0122,26.2115],[120.0126,26.2116],[120.0126,26.2117],[120.0131,26.2118],[120.0132,26.2117],[120.0146,26.2112],[120.0147,26.2112],[120.0147,26.2112],[120.0147,26.2111],[120.0147,26.2111],[120.0147,26.211],[120.0147,26.2108],[120.0147,26.2107],[120.0147,26.2107],[120.0146,26.2106],[120.0145,26.2106],[120.0142,26.2104],[120.0139,26.2101],[120.0129,26.2097]]]],[[[[120.0158,26.2133],[120.0156,26.2133],[120.0156,26.2133],[120.0155,26.2133],[120.0155,26.2133],[120.0154,26.2133],[120.0153,26.2133],[120.0153,26.2133],[120.0152,26.2133],[120.0152,26.2133],[120.0153,26.2134],[120.0153,26.2134],[120.0155,26.2135],[120.016,26.2138],[120.016,26.2139],[120.016,26.2139],[120.0161,26.2139],[120.0161,26.2139],[120.0161,26.2137],[120.0161,26.2137],[120.0161,26.2137],[120.0159,26.2134],[120.0159,26.2134],[120.0158,26.2133],[120.0158,26.2133],[120.0158,26.2133]]]],[[[[120.0156,26.2139],[120.0155,26.2139],[120.0155,26.2139],[120.0155,26.2141],[120.0155,26.2141],[120.0155,26.2141],[120.0157,26.2142],[120.0159,26.2143],[120.0159,26.2143],[120.0159,26.2143],[120.0159,26.2143],[120.016,26.2143],[120.016,26.2142],[120.016,26.2142],[120.016,26.2142],[120.016,26.2142],[120.0159,26.2141],[120.0158,26.214],[120.0157,26.214],[120.0156,26.2139],[120.0156,26.2139]]]],[[[[120.0124,26.2141],[120.013,26.2141],[120.0134,26.2141],[120.0135,26.2141],[120.0135,26.2141],[120.0135,26.2141],[120.0135,26.2141],[120.0136,26.2141],[120.0143,26.2138],[120.0147,26.2135],[120.015,26.2133],[120.015,26.2133],[120.015,26.2132],[120.015,26.2132],[120.0149,26.2132],[120.0147,26.213],[120.0146,26.2129],[120.0142,26.2128],[120.0142,26.2128],[120.0141,26.2128],[120.0136,26.2126],[120.0136,26.2126],[120.0135,26.2125],[120.0134,26.2125],[120.0129,26.2126],[120.0128,26.2126],[120.0121,26.2126],[120.012,26.2126],[120.012,26.2126],[120.0119,26.213],[120.0118,26.2131],[120.0118,26.2132],[120.0116,26.2138],[120.0116,26.2138],[120.0116,26.2138],[120.0121,26.2143],[120.0121,26.2143],[120.0121,26.2143],[120.0122,26.2143],[120.0124,26.2141]]]],[[[[120.0155,26.2142],[120.0155,26.2142],[120.0155,26.2142],[120.0155,26.2143],[120.0155,26.2143],[120.0155,26.2143],[120.0155,26.2143],[120.0155,26.2143],[120.0155,26.2143],[120.0155,26.2143],[120.0155,26.2144],[120.0156,26.2144],[120.0156,26.2144],[120.0156,26.2145],[120.0157,26.2145],[120.0158,26.2145],[120.0158,26.2144],[120.0158,26.2144],[120.0158,26.2144],[120.0158,26.2144],[120.0157,26.2143],[120.0156,26.2143],[120.0156,26.2143],[120.0155,26.2142]]]],[[[[120.0119,26.2156],[120.0119,26.2156],[120.0119,26.2156],[120.0119,26.2156],[120.0119,26.2156],[120.0119,26.215699999999998],[120.0119,26.215699999999998],[120.0119,26.215699999999998],[120.0119,26.215699999999998],[120.0119,26.2158],[120.0119,26.2158],[120.0119,26.2158],[120.012,26.2158],[120.012,26.2158],[120.012,26.2158],[120.012,26.2158],[120.012,26.215699999999998],[120.012,26.215699999999998],[120.012,26.215699999999998],[120.012,26.215699999999998],[120.012,26.215699999999998],[120.012,26.2156],[120.0119,26.2156]]]],[[[[120.0482,26.2258],[120.0482,26.2258],[120.0481,26.2258],[120.0481,26.2258],[120.048,26.2259],[120.048,26.2259],[120.048,26.226],[120.0481,26.226],[120.0481,26.2261],[120.0483,26.2261],[120.0483,26.2262],[120.0484,26.2262],[120.0484,26.2263],[120.0485,26.2263],[120.0485,26.2263],[120.0486,26.2262],[120.0486,26.2262],[120.0486,26.226],[120.0485,26.226],[120.0483,26.2259],[120.0482,26.2258]]]],[[[[119.9831,26.2264],[119.9827,26.2262],[119.9827,26.2262],[119.9826,26.2263],[119.9826,26.2263],[119.9826,26.2265],[119.9826,26.2266],[119.9827,26.2267],[119.9828,26.2269],[119.9829,26.2269],[119.983,26.2269],[119.9831,26.2269],[119.9832,26.227],[119.9832,26.2269],[119.9833,26.2268],[119.9833,26.2267],[119.9833,26.2266],[119.9831,26.2264],[119.9831,26.2264]]]],[[[[120.0626,26.2333],[120.0625,26.2333],[120.0624,26.2333],[120.0623,26.2334],[120.0623,26.2335],[120.0623,26.2336],[120.0623,26.2336],[120.0624,26.2337],[120.0626,26.2339],[120.0627,26.2339],[120.0627,26.2339],[120.0629,26.234],[120.063,26.234],[120.0631,26.234],[120.0631,26.2338],[120.0631,26.2337],[120.0629,26.2335],[120.0629,26.2334],[120.0628,26.2334],[120.0626,26.2333]]]],[[[[120.0623,26.2381],[120.0621,26.2377],[120.0621,26.2377],[120.062,26.2373],[120.062,26.2371],[120.0619,26.237],[120.0617,26.237],[120.0615,26.2368],[120.0614,26.2367],[120.0613,26.2366],[120.0612,26.2366],[120.0611,26.2366],[120.0607,26.2369],[120.0606,26.237],[120.0606,26.2371],[120.0606,26.2372],[120.0606,26.2372],[120.0607,26.2375],[120.0607,26.2377],[120.0608,26.2378],[120.0609,26.2378],[120.0611,26.2379],[120.0615,26.238],[120.0616,26.238],[120.0617,26.238],[120.0618,26.2381],[120.0619,26.2381],[120.062,26.2381],[120.0621,26.2382],[120.0622,26.2382],[120.0624,26.2382],[120.0624,26.2381],[120.0623,26.2381]]]],[[[[119.9964,26.2381],[120.001,26.2359],[120.0016,26.2338],[120.0042,26.2343],[120.0057,26.2309],[120.006,26.2274],[120.0077,26.2269],[120.015,26.228],[120.0144,26.2234],[120.0113,26.2183],[120.0118,26.2151],[120.0083,26.219],[119.9992,26.2192],[119.998,26.2223],[119.9939,26.2186],[119.989,26.2151],[119.9836,26.2183],[119.9783,26.2155],[119.9718,26.2079],[119.9719,26.199],[119.9734,26.1958],[119.9735,26.1949],[119.9732,26.1945],[119.9684,26.1944],[119.9665,26.1951],[119.9662,26.1987],[119.9656,26.2048],[119.9711,26.2127],[119.969,26.2184],[119.9674,26.2212],[119.9698,26.2212],[119.9742,26.223],[119.977,26.2244],[119.9802,26.225],[119.9852,26.2269],[119.9868,26.2289],[119.9896,26.2316],[119.9919,26.2337],[119.9929,26.2348],[119.9939,26.2372],[119.9964,26.2381]]]],[[[[120.0171,26.2393],[120.0169,26.2391],[120.017,26.2389],[120.0171,26.2385],[120.0169,26.2381],[120.0166,26.2379],[120.0161,26.2378],[120.0157,26.2379],[120.0152,26.238],[120.015,26.2381],[120.0146,26.2383],[120.0142,26.2386],[120.0143,26.2389],[120.0143,26.239],[120.0144,26.2391],[120.0147,26.2391],[120.0148,26.2392],[120.015,26.2391],[120.0152,26.2393],[120.0154,26.2394],[120.0156,26.2394],[120.016,26.2393],[120.016,26.2392],[120.0161,26.2391],[120.0162,26.2392],[120.0164,26.2392],[120.0165,26.2393],[120.0166,26.2394],[120.0167,26.2395],[120.017,26.2395],[120.0171,26.2394],[120.0171,26.2393]]]],[[[[120.0128,26.2405],[120.0132,26.2403],[120.0134,26.2401],[120.0133,26.2398],[120.0136,26.2398],[120.0141,26.24],[120.0142,26.24],[120.0141,26.2399],[120.014,26.2399],[120.0138,26.2398],[120.0141,26.2398],[120.0141,26.2393],[120.014,26.2387],[120.0137,26.2385],[120.0136,26.2386],[120.0135,26.2386],[120.0135,26.2385],[120.0134,26.2384],[120.0129,26.2383],[120.0126,26.2383],[120.0122,26.2381],[120.0122,26.2376],[120.0123,26.2363],[120.0122,26.2356],[120.0117,26.2356],[120.0112,26.2357],[120.011,26.2361],[120.0108,26.2364],[120.0107,26.2366],[120.0107,26.237],[120.0107,26.2373],[120.0109,26.2381],[120.0111,26.2383],[120.0114,26.2387],[120.012,26.2392],[120.0122,26.2396],[120.0123,26.2396],[120.0123,26.2399],[120.0123,26.2403],[120.0125,26.2405],[120.0128,26.2405]]]],[[[[120.0045,26.2507],[120.005,26.2506],[120.0051,26.2506],[120.0054,26.2507],[120.0065,26.2508],[120.0064,26.2505],[120.0063,26.2501],[120.0061,26.2497],[120.0056,26.2485],[120.0052,26.2476],[120.0047,26.2469],[120.0039,26.2473],[120.0033,26.2465],[120.0034,26.2459],[120.0029,26.2456],[120.0029,26.2455],[120.0033,26.2457],[120.0031,26.2451],[120.0017,26.2449],[120.0013,26.2452],[120.0005,26.2447],[119.9991,26.2432],[119.9983,26.2423],[119.9958,26.242],[119.9954,26.2435],[119.9958,26.2444],[119.9962,26.2448],[119.9966,26.2466],[119.9979,26.2488],[119.9985,26.2497],[119.9989,26.2493],[119.9993,26.2494],[119.9998,26.2495],[120.0007,26.2486],[120.0015,26.2488],[120.0017,26.249],[120.0023,26.2495],[120.003,26.2507],[120.0038,26.2513],[120.0044,26.2509],[120.0045,26.2507]]]],[[[[120.0069,26.2508],[120.0068,26.2508],[120.0068,26.2508],[120.0067,26.251],[120.0067,26.251],[120.0066,26.2511],[120.0066,26.2515],[120.0066,26.2515],[120.0066,26.2516],[120.0067,26.2516],[120.0068,26.2516],[120.0068,26.2516],[120.0068,26.2516],[120.0069,26.2516],[120.0069,26.2516],[120.007,26.2516],[120.0071,26.2515],[120.0072,26.2515],[120.0072,26.2514],[120.0071,26.2511],[120.007,26.2509],[120.0069,26.2508]]]],[[[[120.007,26.2516],[120.007,26.2516],[120.007,26.2516],[120.007,26.2516],[120.007,26.2517],[120.007,26.2517],[120.007,26.2517],[120.007,26.2517],[120.007,26.2518],[120.007,26.2518],[120.0071,26.2519],[120.0071,26.2519],[120.0071,26.2519],[120.0071,26.2519],[120.0071,26.2518],[120.0071,26.2518],[120.0071,26.2518],[120.0071,26.2518],[120.0071,26.2518],[120.007,26.2517],[120.0071,26.2517],[120.0071,26.2517],[120.0071,26.2517],[120.0071,26.2516],[120.007,26.2516]]]],[[[[120.0072,26.2518],[120.0072,26.2518],[120.0072,26.2518],[120.0072,26.2519],[120.0072,26.2519],[120.0072,26.2519],[120.0073,26.2519],[120.0073,26.2519],[120.0073,26.2519],[120.0072,26.2518]]]],[[[[120.0099,26.2551],[120.0112,26.2547],[120.0111,26.2541],[120.0112,26.254],[120.0118,26.2545],[120.0143,26.2547],[120.0141,26.2543],[120.0144,26.2542],[120.0147,26.2542],[120.0149,26.2541],[120.015,26.2541],[120.0138,26.2533],[120.014,26.2532],[120.0136,26.2524],[120.0129,26.2527],[120.0121,26.2524],[120.0118,26.2525],[120.0115,26.2524],[120.0111,26.2524],[120.0107,26.2523],[120.0106,26.2525],[120.0105,26.2525],[120.0104,26.2525],[120.0098,26.2525],[120.0092,26.2518],[120.0085,26.2519],[120.0083,26.2518],[120.0076,26.2519],[120.0075,26.252],[120.008,26.2525],[120.0086,26.2532],[120.0088,26.2534],[120.0086,26.254],[120.0089,26.2549],[120.0095,26.2554],[120.01,26.2555],[120.0102,26.2555],[120.0099,26.2553],[120.0099,26.2551]]]],[[[[120.0096,26.2556],[120.0096,26.2556],[120.0096,26.2556],[120.0096,26.2556],[120.0096,26.2556],[120.0096,26.2556],[120.0096,26.2556],[120.0096,26.2556],[120.0096,26.2556],[120.0096,26.2556],[120.0095,26.2556],[120.0095,26.2556],[120.0095,26.2556],[120.0095,26.2556],[120.0095,26.2556],[120.0095,26.2556],[120.0095,26.2556],[120.0095,26.2556],[120.0095,26.2556],[120.0095,26.2556],[120.0095,26.2556],[120.0095,26.2558],[120.0095,26.2558],[120.0095,26.2558],[120.0096,26.2558],[120.0096,26.2558],[120.0096,26.2558],[120.0097,26.2558],[120.0097,26.2558],[120.0097,26.2558],[120.0097,26.2557],[120.0097,26.2556],[120.0097,26.2556],[120.0097,26.2556],[120.0097,26.2556],[120.0097,26.2556],[120.0097,26.2556],[120.0096,26.2556],[120.0096,26.2556]]]],[[[[119.9927,26.2558],[119.9927,26.2558],[119.9927,26.2558],[119.9925,26.2559],[119.9925,26.2559],[119.9925,26.2559],[119.9925,26.2559],[119.9925,26.256],[119.9925,26.256],[119.9925,26.2561],[119.9925,26.2561],[119.9925,26.2561],[119.9925,26.2561],[119.9925,26.2561],[119.9925,26.2562],[119.9926,26.2562],[119.9926,26.2563],[119.9927,26.2563],[119.9928,26.2563],[119.9929,26.2563],[119.9929,26.2563],[119.9929,26.2562],[119.9929,26.2562],[119.9929,26.2562],[119.9929,26.2562],[119.9929,26.2561],[119.9928,26.2559],[119.9928,26.2559],[119.9928,26.2559],[119.9928,26.2559],[119.9927,26.2558]]]],[[[[119.9932,26.2562],[119.9932,26.2562],[119.9931,26.2562],[119.9931,26.2562],[119.9931,26.2562],[119.9931,26.2562],[119.993,26.2562],[119.993,26.2562],[119.993,26.2562],[119.9931,26.2562],[119.9931,26.2564],[119.9931,26.2564],[119.9932,26.2564],[119.9932,26.2565],[119.9932,26.2565],[119.9932,26.2565],[119.9932,26.2565],[119.9933,26.2565],[119.9933,26.2565],[119.9933,26.2565],[119.9933,26.2565],[119.9933,26.2565],[119.9933,26.2564],[119.9933,26.2564],[119.9933,26.2564],[119.9933,26.2563],[119.9932,26.2562]]]],[[[[119.9933,26.2567],[119.9933,26.2567],[119.9933,26.2568],[119.9933,26.2568],[119.9933,26.2568],[119.9932,26.2568],[119.9932,26.2568],[119.9932,26.2568],[119.9932,26.2568],[119.9933,26.2568],[119.9933,26.2569],[119.9933,26.2569],[119.9933,26.2569],[119.9933,26.2569],[119.9934,26.2569],[119.9934,26.2569],[119.9934,26.2569],[119.9934,26.2569],[119.9935,26.2569],[119.9935,26.2569],[119.9935,26.2569],[119.9935,26.2569],[119.9935,26.2568],[119.9935,26.2568],[119.9935,26.2568],[119.9935,26.2568],[119.9934,26.2568],[119.9934,26.2568],[119.9934,26.2568],[119.9934,26.2568],[119.9934,26.2568],[119.9933,26.2567]]]],[[[[119.9931,26.2569],[119.9931,26.2569],[119.9931,26.2569],[119.9931,26.2569],[119.993,26.2569],[119.993,26.257],[119.993,26.257],[119.9931,26.257],[119.9931,26.257],[119.9931,26.257],[119.9932,26.257],[119.9932,26.257],[119.9932,26.257],[119.9933,26.257],[119.9933,26.257],[119.9933,26.257],[119.9933,26.2569],[119.9932,26.2569],[119.9932,26.2569],[119.9932,26.2569],[119.9932,26.2569],[119.9931,26.2569]]]],[[[[119.993,26.2571],[119.993,26.2571],[119.993,26.2571],[119.9929,26.2571],[119.9928,26.2571],[119.9927,26.2571],[119.9927,26.2571],[119.9927,26.2571],[119.9927,26.2572],[119.9927,26.2573],[119.9927,26.2574],[119.9928,26.2574],[119.9928,26.2574],[119.9929,26.2575],[119.9929,26.2575],[119.9929,26.2575],[119.9929,26.2575],[119.993,26.2575],[119.993,26.2575],[119.993,26.2575],[119.9931,26.2575],[119.9932,26.2575],[119.9932,26.2575],[119.9932,26.2575],[119.9933,26.2575],[119.9933,26.2575],[119.9933,26.2574],[119.9933,26.2574],[119.9933,26.2574],[119.9931,26.2572],[119.9931,26.2572],[119.9931,26.2571],[119.993,26.2571],[119.993,26.2571]]]],[[[[119.9928,26.2585],[119.9927,26.2579],[119.9926,26.2578],[119.9926,26.2577],[119.9925,26.2577],[119.9923,26.2577],[119.9922,26.2577],[119.9921,26.2577],[119.9919,26.2578],[119.9915,26.2581],[119.9914,26.2581],[119.9913,26.2583],[119.9913,26.2584],[119.9913,26.2584],[119.9914,26.2584],[119.9915,26.2584],[119.9916,26.2584],[119.9918,26.2585],[119.992,26.2586],[119.9921,26.2586],[119.9923,26.2587],[119.9926,26.2587],[119.9927,26.2586],[119.9928,26.2585]]]],[[[[119.9771,26.2723],[119.9769,26.2723],[119.9768,26.2723],[119.9762,26.2723],[119.9758,26.2721],[119.9758,26.2721],[119.9758,26.2721],[119.9756,26.2721],[119.9756,26.2722],[119.9756,26.2722],[119.9756,26.2722],[119.9756,26.2722],[119.9756,26.2723],[119.9757,26.2724],[119.9758,26.2725],[119.9758,26.2725],[119.9764,26.2726],[119.9765,26.2731],[119.9765,26.2731],[119.9767,26.2734],[119.9767,26.2734],[119.9768,26.2734],[119.9768,26.2734],[119.9768,26.2734],[119.977,26.2734],[119.977,26.2734],[119.9771,26.2733],[119.9771,26.2733],[119.9771,26.2732],[119.9772,26.2727],[119.9772,26.2726],[119.9772,26.2726],[119.9772,26.2726],[119.9772,26.2725],[119.9772,26.2724],[119.9772,26.2724],[119.9772,26.2724],[119.9772,26.2724],[119.9771,26.2723]]]],[[[[119.992,26.2793],[119.9919,26.2793],[119.9918,26.2793],[119.9917,26.2795],[119.9918,26.2795],[119.9919,26.2795],[119.992,26.2795],[119.9921,26.2795],[119.9921,26.2794],[119.992,26.2793],[119.992,26.2793]]]],[[[[119.9989,26.2805],[119.9988,26.2805],[119.9988,26.2805],[119.9987,26.2805],[119.9987,26.2805],[119.9986,26.2806],[119.9986,26.2806],[119.9986,26.2806],[119.9986,26.2807],[119.9987,26.2812],[119.9989,26.2813],[119.9991,26.2813],[119.9995,26.2813],[119.9996,26.2813],[119.9997,26.2812],[119.9997,26.2812],[119.9997,26.2811],[119.9997,26.2811],[119.9995,26.2809],[119.9993,26.2807],[119.9993,26.2806],[119.999,26.2805],[119.9989,26.2805]]]],[[[[119.998,26.2815],[119.9979,26.2815],[119.9978,26.2815],[119.9978,26.2815],[119.9978,26.2816],[119.9978,26.2817],[119.9979,26.2817],[119.9981,26.2818],[119.9986,26.2818],[119.9987,26.2819],[119.9988,26.2819],[119.9989,26.2819],[119.9989,26.2819],[119.9989,26.2818],[119.9989,26.2818],[119.9989,26.2818],[119.9989,26.2818],[119.9989,26.2818],[119.9988,26.2818],[119.9988,26.2817],[119.9984,26.2816],[119.998,26.2815]]]],[[[[119.9986,26.2822],[119.9985,26.2822],[119.9984,26.2822],[119.9981,26.2822],[119.998,26.2822],[119.998,26.2825],[119.998,26.2825],[119.9982,26.2827],[119.9983,26.2828],[119.9983,26.2828],[119.9984,26.2828],[119.9985,26.2828],[119.9986,26.2829],[119.9988,26.2829],[119.9995,26.283],[119.9996,26.283],[119.9996,26.283],[119.9996,26.283],[119.9995,26.2826],[119.9994,26.2825],[119.999,26.2824],[119.9987,26.2823],[119.9986,26.2822]]]],[[[[119.9913,26.2823],[119.9912,26.2823],[119.9912,26.2823],[119.9912,26.2824],[119.9912,26.2827],[119.9915,26.2831],[119.9915,26.2831],[119.9918,26.2833],[119.992,26.2834],[119.9921,26.2834],[119.9923,26.2831],[119.9923,26.2831],[119.9922,26.283],[119.9921,26.2829],[119.9921,26.2829],[119.992,26.2829],[119.9919,26.2829],[119.9919,26.2828],[119.9917,26.2827],[119.9916,26.2826],[119.9916,26.2826],[119.9916,26.2825],[119.9916,26.2825],[119.9917,26.2825],[119.9916,26.2825],[119.9916,26.2824],[119.9916,26.2824],[119.9913,26.2823]]]],[[[[119.9909,26.2823],[119.9909,26.2823],[119.9909,26.2823],[119.9906,26.2822],[119.9906,26.2822],[119.9904,26.2822],[119.9902,26.2821],[119.99,26.282],[119.99,26.282],[119.9899,26.282],[119.9899,26.2821],[119.9899,26.2821],[119.99,26.2824],[119.9904,26.2831],[119.9905,26.2832],[119.9906,26.2833],[119.9909,26.2835],[119.9909,26.2835],[119.991,26.2835],[119.991,26.2834],[119.9911,26.283],[119.9912,26.283],[119.9911,26.2828],[119.9911,26.2828],[119.991,26.2825],[119.991,26.2824],[119.9909,26.2823]]]],[[[[119.9896,26.2819],[119.9904,26.2811],[119.9895,26.2806],[119.9887,26.2789],[119.991,26.279],[119.9905,26.2781],[119.9901,26.2772],[119.9894,26.277],[119.991,26.2771],[119.9921,26.2747],[119.9901,26.2734],[119.9891,26.2723],[119.9897,26.2709],[119.9898,26.2692],[119.9879,26.2682],[119.9871,26.2673],[119.9865,26.2669],[119.9845,26.2669],[119.9825,26.2665],[119.9814,26.2665],[119.9808,26.2682],[119.979,26.2693],[119.98,26.2714],[119.9789,26.2716],[119.9802,26.2725],[119.9824,26.2735],[119.9836,26.2742],[119.9841,26.2757],[119.9843,26.276],[119.9844,26.2766],[119.983,26.2772],[119.9816,26.2783],[119.9839,26.2793],[119.983,26.2802],[119.9845,26.2799],[119.9851,26.28],[119.9855,26.2799],[119.9868,26.2803],[119.9862,26.2823],[119.9896,26.2831],[119.9896,26.2819]]]],[[[[119.9867,26.2833],[119.9867,26.2833],[119.9866,26.2833],[119.9866,26.2833],[119.9866,26.2834],[119.9866,26.2834],[119.9866,26.2835],[119.9865,26.2837],[119.9865,26.2837],[119.9865,26.2838],[119.9865,26.2838],[119.9865,26.2838],[119.9866,26.2838],[119.9866,26.2839],[119.9866,26.2839],[119.9866,26.2839],[119.9867,26.2839],[119.9867,26.2839],[119.9867,26.2838],[119.9868,26.2838],[119.9868,26.2838],[119.9868,26.2838],[119.9868,26.2838],[119.9869,26.2837],[119.9869,26.2837],[119.9868,26.2836],[119.9868,26.2835],[119.9868,26.2835],[119.9868,26.2834],[119.9867,26.2833],[119.9867,26.2833]]]],[[[[119.9904,26.2834],[119.9903,26.2835],[119.9901,26.2835],[119.9901,26.2835],[119.99,26.2836],[119.99,26.2837],[119.9899,26.2838],[119.9899,26.284],[119.9899,26.2841],[119.9902,26.2844],[119.9902,26.2845],[119.9903,26.2845],[119.9903,26.2845],[119.9905,26.2844],[119.9907,26.2843],[119.9907,26.2842],[119.9907,26.2842],[119.9907,26.2842],[119.9906,26.284],[119.9905,26.2836],[119.9905,26.2836],[119.9904,26.2835],[119.9904,26.2834]]]],[[[[119.9864,26.2844],[119.9863,26.2844],[119.9863,26.2845],[119.9862,26.2845],[119.9861,26.2847],[119.9861,26.2847],[119.9862,26.2848],[119.9863,26.2849],[119.9863,26.285],[119.9864,26.2851],[119.9867,26.2852],[119.9869,26.2852],[119.9869,26.2852],[119.987,26.2852],[119.987,26.2851],[119.9869,26.2851],[119.9869,26.285],[119.9869,26.285],[119.9867,26.2847],[119.9864,26.2845],[119.9864,26.2844]]]],[[[[120.0086,26.2986],[120.0087,26.2985],[120.0087,26.2985],[120.0086,26.2984],[120.0086,26.2984],[120.0085,26.2983],[120.0085,26.2982],[120.0085,26.2981],[120.0085,26.298],[120.0085,26.298],[120.0084,26.298],[120.0083,26.2979],[120.0083,26.2979],[120.0082,26.2979],[120.0082,26.2978],[120.0082,26.2978],[120.0081,26.2978],[120.0081,26.2979],[120.008,26.2979],[120.008,26.2979],[120.008,26.298],[120.008,26.298],[120.008,26.298],[120.0081,26.2981],[120.0081,26.2981],[120.0081,26.2982],[120.0082,26.2982],[120.0082,26.2982],[120.0082,26.2983],[120.0083,26.2984],[120.0083,26.2985],[120.0084,26.2985],[120.0084,26.2985],[120.0084,26.2985],[120.0085,26.2986],[120.0085,26.2986],[120.0086,26.2986]]]],[[[[120.2137,26.3349],[120.2137,26.3348],[120.2136,26.3348],[120.2134,26.3349],[120.2133,26.3349],[120.2133,26.3349],[120.2132,26.3351],[120.2132,26.3351],[120.2132,26.3351],[120.2132,26.3351],[120.2132,26.3352],[120.2132,26.3352],[120.2133,26.3352],[120.2137,26.3352],[120.2137,26.3352],[120.2137,26.3352],[120.2137,26.3352],[120.2137,26.3351],[120.2137,26.3351],[120.2137,26.3351],[120.2137,26.3349],[120.2137,26.3349],[120.2137,26.3349]]]],[[[[120.2162,26.3345],[120.2162,26.3345],[120.216,26.3345],[120.216,26.3345],[120.216,26.3345],[120.216,26.3345],[120.2159,26.3347],[120.2159,26.3349],[120.2159,26.3351],[120.2159,26.3351],[120.2159,26.3352],[120.216,26.3352],[120.2161,26.3352],[120.2161,26.3352],[120.2161,26.3352],[120.2161,26.3352],[120.2161,26.3352],[120.2162,26.3352],[120.2162,26.3352],[120.2162,26.335],[120.2162,26.335],[120.2164,26.3347],[120.2164,26.3347],[120.2164,26.3346],[120.2164,26.3346],[120.2163,26.3345],[120.2163,26.3345],[120.2162,26.3345]]]],[[[[120.214,26.3348],[120.214,26.3347],[120.214,26.3348],[120.214,26.3348],[120.214,26.335],[120.214,26.335],[120.2141,26.3352],[120.2142,26.3355],[120.2143,26.3355],[120.2144,26.3356],[120.2145,26.3356],[120.2145,26.3356],[120.2146,26.3355],[120.2146,26.3355],[120.2147,26.3352],[120.2147,26.3352],[120.2147,26.3351],[120.2146,26.3349],[120.2145,26.3349],[120.2144,26.3349],[120.2142,26.3348],[120.2142,26.3348],[120.214,26.3348]]]],[[[[120.2173,26.3359],[120.2172,26.3357],[120.2172,26.3357],[120.2172,26.3357],[120.2172,26.3357],[120.2171,26.3357],[120.2171,26.3357],[120.217,26.3357],[120.217,26.3357],[120.2169,26.3357],[120.2169,26.3357],[120.2168,26.3357],[120.2168,26.3357],[120.2167,26.3357],[120.2167,26.3357],[120.2166,26.3359],[120.2166,26.336],[120.2166,26.3361],[120.2166,26.3361],[120.2167,26.3361],[120.2167,26.3361],[120.2167,26.3361],[120.2167,26.3361],[120.2169,26.3361],[120.2171,26.3361],[120.2173,26.336],[120.2173,26.3359],[120.2173,26.3359],[120.2173,26.3359]]]],[[[[120.2242,26.3392],[120.2241,26.3392],[120.224,26.3392],[120.224,26.3392],[120.2239,26.3393],[120.2239,26.3393],[120.2239,26.3394],[120.2239,26.3394],[120.2239,26.3394],[120.2239,26.3394],[120.2239,26.3394],[120.224,26.3395],[120.224,26.3395],[120.224,26.3395],[120.224,26.3395],[120.224,26.3395],[120.224,26.3395],[120.224,26.3395],[120.2241,26.3395],[120.2241,26.3395],[120.2241,26.3395],[120.2241,26.3394],[120.2241,26.3394],[120.2241,26.3394],[120.2242,26.3393],[120.2242,26.3393],[120.2242,26.3393],[120.2242,26.3392]]]],[[[[120.2274,26.3432],[120.2274,26.3432],[120.2273,26.3432],[120.2273,26.3433],[120.2271,26.3434],[120.2271,26.3434],[120.2271,26.3434],[120.2271,26.3434],[120.2271,26.3434],[120.2271,26.3435],[120.2271,26.3436],[120.2271,26.3436],[120.2271,26.3437],[120.2271,26.3437],[120.2272,26.3438],[120.2272,26.3438],[120.2272,26.3438],[120.2273,26.3437],[120.2276,26.3435],[120.2276,26.3435],[120.2276,26.3435],[120.2276,26.3435],[120.2276,26.3435],[120.2276,26.3435],[120.2275,26.3434],[120.2274,26.3432]]]],[[[[120.2276,26.3438],[120.2276,26.3438],[120.2275,26.3438],[120.2275,26.3438],[120.2272,26.3438],[120.2272,26.3438],[120.2272,26.3438],[120.2271,26.3438],[120.2271,26.3439],[120.2271,26.3439],[120.2271,26.3439],[120.2271,26.344],[120.2272,26.344],[120.2272,26.344],[120.2272,26.3441],[120.2272,26.3443],[120.2272,26.3443],[120.2272,26.3444],[120.2272,26.3444],[120.2273,26.3444],[120.2273,26.3444],[120.2273,26.3445],[120.2273,26.3445],[120.2273,26.3445],[120.2273,26.3445],[120.2274,26.3445],[120.2274,26.3445],[120.2274,26.3445],[120.2275,26.3444],[120.2276,26.3443],[120.2278,26.3442],[120.2278,26.3442],[120.2278,26.3441],[120.2278,26.3441],[120.2277,26.3439],[120.2276,26.3438],[120.2276,26.3438],[120.2276,26.3438]]]],[[[[120.2289,26.345],[120.2275,26.3445],[120.2275,26.3447],[120.2273,26.3447],[120.2267,26.3439],[120.2262,26.3423],[120.2257,26.3419],[120.2245,26.3405],[120.2235,26.339],[120.2229,26.3392],[120.2221,26.3387],[120.2215,26.3389],[120.2216,26.3387],[120.2209,26.3383],[120.2207,26.3384],[120.2207,26.3379],[120.2206,26.3372],[120.2202,26.3369],[120.2203,26.3366],[120.2204,26.3363],[120.2193,26.3362],[120.2187,26.3356],[120.2182,26.336],[120.2181,26.3357],[120.2182,26.3365],[120.2181,26.3367],[120.2181,26.3376],[120.2194,26.3388],[120.2199,26.340699999999998],[120.2211,26.3415],[120.2221,26.3413],[120.2228,26.342],[120.2233,26.3432],[120.2247,26.3446],[120.2269,26.346],[120.2294,26.3472],[120.2298,26.3455],[120.2289,26.345]]]],[[[[120.4032,26.159],[120.4035,26.1588],[120.4033,26.1582],[120.4032,26.1579],[120.4036,26.1578],[120.4039,26.1578],[120.4039,26.1575],[120.4043,26.1575],[120.4043,26.1579],[120.4046,26.1581],[120.4049,26.1577],[120.405,26.1574],[120.4051,26.1571],[120.4052,26.1566],[120.4055,26.1564],[120.4057,26.1567],[120.406,26.1568],[120.4063,26.1564],[120.4064,26.1561],[120.4065,26.1557],[120.4064,26.1555],[120.4059,26.1553],[120.4054,26.1557],[120.4049,26.1559],[120.4044,26.1558],[120.404,26.1559],[120.4037,26.1561],[120.4033,26.1562],[120.4029,26.1565],[120.4027,26.1568],[120.4024,26.1572],[120.4022,26.1577],[120.4021,26.1579],[120.4026,26.1581],[120.4023,26.1582],[120.4027,26.1585],[120.4027,26.1587],[120.403,26.159],[120.4032,26.159]]]],[[[[120.2024,26.2494],[120.2024,26.2493],[120.2024,26.2493],[120.2024,26.2492],[120.2023,26.2492],[120.2023,26.2492],[120.2024,26.2491],[120.2023,26.2491],[120.2023,26.249],[120.2023,26.249],[120.2023,26.2489],[120.2022,26.2489],[120.2022,26.2489],[120.2022,26.2489],[120.2022,26.2489],[120.2022,26.2489],[120.2022,26.2489],[120.2021,26.249],[120.2021,26.249],[120.2021,26.249],[120.2021,26.249],[120.2021,26.2491],[120.2021,26.2491],[120.2021,26.2491],[120.2021,26.2491],[120.2021,26.2492],[120.2021,26.2492],[120.2021,26.2492],[120.2021,26.2493],[120.2022,26.2493],[120.2022,26.2493],[120.2022,26.2494],[120.2023,26.2493],[120.2023,26.2494],[120.2024,26.2494],[120.2024,26.2494]]]],[[[[120.2025,26.2517],[120.2025,26.2517],[120.2025,26.2517],[120.2026,26.2517],[120.2026,26.2517],[120.2026,26.2517],[120.2025,26.2516],[120.2025,26.2516],[120.2025,26.2517],[120.2025,26.2517],[120.2025,26.2516],[120.2024,26.2516],[120.2024,26.2516],[120.2024,26.2517],[120.2024,26.2517],[120.2024,26.2517],[120.2024,26.2517],[120.2024,26.2517],[120.2024,26.2518],[120.2025,26.2517]]]],[[[[120.482,26.3525],[120.482,26.3525],[120.4818,26.3527],[120.4818,26.3527],[120.4818,26.3528],[120.4818,26.3529],[120.4819,26.353],[120.4821,26.353],[120.4821,26.3531],[120.4821,26.3531],[120.4821,26.3532],[120.4823,26.3533],[120.4824,26.3534],[120.4827,26.3538],[120.4829,26.3542],[120.4834,26.3545],[120.4837,26.3547],[120.4838,26.3549],[120.4838,26.3549],[120.4838,26.3549],[120.4839,26.3548],[120.4839,26.3548],[120.4838,26.3545],[120.4837,26.3542],[120.4833,26.3539],[120.4828,26.3536],[120.4828,26.3533],[120.4828,26.3532],[120.4825,26.353],[120.4821,26.3527],[120.4821,26.3526],[120.482,26.3525]]]],[[[[120.486,26.3555],[120.486,26.3554],[120.4861,26.3553],[120.486,26.3551],[120.4858,26.355],[120.4857,26.355],[120.4856,26.355],[120.4856,26.3551],[120.4855,26.3553],[120.4855,26.3553],[120.4855,26.3554],[120.4855,26.3554],[120.4854,26.3555],[120.4854,26.3554],[120.4853,26.3554],[120.4853,26.3553],[120.4853,26.3553],[120.4853,26.3553],[120.4852,26.3554],[120.4852,26.3554],[120.4853,26.3557],[120.4853,26.3557],[120.4854,26.3558],[120.4855,26.356],[120.4856,26.356],[120.4858,26.3558],[120.4858,26.3557],[120.4859,26.3556],[120.486,26.3555]]]],[[[[120.4863,26.3557],[120.4862,26.3557],[120.4862,26.3557],[120.4861,26.3558],[120.4861,26.3558],[120.4861,26.3558],[120.486,26.3558],[120.486,26.3558],[120.486,26.3559],[120.4858,26.356],[120.4858,26.3561],[120.4858,26.3561],[120.4858,26.3562],[120.4858,26.3562],[120.4858,26.3562],[120.4858,26.3563],[120.4858,26.3563],[120.4859,26.3563],[120.4859,26.3563],[120.4859,26.3563],[120.4859,26.3563],[120.486,26.3563],[120.486,26.3563],[120.4864,26.3559],[120.4864,26.3559],[120.4864,26.3558],[120.4864,26.3558],[120.4864,26.3558],[120.4863,26.3557]]]],[[[[120.4939,26.3564],[120.4938,26.3564],[120.4937,26.3564],[120.4937,26.3564],[120.4937,26.3565],[120.4937,26.3565],[120.4937,26.3566],[120.4937,26.3567],[120.4937,26.3567],[120.4937,26.3568],[120.4937,26.3568],[120.4939,26.357],[120.4939,26.3571],[120.4939,26.3571],[120.494,26.3571],[120.4942,26.3572],[120.4942,26.3572],[120.4942,26.3572],[120.4943,26.3571],[120.4943,26.3571],[120.4943,26.3571],[120.4943,26.357],[120.4943,26.357],[120.4943,26.3569],[120.4943,26.3569],[120.4943,26.3568],[120.4942,26.3568],[120.4942,26.3568],[120.494,26.3566],[120.494,26.3564],[120.4939,26.3564],[120.4939,26.3564]]]],[[[[120.495,26.3582],[120.4949,26.3582],[120.4949,26.3582],[120.4949,26.3582],[120.4949,26.3582],[120.4948,26.3583],[120.4948,26.3583],[120.4948,26.3583],[120.4948,26.3583],[120.4948,26.3584],[120.4948,26.3584],[120.4948,26.3584],[120.4948,26.3584],[120.4949,26.3584],[120.4949,26.3584],[120.4949,26.3584],[120.4949,26.3584],[120.495,26.3584],[120.495,26.3584],[120.495,26.3583],[120.495,26.3583],[120.495,26.3583],[120.495,26.3583],[120.495,26.3582],[120.495,26.3582],[120.495,26.3582],[120.495,26.3582]]]],[[[[120.4952,26.3591],[120.4952,26.3591],[120.4952,26.3591],[120.4952,26.3591],[120.4952,26.3591],[120.4952,26.3592],[120.4952,26.3592],[120.4952,26.3594],[120.4953,26.3595],[120.4953,26.3595],[120.4953,26.3594],[120.4953,26.3594],[120.4954,26.3594],[120.4954,26.3594],[120.4954,26.3594],[120.4954,26.3594],[120.4954,26.3594],[120.4954,26.3593],[120.4954,26.3592],[120.4954,26.3592],[120.4953,26.3591],[120.4952,26.3591]]]],[[[[120.5115,26.3645],[120.5115,26.3645],[120.5114,26.3646],[120.5113,26.3646],[120.5112,26.3646],[120.5112,26.3646],[120.5111,26.3647],[120.5111,26.3647],[120.5112,26.3647],[120.5112,26.3648],[120.5113,26.3649],[120.5114,26.3649],[120.5114,26.3649],[120.5115,26.3649],[120.5115,26.3649],[120.5115,26.3649],[120.5116,26.3649],[120.5117,26.3648],[120.5117,26.3648],[120.5117,26.3648],[120.5117,26.3648],[120.5117,26.3647],[120.5117,26.3647],[120.5117,26.3646],[120.5117,26.3646],[120.5117,26.3646],[120.5116,26.3646],[120.5115,26.3645]]]],[[[[120.5006,26.376],[120.5005,26.376],[120.5005,26.376],[120.5005,26.3761],[120.5005,26.3761],[120.5005,26.3761],[120.5005,26.3761],[120.5005,26.3762],[120.5005,26.3762],[120.5005,26.3762],[120.5005,26.3763],[120.5005,26.3763],[120.5005,26.3764],[120.5006,26.3764],[120.5006,26.3764],[120.5006,26.3764],[120.5006,26.3764],[120.5006,26.3764],[120.5007,26.3763],[120.5007,26.3763],[120.5007,26.3763],[120.5007,26.3762],[120.5007,26.3762],[120.5006,26.3761],[120.5006,26.376]]]],[[[[120.501,26.3775],[120.501,26.3775],[120.501,26.3775],[120.501,26.3775],[120.501,26.3775],[120.501,26.3775],[120.5009,26.3775],[120.5009,26.3775],[120.5009,26.3775],[120.5009,26.3775],[120.5009,26.3775],[120.5009,26.3776],[120.5009,26.3776],[120.5009,26.3776],[120.5009,26.3776],[120.5009,26.3776],[120.5009,26.3777],[120.5009,26.3777],[120.5009,26.3777],[120.501,26.3777],[120.501,26.3777],[120.501,26.3777],[120.501,26.3777],[120.501,26.3777],[120.5011,26.3776],[120.5011,26.3776],[120.5011,26.3776],[120.5011,26.3776],[120.5011,26.3776],[120.5011,26.3775],[120.5011,26.3775],[120.5011,26.3775],[120.5011,26.3775],[120.5011,26.3775],[120.5011,26.3775],[120.5011,26.3775],[120.5011,26.3775],[120.501,26.3775],[120.501,26.3775]]]],[[[[120.5008,26.3779],[120.5008,26.3779],[120.5007,26.3779],[120.5007,26.3779],[120.5007,26.3779],[120.5006,26.3779],[120.5006,26.378],[120.5006,26.378],[120.5006,26.3781],[120.5006,26.3781],[120.5006,26.3781],[120.5006,26.3781],[120.5007,26.3781],[120.5007,26.3781],[120.5007,26.3781],[120.5008,26.3782],[120.5008,26.3782],[120.5008,26.3782],[120.5008,26.3782],[120.5009,26.3782],[120.5009,26.3782],[120.501,26.3782],[120.501,26.3782],[120.501,26.3781],[120.501,26.3781],[120.501,26.3781],[120.501,26.378],[120.501,26.378],[120.501,26.3779],[120.501,26.3779],[120.501,26.3779],[120.5009,26.3779],[120.5009,26.3779],[120.5008,26.3779]]]],[[[[120.4838,26.3784],[120.4838,26.3784],[120.4834,26.3785],[120.4834,26.3785],[120.4834,26.3785],[120.4834,26.3786],[120.4834,26.3786],[120.4836,26.3787],[120.4837,26.3787],[120.484,26.3788],[120.4841,26.3789],[120.4841,26.3789],[120.4841,26.379],[120.4842,26.379],[120.4842,26.379],[120.4842,26.379],[120.4842,26.3789],[120.4842,26.3788],[120.4842,26.3788],[120.4841,26.3787],[120.484,26.3786],[120.484,26.3785],[120.4839,26.3785],[120.4839,26.3784],[120.4838,26.3784]]]],[[[[120.4831,26.379],[120.4831,26.379],[120.483,26.379],[120.483,26.379],[120.483,26.379],[120.483,26.379],[120.483,26.379],[120.483,26.379],[120.483,26.379],[120.483,26.3791],[120.483,26.3791],[120.483,26.3791],[120.483,26.3791],[120.483,26.3791],[120.483,26.3791],[120.483,26.3791],[120.483,26.3791],[120.4831,26.3791],[120.4831,26.3791],[120.4831,26.3791],[120.4831,26.3791],[120.4831,26.3791],[120.4831,26.3791],[120.4831,26.3791],[120.4831,26.3791],[120.4831,26.379],[120.4831,26.379],[120.4831,26.379],[120.4831,26.379],[120.4831,26.379],[120.4831,26.379]]]],[[[[120.4833,26.3792],[120.4833,26.3792],[120.4832,26.3792],[120.4832,26.3792],[120.4832,26.3792],[120.4832,26.3792],[120.4832,26.3793],[120.4832,26.3793],[120.4832,26.3793],[120.4832,26.3793],[120.4832,26.3793],[120.4832,26.3793],[120.4833,26.3793],[120.4833,26.3793],[120.4833,26.3793],[120.4833,26.3793],[120.4833,26.3793],[120.4833,26.3793],[120.4833,26.3793],[120.4833,26.3793],[120.4833,26.3793],[120.4833,26.3793],[120.4833,26.3792],[120.4833,26.3792],[120.4833,26.3792],[120.4833,26.3792],[120.4833,26.3792]]]],[[[[120.4838,26.3792],[120.4838,26.3792],[120.4837,26.3792],[120.4836,26.3792],[120.4836,26.3793],[120.4836,26.3793],[120.4836,26.3794],[120.4836,26.3794],[120.4837,26.3794],[120.4837,26.3794],[120.4838,26.3795],[120.4838,26.3795],[120.4839,26.3796],[120.484,26.3797],[120.484,26.3798],[120.4841,26.3798],[120.4842,26.3798],[120.4842,26.3797],[120.4843,26.3797],[120.4843,26.3796],[120.4843,26.3796],[120.4843,26.3795],[120.4842,26.3795],[120.4842,26.3794],[120.4842,26.3794],[120.4841,26.3793],[120.4841,26.3793],[120.484,26.3793],[120.484,26.3792],[120.4839,26.3792],[120.4838,26.3792]]]],[[[[120.4808,26.3815],[120.4808,26.3815],[120.4808,26.3815],[120.4808,26.3815],[120.4808,26.3815],[120.4807,26.3815],[120.4807,26.3815],[120.4807,26.3816],[120.4807,26.3816],[120.4808,26.3816],[120.4808,26.3816],[120.4808,26.3816],[120.4808,26.3816],[120.4808,26.3816],[120.4808,26.3816],[120.4808,26.3816],[120.4809,26.3816],[120.4809,26.3816],[120.4809,26.3815],[120.4808,26.3815],[120.4808,26.3815],[120.4808,26.3815]]]],[[[[120.4814,26.3816],[120.4814,26.3816],[120.4814,26.3816],[120.4813,26.3816],[120.4813,26.3816],[120.4813,26.3816],[120.4813,26.3817],[120.4813,26.3817],[120.4813,26.3817],[120.4813,26.3817],[120.4813,26.3817],[120.4813,26.3817],[120.4813,26.3817],[120.4813,26.3817],[120.4813,26.3817],[120.4814,26.3818],[120.4814,26.3818],[120.4814,26.3818],[120.4814,26.3818],[120.4814,26.3818],[120.4814,26.3818],[120.4814,26.3817],[120.4814,26.3817],[120.4814,26.3817],[120.4814,26.3817],[120.4814,26.3817],[120.4814,26.3817],[120.4814,26.3817],[120.4814,26.3816],[120.4814,26.3816],[120.4814,26.3816],[120.4814,26.3816]]]],[[[[120.4806,26.3819],[120.4806,26.3819],[120.4805,26.3819],[120.4805,26.3819],[120.4805,26.3819],[120.4805,26.3819],[120.4805,26.3819],[120.4805,26.382],[120.4806,26.382],[120.4806,26.382],[120.4806,26.382],[120.4806,26.382],[120.4806,26.3821],[120.4806,26.3821],[120.4806,26.3821],[120.4807,26.3821],[120.4807,26.3821],[120.4807,26.3821],[120.4807,26.3821],[120.4807,26.382],[120.4807,26.382],[120.4807,26.382],[120.4807,26.382],[120.4807,26.382],[120.4806,26.382],[120.4806,26.3819],[120.4806,26.3819],[120.4806,26.3819],[120.4806,26.3819],[120.4806,26.3819]]]],[[[[120.4805,26.382],[120.4804,26.382],[120.4804,26.382],[120.4804,26.382],[120.4804,26.382],[120.4804,26.382],[120.4804,26.3821],[120.4804,26.3821],[120.4804,26.3821],[120.4804,26.3821],[120.4804,26.3821],[120.4804,26.3821],[120.4804,26.3821],[120.4804,26.3821],[120.4805,26.3821],[120.4805,26.3821],[120.4805,26.3821],[120.4805,26.3821],[120.4805,26.3821],[120.4805,26.3821],[120.4805,26.3821],[120.4805,26.382],[120.4805,26.382],[120.4805,26.382],[120.4805,26.382],[120.4805,26.382]]]],[[[[120.4815,26.382],[120.4814,26.382],[120.4814,26.382],[120.4814,26.382],[120.4814,26.382],[120.4813,26.3821],[120.4813,26.3821],[120.4813,26.3821],[120.4813,26.3821],[120.4814,26.3822],[120.4814,26.3822],[120.4814,26.3822],[120.4814,26.3822],[120.4814,26.3823],[120.4814,26.3823],[120.4815,26.3823],[120.4815,26.3823],[120.4815,26.3823],[120.4815,26.3823],[120.4816,26.3823],[120.4816,26.3823],[120.4816,26.3823],[120.4816,26.3823],[120.4816,26.3823],[120.4817,26.3823],[120.4817,26.3823],[120.4817,26.3822],[120.4816,26.3822],[120.4816,26.3822],[120.4816,26.3822],[120.4816,26.3821],[120.4816,26.3821],[120.4816,26.3821],[120.4815,26.382],[120.4815,26.382],[120.4815,26.382]]]],[[[[120.4805,26.3822],[120.4805,26.3822],[120.4805,26.3822],[120.4804,26.3822],[120.4804,26.3822],[120.4804,26.3822],[120.4804,26.3823],[120.4804,26.3823],[120.4804,26.3823],[120.4804,26.3823],[120.4804,26.3823],[120.4805,26.3823],[120.4805,26.3823],[120.4805,26.3824],[120.4805,26.3823],[120.4805,26.3823],[120.4805,26.3823],[120.4805,26.3823],[120.4806,26.3823],[120.4806,26.3823],[120.4806,26.3823],[120.4806,26.3822],[120.4806,26.3822],[120.4805,26.3822],[120.4805,26.3822],[120.4805,26.3822],[120.4805,26.3822]]]],[[[[120.0829,26.3825],[120.083,26.3824],[120.083,26.3823],[120.083,26.3822],[120.0829,26.3822],[120.0829,26.3822],[120.0828,26.3823],[120.0827,26.3823],[120.0827,26.3823],[120.0826,26.3823],[120.0826,26.3824],[120.0827,26.3824],[120.0826,26.3825],[120.0826,26.3825],[120.0826,26.3826],[120.0827,26.3825],[120.0827,26.3825],[120.0828,26.3825],[120.0828,26.3826],[120.0828,26.3825],[120.0829,26.3825]]]],[[[[120.0823,26.383],[120.0824,26.3829],[120.0825,26.3828],[120.0825,26.3827],[120.0825,26.3825],[120.0824,26.3825],[120.0824,26.3824],[120.0824,26.3824],[120.0824,26.3823],[120.0825,26.3822],[120.0824,26.3822],[120.0824,26.3821],[120.0823,26.3821],[120.0822,26.3821],[120.0821,26.3821],[120.082,26.3821],[120.082,26.3821],[120.0819,26.3822],[120.082,26.3823],[120.0821,26.3823],[120.0822,26.3823],[120.0821,26.3824],[120.082,26.3825],[120.0819,26.3826],[120.0819,26.3827],[120.082,26.3828],[120.0821,26.3829],[120.082,26.383],[120.0821,26.383],[120.0822,26.383],[120.0823,26.383]]]],[[[[120.4744,26.3835],[120.4743,26.3835],[120.4743,26.3835],[120.4743,26.3835],[120.4743,26.3836],[120.4743,26.3836],[120.4743,26.3836],[120.4743,26.3836],[120.4743,26.3836],[120.4743,26.3836],[120.4743,26.3836],[120.4743,26.3837],[120.4743,26.3837],[120.4743,26.3837],[120.4744,26.3837],[120.4744,26.3837],[120.4744,26.3837],[120.4744,26.3837],[120.4744,26.3837],[120.4744,26.3837],[120.4744,26.3836],[120.4744,26.3836],[120.4744,26.3836],[120.4744,26.3836],[120.4744,26.3836],[120.4744,26.3835],[120.4744,26.3835],[120.4744,26.3835],[120.4744,26.3835]]]],[[[[120.4806,26.3837],[120.4806,26.3837],[120.4806,26.3837],[120.4806,26.3837],[120.4806,26.3837],[120.4805,26.3837],[120.4805,26.3837],[120.4805,26.3837],[120.4805,26.3837],[120.4805,26.3837],[120.4805,26.3837],[120.4805,26.3838],[120.4805,26.3838],[120.4805,26.3838],[120.4805,26.3838],[120.4805,26.3838],[120.4806,26.3838],[120.4806,26.3838],[120.4806,26.3838],[120.4806,26.3839],[120.4806,26.3839],[120.4807,26.3839],[120.4807,26.3838],[120.4807,26.3838],[120.4807,26.3838],[120.4807,26.3838],[120.4807,26.3838],[120.4807,26.3838],[120.4807,26.3838],[120.4807,26.3838],[120.4807,26.3837],[120.4807,26.3837],[120.4807,26.3837],[120.4807,26.3837],[120.4807,26.3837],[120.4806,26.3837],[120.4806,26.3837],[120.4806,26.3837]]]],[[[[120.4739,26.3835],[120.4739,26.3835],[120.4738,26.3835],[120.4738,26.3835],[120.4738,26.3836],[120.4738,26.3836],[120.4739,26.3839],[120.474,26.3839],[120.474,26.3839],[120.4741,26.3839],[120.4741,26.3839],[120.4742,26.3838],[120.4742,26.3838],[120.4741,26.3837],[120.4741,26.3836],[120.4739,26.3835]]]],[[[[120.4796,26.383],[120.4803,26.381],[120.482,26.3722],[120.4844,26.3705],[120.4896,26.3711],[120.4941,26.3775],[120.4978,26.3784],[120.5003,26.3772],[120.501,26.3732],[120.5028,26.3712],[120.5056,26.3718],[120.5081,26.3708],[120.5108,26.3671],[120.507,26.366],[120.504,26.3661],[120.5019,26.3689],[120.4986,26.3619],[120.495,26.3592],[120.4914,26.3583],[120.4884,26.3594],[120.4856,26.3586],[120.4841,26.357],[120.4818,26.3585],[120.4833,26.3609],[120.4828,26.3646],[120.4822,26.3703],[120.4778,26.3676],[120.4778,26.3739],[120.4773,26.3783],[120.4739,26.3769],[120.4726,26.3736],[120.4702,26.3718],[120.47,26.3738],[120.4695,26.3772],[120.4711,26.3782],[120.4726,26.3785],[120.4746,26.382],[120.4749,26.3831],[120.4774,26.3818],[120.4801,26.3836],[120.4796,26.383]]]],[[[[120.0862,26.3852],[120.0863,26.3851],[120.0863,26.385],[120.0864,26.3849],[120.0863,26.3847],[120.0862,26.3845],[120.0861,26.3843],[120.086,26.3845],[120.0859,26.3843],[120.0858,26.3843],[120.0856,26.3842],[120.0855,26.3842],[120.0852,26.3841],[120.0851,26.3841],[120.085,26.3842],[120.0848,26.3843],[120.0844,26.3843],[120.0841,26.3843],[120.084,26.3842],[120.0835,26.3842],[120.0834,26.3842],[120.0829,26.3843],[120.0831,26.3845],[120.0835,26.3847],[120.0836,26.3847],[120.0837,26.3848],[120.0839,26.3849],[120.0843,26.3849],[120.0844,26.385],[120.0847,26.3851],[120.0848,26.385],[120.085,26.3851],[120.0852,26.3851],[120.0854,26.3852],[120.0856,26.3852],[120.0857,26.3851],[120.0858,26.3851],[120.0861,26.3852],[120.0862,26.3852]]]],[[[[120.086,26.3852],[120.086,26.3852],[120.086,26.3852],[120.0859,26.3852],[120.0859,26.3852],[120.086,26.3852],[120.086,26.3852],[120.0859,26.3853],[120.0859,26.3853],[120.0859,26.3853],[120.086,26.3853],[120.086,26.3853],[120.086,26.3852],[120.086,26.3852],[120.086,26.3852]]]]]}},{"type":"Feature","properties":{"county":"雲林縣","countyCode":"10009"},"geometry":{"type":"MultiPolygon","coordinates":[[[[[120.302,23.8162],[120.3019,23.8065],[120.2968,23.8041],[120.2942,23.7973],[120.2953,23.7904],[120.2954,23.7841],[120.2972,23.7774],[120.3033,23.778199999999998],[120.3059,23.772],[120.3068,23.7637],[120.2967,23.7636],[120.2948,23.7603],[120.298,23.7565],[120.2995,23.7523],[120.2989,23.7475],[120.298,23.7408],[120.2925,23.7415],[120.2862,23.7413],[120.2814,23.7392],[120.2773,23.7357],[120.2726,23.7341],[120.2652,23.7336],[120.2594,23.7355],[120.2502,23.7364],[120.2444,23.743],[120.2402,23.7495],[120.2359,23.7542],[120.2298,23.7572],[120.2239,23.762],[120.2162,23.7631],[120.2082,23.7619],[120.1995,23.7567],[120.1684,23.7607],[120.1619,23.7799],[120.1727,23.8009],[120.1702,23.8055],[120.189,23.8171],[120.2265,23.8585],[120.2526,23.8355],[120.2971,23.8232],[120.302,23.8162]]]],[[[[120.572,23.75],[120.5822,23.7384],[120.5936,23.7327],[120.6085,23.7255],[120.6165,23.7198],[120.6279,23.7158],[120.6359,23.7136],[120.6394,23.7105],[120.645,23.704],[120.6457,23.6959],[120.647,23.6863],[120.6469,23.6788],[120.6449,23.6708],[120.6386,23.6696],[120.6322,23.6739],[120.6297,23.6844],[120.6196,23.6928],[120.6065,23.6968],[120.595,23.6951],[120.5845,23.6959],[120.5744,23.6868],[120.5632,23.6908],[120.5592,23.6842],[120.5629,23.678],[120.5548,23.6715],[120.5438,23.6727],[120.5366,23.6709],[120.54,23.6619],[120.5323,23.6519],[120.5167,23.659],[120.5092,23.6691],[120.5054,23.677],[120.5011,23.6879],[120.4965,23.7057],[120.4976,23.7189],[120.5035,23.7293],[120.5188,23.7339],[120.5299,23.7394],[120.5458,23.7494],[120.5678,23.7595],[120.572,23.75]]]],[[[[120.4965,23.7218],[120.4997,23.7142],[120.4975,23.6979],[120.5016,23.6802],[120.5061,23.6736],[120.5103,23.6637],[120.5204,23.6568],[120.5361,23.6487],[120.5354,23.6425],[120.5274,23.6405],[120.521,23.6386],[120.5139,23.6372],[120.5148,23.6336],[120.5074,23.6341],[120.4913,23.6346],[120.4683,23.6323],[120.4724,23.6526],[120.4712,23.6648],[120.4666,23.6657],[120.4597,23.6648],[120.4569,23.6698],[120.4488,23.6736],[120.4472,23.6687],[120.4447,23.6733],[120.4398,23.6718],[120.4312,23.6707],[120.4259,23.6742],[120.4178,23.6786],[120.4286,23.6885],[120.4431,23.6879],[120.4505,23.6871],[120.4542,23.6906],[120.4589,23.6926],[120.4638,23.6913],[120.463,23.6966],[120.4693,23.7012],[120.4778,23.7049],[120.4823,23.7105],[120.4804,23.7188],[120.4903,23.7219],[120.4965,23.7218]]]],[[[[120.3783,23.747],[120.3884,23.7461],[120.3983,23.7454],[120.4065,23.745],[120.4138,23.7448],[120.4225,23.7432],[120.4297,23.7396],[120.4433,23.7384],[120.4583,23.7431],[120.4712,23.7457],[120.4949,23.745],[120.5025,23.7279],[120.4935,23.7226],[120.4831,23.7212],[120.4799,23.715],[120.4816,23.7078],[120.4754,23.705],[120.468,23.7008],[120.4627,23.6964],[120.464,23.6915],[120.4608,23.6916],[120.4558,23.691],[120.4524,23.6874],[120.4473,23.6872],[120.4374,23.6883],[120.4231,23.69],[120.4137,23.6743],[120.4062,23.6728],[120.4035,23.6807],[120.3932,23.6822],[120.3963,23.6909],[120.3914,23.6969],[120.3823,23.694],[120.3759,23.6942],[120.3755,23.7028],[120.3745,23.7137],[120.3701,23.7246],[120.3724,23.7335],[120.3807,23.7317],[120.3794,23.7393],[120.3783,23.747]]]],[[[[120.4507,23.8186],[120.4832,23.8066],[120.5109,23.796],[120.5008,23.7825],[120.48779999999999,23.784],[120.4828,23.7817],[120.4771,23.778199999999998],[120.481,23.7715],[120.4807,23.7675],[120.4799,23.7607],[120.4797,23.7505],[120.4756,23.7439],[120.4688,23.7444],[120.4613,23.743],[120.4565,23.7382],[120.4436,23.7384],[120.4335,23.7394],[120.4288,23.74],[120.4243,23.7414],[120.4205,23.7437],[120.4171,23.7462],[120.4199,23.747],[120.4232,23.7486],[120.428,23.7548],[120.4331,23.755],[120.4297,23.7593],[120.4311,23.7632],[120.4314,23.7705],[120.4279,23.7737],[120.4224,23.7767],[120.4259,23.7835],[120.4288,23.7887],[120.4288,23.7934],[120.4285,23.798],[120.4298,23.8026],[120.429,23.8086],[120.4303,23.8123],[120.4354,23.815],[120.4392,23.8183],[120.4452,23.8197],[120.4507,23.8186]]]],[[[[120.3394,23.7483],[120.3488,23.7448],[120.3553,23.744],[120.3645,23.7432],[120.3743,23.7464],[120.38,23.7383],[120.3799,23.7318],[120.3724,23.7334],[120.3702,23.725],[120.3715,23.7139],[120.3766,23.7036],[120.3757,23.6961],[120.3792,23.6942],[120.3857,23.6972],[120.3996,23.6963],[120.3935,23.6846],[120.3963,23.6813],[120.4033,23.6784],[120.4065,23.67],[120.3988,23.6631],[120.3892,23.6534],[120.3783,23.6536],[120.37,23.6516],[120.3618,23.649],[120.3522,23.647],[120.3427,23.6455],[120.3421,23.6498],[120.3422,23.6584],[120.3429,23.6712],[120.3389,23.6813],[120.3419,23.687],[120.3367,23.6915],[120.334,23.6975],[120.3372,23.7105],[120.3451,23.7211],[120.3529,23.7299],[120.3488,23.7381],[120.3412,23.7374],[120.3322,23.7424],[120.3309,23.7477],[120.3394,23.7483]]]],[[[[120.2758,23.6343],[120.2877,23.6329],[120.2977,23.6302],[120.2966,23.6211],[120.3021,23.6165],[120.3016,23.6124],[120.3078,23.6105],[120.3127,23.608],[120.3195,23.6068],[120.3245,23.6045],[120.3278,23.603],[120.3323,23.6036],[120.3358,23.6008],[120.3361,23.5957],[120.3335,23.5869],[120.3151,23.5739],[120.3099,23.5677],[120.2948,23.5645],[120.2908,23.5505],[120.2764,23.5441],[120.2738,23.5471],[120.2712,23.5536],[120.2728,23.5627],[120.2767,23.5679],[120.2733,23.5728],[120.2694,23.5763],[120.2652,23.5765],[120.2625,23.5804],[120.2648,23.5865],[120.2676,23.59],[120.2694,23.5945],[120.2687,23.6008],[120.2709,23.6064],[120.2694,23.6099],[120.268,23.6137],[120.2654,23.6161],[120.2648,23.6207],[120.2666,23.6274],[120.2698,23.6299],[120.273,23.6343],[120.2758,23.6343]]]],[[[[120.6166,23.6971],[120.6303,23.6797],[120.6396,23.669],[120.6391,23.6602],[120.6357,23.6477],[120.63,23.632],[120.637,23.6219],[120.6536,23.6288],[120.6612,23.6105],[120.7023,23.6174],[120.722,23.6244],[120.7274,23.6018],[120.7336,23.5823],[120.7254,23.5716],[120.7095,23.5743],[120.6829,23.5724],[120.6651,23.5776],[120.646,23.5762],[120.6473,23.5883],[120.6314,23.5902],[120.6105,23.5827],[120.5959,23.5848],[120.5849,23.5829],[120.5712,23.5878],[120.5579,23.5892],[120.5492,23.5938],[120.5402,23.5943],[120.5323,23.5987],[120.52,23.6088],[120.5113,23.6186],[120.5076,23.6336],[120.5132,23.6372],[120.5275,23.6386],[120.5374,23.6443],[120.5387,23.6652],[120.5454,23.6732],[120.5617,23.6762],[120.5585,23.6883],[120.5784,23.692],[120.5957,23.6942],[120.6166,23.6971]]]],[[[[120.4225,23.6734],[120.4287,23.6736],[120.4304,23.6707],[120.4352,23.6717],[120.4403,23.6718],[120.444,23.6702],[120.4459,23.6736],[120.4461,23.67],[120.4492,23.6698],[120.4487,23.6732],[120.4527,23.6734],[120.4575,23.6694],[120.4586,23.6659],[120.4617,23.6654],[120.4656,23.6647],[120.4676,23.6674],[120.4711,23.665],[120.4744,23.6624],[120.472,23.6506],[120.4694,23.6383],[120.4639,23.6294],[120.4511,23.6298],[120.4368,23.6262],[120.4318,23.6216],[120.421,23.6246],[120.4132,23.6237],[120.4013,23.6309],[120.3922,23.6223],[120.3834,23.6129],[120.3689,23.6084],[120.3681,23.6124],[120.3729,23.6183],[120.3799,23.6308],[120.3853,23.6442],[120.3886,23.6527],[120.3968,23.661],[120.4015,23.6649],[120.4095,23.67],[120.416,23.6782],[120.4211,23.6756],[120.4225,23.6734]]]],[[[[120.5469,23.8014],[120.5559,23.8],[120.5724,23.7965],[120.5873,23.7919],[120.5924,23.7892],[120.5892,23.784],[120.5873,23.7816],[120.5853,23.7787],[120.5774,23.7725],[120.572,23.7687],[120.5709,23.7639],[120.5686,23.7597],[120.5567,23.7552],[120.5523,23.7502],[120.5433,23.7482],[120.5368,23.7466],[120.5316,23.7421],[120.5297,23.7372],[120.5244,23.7345],[120.5198,23.7337],[120.5148,23.7324],[120.5097,23.7305],[120.5032,23.7295],[120.4967,23.7357],[120.4952,23.745],[120.4821,23.7448],[120.4797,23.7508],[120.4797,23.7589],[120.4805,23.766],[120.4829,23.7684],[120.4807,23.7719],[120.4779,23.7768],[120.4804,23.7809],[120.4855,23.7823],[120.4899,23.784],[120.5004,23.7822],[120.5079,23.7921],[120.5196,23.7998],[120.5302,23.7996],[120.5435,23.8012],[120.5469,23.8014]]]],[[[[120.6163,23.7912],[120.6286,23.79],[120.6369,23.7866],[120.6437,23.7801],[120.6489,23.772],[120.6532,23.7614],[120.6556,23.7523],[120.6545,23.7446],[120.6555,23.737],[120.6535,23.735],[120.6482,23.736],[120.6442,23.7362],[120.6423,23.7312],[120.6398,23.7287],[120.6414,23.7243],[120.6408,23.7201],[120.64,23.715],[120.6368,23.7135],[120.6332,23.7139],[120.63,23.7144],[120.6257,23.7167],[120.6209,23.7181],[120.615,23.7198],[120.6112,23.7217],[120.6084,23.7258],[120.6014,23.729],[120.5939,23.7318],[120.5901,23.7396],[120.5845,23.7378],[120.5799,23.7403],[120.5738,23.7458],[120.5729,23.7521],[120.5723,23.7576],[120.571,23.7637],[120.5736,23.7694],[120.5786,23.7753],[120.5865,23.7807],[120.5891,23.7837],[120.5928,23.7898],[120.6133,23.7912],[120.6163,23.7912]]]],[[[[120.4399,23.8265],[120.4438,23.8191],[120.437,23.8173],[120.4309,23.8142],[120.4288,23.8088],[120.4297,23.8013],[120.4288,23.7962],[120.4285,23.791],[120.4263,23.7839],[120.4226,23.7761],[120.4297,23.773],[120.4326,23.7668],[120.4267,23.76],[120.4331,23.755],[120.4268,23.7535],[120.4213,23.7475],[120.417,23.7474],[120.4144,23.7446],[120.409,23.7448],[120.4038,23.7454],[120.398,23.7455],[120.3908,23.7463],[120.3883,23.7502],[120.3889,23.7561],[120.3895,23.7618],[120.3849,23.7637],[120.3811,23.7665],[120.3752,23.7687],[120.3675,23.7707],[120.3607,23.7723],[120.3592,23.7811],[120.3657,23.7805],[120.3635,23.7883],[120.3574,23.7897],[120.3515,23.7941],[120.3515,23.8053],[120.3507,23.8119],[120.3508,23.8185],[120.3752,23.8286],[120.422,23.8288],[120.4399,23.8265]]]],[[[[120.3371,23.8222],[120.3512,23.8148],[120.349,23.8078],[120.3523,23.798],[120.3562,23.79],[120.3624,23.7891],[120.3662,23.7813],[120.359,23.7805],[120.3616,23.7721],[120.3693,23.7702],[120.3774,23.768],[120.3833,23.7661],[120.3887,23.7634],[120.3892,23.7579],[120.3886,23.7515],[120.3853,23.7463],[120.3773,23.7467],[120.3692,23.7445],[120.3596,23.7426],[120.3532,23.7433],[120.3479,23.7451],[120.3395,23.7481],[120.3309,23.7478],[120.3267,23.7454],[120.3198,23.7466],[120.3133,23.7453],[120.3077,23.7423],[120.3011,23.7411],[120.2985,23.7478],[120.30029999999999,23.7542],[120.2976,23.7593],[120.2945,23.7637],[120.3064,23.7654],[120.3059,23.7762],[120.2995,23.7773],[120.2953,23.7833],[120.2947,23.7909],[120.2951,23.7992],[120.3006,23.8047],[120.302,23.8153],[120.3371,23.8222]]]],[[[[120.2513,23.7359],[120.264,23.7337],[120.2749,23.7351],[120.2818,23.74],[120.2894,23.7373],[120.2871,23.7252],[120.2824,23.7146],[120.2768,23.7038],[120.2697,23.6967],[120.2733,23.6913],[120.2788,23.6932],[120.2868,23.6901],[120.2916,23.6876],[120.2988,23.6896],[120.3024,23.6868],[120.3055,23.6828],[120.2977,23.6774],[120.2886,23.6778],[120.2814,23.6774],[120.2762,23.6715],[120.2693,23.6698],[120.2637,23.6638],[120.2582,23.6586],[120.2495,23.658],[120.2405,23.6538],[120.232,23.6559],[120.224,23.6582],[120.2192,23.6609],[120.222,23.6699],[120.2215,23.677],[120.2259,23.6789],[120.2294,23.6836],[120.2312,23.6902],[120.2333,23.6963],[120.227,23.7006],[120.2282,23.7067],[120.2326,23.7144],[120.2404,23.7211],[120.2425,23.7323],[120.2413,23.7434],[120.2513,23.7359]]]],[[[[120.3225,23.7464],[120.3284,23.7455],[120.3323,23.7424],[120.3385,23.7381],[120.3459,23.7361],[120.3507,23.7384],[120.3528,23.7308],[120.348,23.7224],[120.3436,23.7146],[120.3382,23.7083],[120.3343,23.6996],[120.335,23.6941],[120.3295,23.6958],[120.3235,23.6953],[120.3186,23.693],[120.3133,23.6906],[120.3097,23.6876],[120.3055,23.6849],[120.3023,23.6867],[120.2975,23.6872],[120.2972,23.6898],[120.2921,23.6878],[120.2877,23.6866],[120.2864,23.6914],[120.2799,23.6929],[120.2772,23.6909],[120.2722,23.6912],[120.269,23.6947],[120.2708,23.7008],[120.2781,23.7032],[120.2796,23.7118],[120.2849,23.7186],[120.2871,23.7253],[120.2894,23.7317],[120.29,23.7416],[120.2963,23.7409],[120.3029,23.7413],[120.3085,23.7423],[120.3133,23.7453],[120.3191,23.7464],[120.3225,23.7464]]]],[[[[120.3317,23.6953],[120.3372,23.6909],[120.3421,23.6867],[120.3389,23.6813],[120.3416,23.6712],[120.343,23.6603],[120.342,23.6511],[120.3416,23.6442],[120.349,23.6464],[120.3594,23.6485],[120.3674,23.6507],[120.375,23.6535],[120.3832,23.6533],[120.3847,23.6425],[120.3766,23.6246],[120.3685,23.6132],[120.364,23.6004],[120.3355,23.5937],[120.3361,23.6014],[120.3294,23.6031],[120.3227,23.6046],[120.3136,23.6074],[120.3065,23.6116],[120.3024,23.6165],[120.2983,23.6263],[120.2875,23.633],[120.2803,23.6405],[120.2778,23.6477],[120.2769,23.6528],[120.2753,23.6585],[120.2769,23.6647],[120.2778,23.6711],[120.2812,23.677],[120.287,23.6789],[120.2936,23.6765],[120.3021,23.6789],[120.3072,23.6847],[120.3123,23.6898],[120.3188,23.6931],[120.3254,23.6955],[120.3317,23.6953]]]],[[[[120.2606,23.6331],[120.2659,23.6308],[120.2651,23.6223],[120.2654,23.6158],[120.2678,23.611],[120.2712,23.6075],[120.2687,23.5991],[120.2701,23.5916],[120.2647,23.5872],[120.2639,23.5798],[120.2679,23.5769],[120.273,23.573],[120.2758,23.5645],[120.2715,23.5558],[120.2739,23.5469],[120.2751,23.5403],[120.2607,23.5379],[120.2444,23.5307],[120.2227,23.5046],[120.1899,23.51],[120.1847,23.5179],[120.1882,23.5235],[120.1918,23.5289],[120.1991,23.5302],[120.2025,23.5424],[120.2,23.5461],[120.1987,23.5529],[120.2035,23.5594],[120.2034,23.5687],[120.2001,23.5746],[120.2032,23.5793],[120.2116,23.5815],[120.2145,23.5867],[120.2184,23.6],[120.227,23.6044],[120.2334,23.6087],[120.2412,23.6148],[120.2491,23.62],[120.2523,23.6296],[120.2546,23.6332],[120.2606,23.6331]]]],[[[[120.2238,23.762],[120.2311,23.7573],[120.2375,23.7528],[120.2416,23.7455],[120.2376,23.7379],[120.2414,23.7303],[120.2408,23.7226],[120.2361,23.7171],[120.2316,23.7112],[120.2282,23.7069],[120.225,23.7021],[120.23,23.6987],[120.2334,23.6958],[120.2315,23.6918],[120.2302,23.6867],[120.2292,23.6824],[120.227,23.6788],[120.2223,23.6793],[120.2207,23.6749],[120.222,23.6699],[120.2198,23.6636],[120.2185,23.6582],[120.2127,23.6592],[120.2068,23.6605],[120.2021,23.6626],[120.1975,23.666],[120.1932,23.6688],[120.1883,23.6726],[120.1849,23.676],[120.1809,23.6796],[120.1782,23.6849],[120.1807,23.6905],[120.1839,23.6949],[120.1831,23.7017],[120.1705,23.7017],[120.1564,23.6977],[120.147,23.7011],[120.1982,23.7567],[120.2086,23.762],[120.2188,23.763],[120.2238,23.762]]]],[[[[120.1831,23.7017],[120.1823,23.6929],[120.1782,23.6848],[120.183,23.6773],[120.1885,23.6724],[120.1954,23.6676],[120.2023,23.6625],[120.21,23.6601],[120.219,23.6579],[120.2281,23.6575],[120.2371,23.6538],[120.2467,23.657],[120.2559,23.6566],[120.262,23.663],[120.2684,23.6685],[120.2754,23.6717],[120.2773,23.6658],[120.2754,23.6577],[120.2781,23.6519],[120.2803,23.6438],[120.2789,23.6341],[120.2685,23.6293],[120.2618,23.6327],[120.2529,23.6323],[120.2493,23.6203],[120.2374,23.6115],[120.2274,23.6057],[120.2172,23.5963],[120.2098,23.589],[120.2002,23.5936],[120.1998,23.6026],[120.2005,23.6131],[120.1902,23.6208],[120.1785,23.6256],[120.1706,23.6268],[120.1655,23.6355],[120.1553,23.6277],[120.1413,23.6208],[120.1471,23.6921],[120.1679,23.7014],[120.1831,23.7017]]]],[[[[120.0811,23.5241],[120.0917,23.5197],[120.0962,23.5115],[120.083,23.5121],[120.0767,23.5075],[120.0732,23.5018],[120.0673,23.5008],[120.0664,23.4986],[120.0703,23.4939],[120.0653,23.4933],[120.0556,23.4924],[120.0646,23.4873],[120.0626,23.4809],[120.0529,23.4796],[120.0558,23.4842],[120.0523,23.4856],[120.0501,23.4803],[120.0448,23.4773],[120.0457,23.4882],[120.049,23.4937],[120.0456,23.49],[120.0409,23.4789],[120.0354,23.483],[120.0336,23.4794],[120.0253,23.4738],[120.0235,23.4654],[120.0196,23.4589],[120.0152,23.4645],[120.0116,23.4663],[120.0148,23.4505],[120.0208,23.4394],[120.0165,23.441],[120.0119,23.4478],[120.0107,23.4786],[120.0161,23.4842],[120.0272,23.4912],[120.0403,23.4989],[120.0587,23.5107],[120.0702,23.5178],[120.0816,23.5262],[120.0811,23.5241]]]],[[[[120.0994,23.5417],[120.1026,23.539],[120.1051,23.5369],[120.1053,23.536],[120.107,23.5343],[120.108,23.5337],[120.1067,23.533],[120.1044,23.5327],[120.1041,23.5314],[120.1069,23.5321],[120.1088,23.5319],[120.1095,23.5305],[120.1107,23.5305],[120.1115,23.5299],[120.1104,23.5293],[120.1093,23.5288],[120.11,23.5272],[120.1082,23.5278],[120.1055,23.5283],[120.1037,23.5291],[120.1018,23.5296],[120.0988,23.5284],[120.0982,23.5261],[120.0982,23.5243],[120.0982,23.5228],[120.0975,23.5214],[120.0959,23.5226],[120.0928,23.527],[120.0922,23.5278],[120.0911,23.528199999999998],[120.0919,23.5297],[120.092,23.5316],[120.093,23.5345],[120.0954,23.5374],[120.0968,23.5393],[120.0972,23.5408],[120.0991,23.5419],[120.0994,23.5417]]]],[[[[120.1324,23.5467],[120.1331,23.5475],[120.1339,23.5474],[120.1346,23.5448],[120.1368,23.5434],[120.136,23.5419],[120.1343,23.5392],[120.1341,23.5369],[120.1322,23.5355],[120.1308,23.5333],[120.1304,23.5339],[120.1298,23.5327],[120.1281,23.5332],[120.129,23.5318],[120.1312,23.5308],[120.1303,23.5301],[120.1268,23.5303],[120.126,23.531],[120.1258,23.5316],[120.1272,23.5343],[120.1261,23.5347],[120.1279,23.5363],[120.1268,23.5372],[120.1287,23.538],[120.1286,23.5392],[120.1271,23.5394],[120.1266,23.5399],[120.1268,23.5415],[120.1276,23.5422],[120.1264,23.5431],[120.1263,23.5444],[120.1291,23.5439],[120.1301,23.5455],[120.1292,23.547],[120.1303,23.5477],[120.1318,23.5482],[120.1324,23.5468],[120.1324,23.5467]]]],[[[[120.1323,23.5632],[120.1307,23.5613],[120.1315,23.5597],[120.1316,23.5576],[120.1305,23.5539],[120.1305,23.5523],[120.1294,23.5513],[120.1293,23.5525],[120.1278,23.5533],[120.1265,23.5586],[120.1244,23.5577],[120.1225,23.5562],[120.1238,23.5546],[120.123,23.5527],[120.1195,23.5509],[120.1198,23.5499],[120.1171,23.5493],[120.1162,23.5489],[120.1155,23.5465],[120.1145,23.5463],[120.1134,23.5459],[120.1116,23.5458],[120.1094,23.545],[120.1107,23.5422],[120.1078,23.5397],[120.1055,23.5427],[120.1043,23.5446],[120.1064,23.5497],[120.1113,23.5552],[120.1147,23.5557],[120.117,23.5565],[120.1224,23.5568],[120.1219,23.5583],[120.1238,23.5614],[120.1258,23.5631],[120.1271,23.5637],[120.1309,23.5637],[120.1322,23.5639],[120.133,23.5635],[120.1323,23.5632]]]],[[[[120.1304,23.569],[120.1299,23.5692],[120.1297,23.5703],[120.1292,23.5716],[120.1288,23.5721],[120.1284,23.5722],[120.1282,23.5728],[120.1274,23.5733],[120.1274,23.5737],[120.1281,23.5738],[120.1285,23.5746],[120.1283,23.575],[120.129,23.5751],[120.1295,23.5758],[120.1297,23.5759],[120.1304,23.5768],[120.1304,23.5777],[120.1316,23.5787],[120.1324,23.579],[120.1327,23.5786],[120.1324,23.5775],[120.1321,23.5765],[120.1323,23.5755],[120.1325,23.5737],[120.132,23.5729],[120.1318,23.5721],[120.1319,23.5716],[120.1311,23.5707],[120.131,23.5702],[120.1304,23.569]]]],[[[[120.1724,23.6263],[120.1788,23.6274],[120.1784,23.622],[120.1881,23.6213],[120.1975,23.6184],[120.2004,23.6125],[120.2031,23.6049],[120.1991,23.6007],[120.1985,23.5954],[120.2029,23.5919],[120.2099,23.59],[120.2145,23.587],[120.2126,23.5822],[120.2076,23.5786],[120.1996,23.5776],[120.1991,23.5726],[120.2041,23.5684],[120.2039,23.5605],[120.1994,23.5547],[120.1983,23.548],[120.2036,23.5472],[120.2005,23.5423],[120.1989,23.53],[120.1928,23.529],[120.1896,23.5253],[120.1855,23.521],[120.1838,23.5156],[120.1685,23.5165],[120.1453,23.5392],[120.1378,23.5613],[120.1433,23.5721],[120.1407,23.5779],[120.1414,23.5899],[120.1398,23.6143],[120.1372,23.6206],[120.1455,23.62],[120.1544,23.6271],[120.1576,23.6334],[120.167,23.6352],[120.1651,23.6283],[120.1724,23.6263]]]]]}},{"type":"Feature","properties":{"county":"新北市","countyCode":"65000"},"geometry":{"type":"MultiPolygon","coordinates":[[[[[121.5115,25.0218],[121.5153,25.0211],[121.5192,25.0196],[121.5217,25.0174],[121.5236,25.0146],[121.5263,25.0114],[121.5299,25.0099],[121.5324,25.0075],[121.533,25.0049],[121.5339,25.0036],[121.5333,25.0025],[121.5315,25.0009],[121.5308,24.9991],[121.5308,24.997],[121.5284,24.9954],[121.5265,24.9961],[121.5255,24.9975],[121.5234,24.9971],[121.5219,24.9966],[121.5195,24.9961],[121.5178,24.9957],[121.5162,24.9951],[121.5143,24.9937],[121.5122,24.9936],[121.5134,24.9952],[121.5147,24.9973],[121.5142,24.9993],[121.5145,25.0038],[121.5101,25.0016],[121.5068,25.0011],[121.5089,25.0035],[121.5065,25.0055],[121.503,25.007],[121.4994,25.0086],[121.4971,25.0087],[121.4952,25.0093],[121.5003,25.012],[121.5037,25.016],[121.5074,25.02],[121.5108,25.0218],[121.5115,25.0218]]]],[[[[121.5395,24.9877],[121.5501,24.9846],[121.5532,24.9791],[121.5604,24.9656],[121.5747,24.966],[121.5917,24.964],[121.6093,24.9639],[121.6076,24.9508],[121.6003,24.9453],[121.5971,24.9364],[121.5947,24.9263],[121.5972,24.9117],[121.592,24.9143],[121.5824,24.9103],[121.5705,24.9066],[121.5712,24.9006],[121.5775,24.8887],[121.5707,24.877],[121.5586,24.8907],[121.5376,24.8929],[121.5162,24.8803],[121.4934,24.8672],[121.4788,24.8705],[121.4768,24.8872],[121.488,24.9009],[121.4896,24.9089],[121.4902,24.9188],[121.4856,24.9264],[121.4759,24.9294],[121.4657,24.9323],[121.4606,24.937],[121.4579,24.9463],[121.4675,24.9538],[121.4773,24.9623],[121.502,24.9699],[121.5106,24.978],[121.5139,24.9827],[121.5187,24.9882],[121.5232,24.984],[121.5343,24.9932],[121.5395,24.9877]]]],[[[[121.4581,24.9911],[121.4627,24.9893],[121.4667,24.991],[121.4691,24.9946],[121.4708,24.9929],[121.4749,24.9921],[121.4796,24.9898],[121.4744,24.984],[121.4769,24.9795],[121.4815,24.9739],[121.4798,24.9699],[121.4798,24.965],[121.4738,24.9607],[121.4721,24.956],[121.4669,24.9529],[121.4626,24.9482],[121.4583,24.9467],[121.4536,24.9443],[121.4484,24.9419],[121.4437,24.939],[121.4384,24.9359],[121.435,24.9387],[121.4316,24.9398],[121.4265,24.9389],[121.4217,24.9383],[121.4168,24.938],[121.4137,24.9414],[121.4097,24.9427],[121.4088,24.9468],[121.4084,24.9528],[121.41,24.9614],[121.4134,24.9663],[121.4245,24.9703],[121.433,24.975],[121.4353,24.9819],[121.4393,24.9872],[121.4446,24.9913],[121.4507,24.9922],[121.4542,24.9937],[121.4565,24.9934],[121.4581,24.9911]]]],[[[[121.4665,25.1017],[121.4692,25.1016],[121.4726,25.1016],[121.4753,25.1015],[121.4779,25.1014],[121.4801,25.1011],[121.4823,25.1003],[121.484,25.0995],[121.4854,25.099],[121.4871,25.0981],[121.4891,25.0969],[121.4911,25.0948],[121.4872,25.0913],[121.4837,25.0872],[121.4832,25.0841],[121.4824,25.0822],[121.4807,25.0802],[121.4791,25.0783],[121.4769,25.0767],[121.4761,25.0747],[121.4753,25.0732],[121.4729,25.0728],[121.4706,25.0739],[121.4695,25.076],[121.4673,25.0768],[121.4649,25.0778],[121.463,25.078],[121.46,25.0797],[121.4569,25.0815],[121.4555,25.0834],[121.455,25.086],[121.4547,25.0891],[121.4555,25.0913],[121.4571,25.0935],[121.4582,25.0958],[121.4582,25.098],[121.4611,25.099],[121.4623,25.1026],[121.4641,25.1024],[121.4661,25.1017],[121.4665,25.1017]]]],[[[[121.4263,25.1296],[121.434,25.1279],[121.441,25.1237],[121.4484,25.1208],[121.4549,25.1188],[121.4585,25.1143],[121.4603,25.1047],[121.4582,25.097],[121.4548,25.0875],[121.4611,25.0789],[121.4697,25.0756],[121.469,25.0682],[121.4646,25.0677],[121.4535,25.063],[121.4456,25.0646],[121.4407,25.0678],[121.435,25.0666],[121.4297,25.0691],[121.4191,25.0692],[121.4106,25.0754],[121.4053,25.0768],[121.4036,25.0774],[121.4028,25.0824],[121.4039,25.0849],[121.4087,25.0805],[121.4133,25.0795],[121.4149,25.0825],[121.4089,25.0851],[121.4094,25.0892],[121.4084,25.0948],[121.4115,25.0929],[121.4114,25.0958],[121.4076,25.0993],[121.4048,25.1014],[121.4014,25.1084],[121.4009,25.1159],[121.4036,25.1214],[121.4112,25.1216],[121.4157,25.1291],[121.4227,25.1306],[121.4263,25.1296]]]],[[[[121.7763,24.9853],[121.7872,24.9831],[121.7941,24.9772],[121.792,24.9674],[121.7913,24.9576],[121.7903,24.9499],[121.7894,24.9407],[121.7855,24.9317],[121.7794,24.9217],[121.7849,24.9124],[121.7907,24.9036],[121.7897,24.8933],[121.7822,24.8796],[121.7765,24.8688],[121.7637,24.8599],[121.7502,24.8546],[121.7334,24.8559],[121.7183,24.8455],[121.7033,24.8423],[121.6906,24.8481],[121.6778,24.8494],[121.6645,24.8496],[121.6448,24.8605],[121.6489,24.8952],[121.6632,24.9065],[121.6661,24.9171],[121.6763,24.923],[121.6698,24.9363],[121.6661,24.9485],[121.6739,24.9537],[121.6839,24.9577],[121.6929,24.9636],[121.7044,24.9702],[121.716,24.9709],[121.7245,24.9751],[121.7356,24.9758],[121.741,24.9794],[121.7481,24.9742],[121.7596,24.9776],[121.7702,24.9796],[121.7763,24.9853]]]],[[[[121.7983,25.0755],[121.803,25.0684],[121.8045,25.0634],[121.8075,25.0586],[121.8139,25.0557],[121.8155,25.0443],[121.8068,25.032],[121.7904,25.0229],[121.7844,25.0139],[121.7759,25.0041],[121.7661,24.9979],[121.7649,24.9934],[121.7696,24.9895],[121.7769,24.985],[121.7727,24.9812],[121.7649,24.9803],[121.7592,24.9773],[121.7515,24.9764],[121.7447,24.9752],[121.7411,24.9793],[121.7377,24.9776],[121.7329,24.9759],[121.7252,24.9748],[121.7184,24.9761],[121.7207,24.9803],[121.7248,24.9853],[121.7257,24.9912],[121.7237,24.9961],[121.7226,25.0058],[121.7129,25.0076],[121.7048,25.018],[121.7044,25.0324],[121.7168,25.0424],[121.7321,25.0527],[121.7437,25.0531],[121.7542,25.058],[121.7654,25.0598],[121.7754,25.0696],[121.7831,25.0726],[121.7903,25.0763],[121.7983,25.0755]]]],[[[[121.5421,24.8922],[121.5593,24.8904],[121.5687,24.8775],[121.5857,24.8718],[121.6005,24.8634],[121.6339,24.859],[121.6538,24.8534],[121.6651,24.8501],[121.6737,24.8489],[121.6848,24.8498],[121.6921,24.8449],[121.7028,24.8424],[121.7043,24.8361],[121.6964,24.8304],[121.6901,24.8214],[121.6814,24.8176],[121.6689,24.8177],[121.6505,24.813],[121.6257,24.8082],[121.6146,24.7935],[121.5932,24.7823],[121.5891,24.7559],[121.595,24.7331],[121.5799,24.7222],[121.5629,24.7128],[121.5413,24.703],[121.5291,24.6876],[121.5064,24.681],[121.4786,24.6761],[121.4683,24.6969],[121.4462,24.7144],[121.4329,24.737],[121.4249,24.7613],[121.4472,24.7833],[121.459,24.8013],[121.4824,24.8222],[121.4972,24.8487],[121.4884,24.8621],[121.5058,24.8748],[121.5283,24.8846],[121.5421,24.8922]]]],[[[[121.4507,25.2442],[121.4598,25.2402],[121.4667,25.2392],[121.4732,25.2381],[121.4816,25.2351],[121.4913,25.2319],[121.4963,25.2269],[121.5001,25.2216],[121.4962,25.2219],[121.4983,25.2155],[121.4928,25.212],[121.4858,25.2097],[121.4858,25.2046],[121.4891,25.201],[121.4908,25.1964],[121.4948,25.1929],[121.501,25.1929],[121.505,25.1902],[121.5097,25.1876],[121.5198,25.1819],[121.522,25.1737],[121.5158,25.1704],[121.5069,25.1712],[121.5018,25.1714],[121.4987,25.1648],[121.4918,25.1596],[121.4873,25.1513],[121.4805,25.1467],[121.4754,25.1419],[121.4688,25.1354],[121.4647,25.1283],[121.4615,25.1231],[121.4565,25.1285],[121.4532,25.144],[121.4488,25.1551],[121.4383,25.1644],[121.4242,25.1715],[121.4069,25.1901],[121.4278,25.2111],[121.4461,25.242],[121.4507,25.2442]]]],[[[[121.8235,25.136],[121.8203,25.1254],[121.8279,25.123],[121.8364,25.1282],[121.8413,25.1286],[121.8613,25.1251],[121.8724,25.1249],[121.8858,25.1229],[121.8939,25.1201],[121.9135,25.1249],[121.9209,25.1216],[121.9119,25.1177],[121.8981,25.1138],[121.8831,25.0986],[121.8747,25.0948],[121.8667,25.0951],[121.858,25.0969],[121.8517,25.090699999999998],[121.8447,25.0854],[121.8393,25.0766],[121.8321,25.0705],[121.8305,25.0611],[121.8339,25.0499],[121.8225,25.046],[121.8136,25.0527],[121.8084,25.0591],[121.8045,25.0635],[121.8021,25.0697],[121.7952,25.0773],[121.786,25.0734],[121.7769,25.0707],[121.7614,25.0787],[121.7588,25.0954],[121.7573,25.1056],[121.7532,25.1108],[121.7705,25.1168],[121.7862,25.1176],[121.7983,25.118],[121.7981,25.1243],[121.8052,25.1314],[121.8235,25.136]]]],[[[[121.3709,25.1284],[121.38,25.117],[121.3882,25.1069],[121.393,25.1046],[121.3966,25.0955],[121.396,25.0868],[121.3912,25.0867],[121.3943,25.0818],[121.3974,25.084],[121.4012,25.0891],[121.4023,25.0974],[121.4021,25.1075],[121.4088,25.0996],[121.4091,25.0951],[121.4083,25.0874],[121.4146,25.0791],[121.4036,25.0843],[121.4036,25.0777],[121.4045,25.0752],[121.3994,25.0708],[121.4039,25.0703],[121.4048,25.0631],[121.3952,25.0666],[121.3921,25.0703],[121.3859,25.0724],[121.3793,25.0705],[121.3734,25.0658],[121.354,25.0678],[121.3492,25.0714],[121.3495,25.0756],[121.3412,25.0761],[121.3458,25.0787],[121.3493,25.081],[121.3373,25.0844],[121.3249,25.0926],[121.3118,25.0958],[121.3015,25.101],[121.2864,25.1074],[121.2965,25.1231],[121.3581,25.1341],[121.3709,25.1284]]]],[[[[121.5077,25.2824],[121.5136,25.2761],[121.5202,25.269],[121.5255,25.2627],[121.5317,25.2603],[121.5331,25.2665],[121.5416,25.2674],[121.5486,25.2654],[121.5487,25.2588],[121.5469,25.2514],[121.5453,25.2444],[121.5477,25.2426],[121.552,25.2434],[121.5554,25.236],[121.5576,25.2263],[121.5657,25.2148],[121.5556,25.2086],[121.5519,25.2016],[121.5466,25.1971],[121.5422,25.1887],[121.5313,25.1836],[121.5214,25.1795],[121.5089,25.1875],[121.5029,25.1913],[121.4956,25.1911],[121.4909,25.1964],[121.4886,25.2026],[121.4863,25.2071],[121.492,25.2127],[121.498,25.2166],[121.4986,25.2208],[121.4974,25.2254],[121.4903,25.2318],[121.4778,25.2364],[121.4686,25.239],[121.4599,25.2401],[121.448,25.2433],[121.4934,25.2762],[121.5011,25.2803],[121.5055,25.2812],[121.5077,25.2824]]]],[[[[121.4358,25.166],[121.4491,25.1548],[121.4539,25.141],[121.4582,25.1251],[121.4608,25.1166],[121.4554,25.1164],[121.4518,25.1201],[121.4422,25.1232],[121.4346,25.1278],[121.426,25.1298],[121.4206,25.1296],[121.4156,25.1239],[121.4046,25.1225],[121.4011,25.1181],[121.4014,25.1087],[121.4019,25.1021],[121.4034,25.0964],[121.4017,25.0919],[121.4029,25.0886],[121.3997,25.0855],[121.3982,25.0822],[121.3954,25.0835],[121.3925,25.0811],[121.3927,25.0863],[121.3927,25.0875],[121.3954,25.0862],[121.3969,25.0929],[121.3961,25.0956],[121.3947,25.1005],[121.3928,25.1032],[121.3906,25.103],[121.3853,25.1094],[121.3832,25.1148],[121.3771,25.1213],[121.3721,25.127],[121.368,25.133],[121.3711,25.1408],[121.3859,25.1461],[121.404,25.1595],[121.4193,25.1744],[121.4358,25.166]]]],[[[[121.4096,24.9426],[121.4172,24.9377],[121.4276,24.939],[121.4359,24.9375],[121.4451,24.9402],[121.4558,24.9456],[121.4601,24.9384],[121.4633,24.9335],[121.4727,24.9307],[121.4825,24.9285],[121.4866,24.9223],[121.4913,24.9145],[121.4907,24.9054],[121.4857,24.8993],[121.4752,24.8836],[121.4792,24.8695],[121.4916,24.8582],[121.4921,24.8354],[121.4752,24.8141],[121.451,24.7917],[121.4366,24.8117],[121.4139,24.8316],[121.3975,24.8424],[121.3729,24.8336],[121.3528,24.8444],[121.3361,24.8461],[121.3489,24.8483],[121.3567,24.8536],[121.3474,24.8623],[121.3544,24.8733],[121.3413,24.8876],[121.3334,24.8928],[121.3278,24.8959],[121.3252,24.9059],[121.319,24.9176],[121.3388,24.9275],[121.358,24.9416],[121.3878,24.9446],[121.3964,24.9436],[121.4082,24.9517],[121.4096,24.9426]]]],[[[[121.3451,24.9801],[121.3498,24.9799],[121.3537,24.978],[121.3594,24.9781],[121.36279999999999,24.9793],[121.367,24.9778],[121.3752,24.9696],[121.3822,24.965],[121.379,24.9615],[121.3732,24.9575],[121.3675,24.9552],[121.3656,24.9515],[121.3632,24.9474],[121.3604,24.9446],[121.3573,24.9412],[121.3516,24.9381],[121.3467,24.9342],[121.3398,24.9285],[121.3316,24.9296],[121.3231,24.9283],[121.3226,24.9317],[121.3208,24.9336],[121.3175,24.9358],[121.3203,24.9412],[121.3291,24.9444],[121.3299,24.9468],[121.3282,24.9542],[121.3291,24.9607],[121.3281,24.9654],[121.3269,24.9666],[121.3287,24.9701],[121.3268,24.9722],[121.3237,24.972],[121.3274,24.9752],[121.3273,24.9775],[121.3298,24.9791],[121.3337,24.9787],[121.3376,24.9806],[121.3415,24.9806],[121.3443,24.9808],[121.3451,24.9801]]]],[[[[121.4915,25.0113],[121.4982,25.0088],[121.5046,25.0065],[121.5086,25.0024],[121.5125,25.0043],[121.5149,24.9979],[121.5127,24.9942],[121.5153,24.9947],[121.5188,24.996],[121.5228,24.9969],[121.5264,24.9967],[121.5317,24.9945],[121.5274,24.987],[121.5247,24.9847],[121.5226,24.9846],[121.5235,24.9879],[121.5195,24.9881],[121.516,24.9872],[121.5144,24.9841],[121.5138,24.9814],[121.5119,24.9796],[121.5102,24.9777],[121.5072,24.976],[121.5039,24.9721],[121.4927,24.9683],[121.4812,24.9639],[121.4795,24.9679],[121.4802,24.9729],[121.4793,24.9773],[121.475,24.9812],[121.4773,24.9864],[121.4773,24.9909],[121.4744,24.9931],[121.4701,24.9918],[121.468,24.9936],[121.4652,24.9973],[121.4681,25.0038],[121.4738,25.0086],[121.4801,25.0115],[121.4887,25.0156],[121.4915,25.0113]]]],[[[[121.4138,25.0189],[121.419,25.0193],[121.4235,25.015],[121.4253,25.0127],[121.4267,25.0104],[121.4281,25.0088],[121.4298,25.0067],[121.4314,25.0024],[121.4301,24.9963],[121.4267,24.9909],[121.4253,24.9859],[121.4266,24.9808],[121.4269,24.9743],[121.4244,24.9702],[121.4134,24.9663],[121.41,24.9617],[121.409,24.9532],[121.402,24.9468],[121.3973,24.9425],[121.3954,24.9463],[121.3899,24.9451],[121.3833,24.9439],[121.3617,24.9466],[121.3659,24.9523],[121.372,24.9565],[121.3804,24.9632],[121.3756,24.9681],[121.3724,24.9799],[121.3791,24.9835],[121.3852,24.9869],[121.3836,24.9943],[121.39,24.9945],[121.3965,24.9955],[121.4026,24.999],[121.4003,25.0041],[121.3962,25.0087],[121.3921,25.0125],[121.3967,25.0159],[121.4046,25.0172],[121.4118,25.0183],[121.4138,25.0189]]]],[[[[121.6335,25.0249],[121.638,25.0239],[121.6405,25.0185],[121.6405,25.0118],[121.6415,25.0077],[121.6428,25.0021],[121.6447,24.9969],[121.6413,24.9952],[121.6382,24.9949],[121.6366,24.993],[121.6377,24.9909],[121.6374,24.9887],[121.6373,24.9863],[121.6377,24.9835],[121.6391,24.9809],[121.6372,24.9793],[121.6342,24.9777],[121.6318,24.9758],[121.6285,24.9735],[121.6255,24.9715],[121.6223,24.9703],[121.6196,24.9703],[121.6153,24.9725],[121.6113,24.9746],[121.6054,24.9743],[121.5994,24.9788],[121.6002,24.984],[121.6019,24.9882],[121.5992,24.9921],[121.5988,24.9959],[121.6005,24.9996],[121.5976,25.0043],[121.5958,25.0081],[121.5975,25.0138],[121.6032,25.0171],[121.6096,25.0207],[121.6162,25.0197],[121.6222,25.0175],[121.6275,25.0196],[121.6303,25.0232],[121.6335,25.0249]]]],[[[[121.4807,25.0394],[121.4838,25.0345],[121.4873,25.0274],[121.4884,25.0211],[121.4885,25.0175],[121.4818,25.0128],[121.4785,25.0112],[121.4741,25.0089],[121.4692,25.0055],[121.4664,25.0009],[121.4643,24.9959],[121.467,24.9918],[121.465,24.9897],[121.4617,24.9894],[121.4585,24.9911],[121.4564,24.9939],[121.4546,24.9949],[121.453,24.991],[121.4494,24.9928],[121.4443,24.9911],[121.4399,24.988],[121.4374,24.9841],[121.4348,24.9795],[121.4328,24.9747],[121.4267,24.9731],[121.4264,24.9782],[121.4266,24.9825],[121.425,24.9865],[121.426,24.9903],[121.4296,24.9945],[121.4308,24.998],[121.4363,25.0001],[121.4368,25.0061],[121.4382,25.0118],[121.4423,25.0175],[121.446,25.0237],[121.4525,25.0311],[121.46,25.0359],[121.4689,25.0391],[121.4771,25.0397],[121.4807,25.0394]]]],[[[[121.6927,25.0416],[121.7026,25.0214],[121.7149,25.0064],[121.7224,24.9978],[121.7262,24.9906],[121.722,24.9824],[121.7184,24.9757],[121.7121,24.9724],[121.7023,24.9669],[121.6899,24.9634],[121.6826,24.9563],[121.6724,24.9534],[121.666,24.9473],[121.6698,24.9358],[121.6761,24.9234],[121.6672,24.9171],[121.665,24.9073],[121.6534,24.8986],[121.6509,24.8694],[121.6198,24.8619],[121.5888,24.8699],[121.5774,24.8836],[121.5727,24.8998],[121.5699,24.906],[121.5828,24.9106],[121.5932,24.9138],[121.5969,24.9153],[121.5951,24.9288],[121.5997,24.9399],[121.6058,24.9463],[121.6105,24.9589],[121.6195,24.9671],[121.6283,24.9733],[121.6374,24.9798],[121.637,24.9875],[121.6374,24.9947],[121.6447,25.0021],[121.6398,25.0196],[121.6536,25.0244],[121.6658,25.0337],[121.6927,25.0416]]]],[[[[121.4659,25.0608],[121.4686,25.0529],[121.4657,25.0438],[121.4603,25.0361],[121.4503,25.029],[121.4438,25.0199],[121.4381,25.0115],[121.4369,25.0039],[121.4316,24.9992],[121.4303,24.9966],[121.4316,25.003],[121.4296,25.0071],[121.4274,25.0085],[121.4268,25.0105],[121.4248,25.013],[121.4233,25.0168],[121.4176,25.02],[121.4118,25.0195],[121.4084,25.0211],[121.402,25.0259],[121.3984,25.0309],[121.401,25.0343],[121.3997,25.0375],[121.3935,25.0416],[121.394,25.0438],[121.4005,25.0434],[121.4041,25.0453],[121.4097,25.0414],[121.4124,25.0391],[121.4168,25.0347],[121.4203,25.0292],[121.4302,25.0384],[121.438,25.0429],[121.4409,25.0462],[121.4403,25.0524],[121.4407,25.0573],[121.4453,25.0589],[121.4476,25.0626],[121.4585,25.0674],[121.4652,25.0657],[121.4659,25.0608]]]],[[[[121.4023,25.075],[121.4115,25.0744],[121.4218,25.0692],[121.432,25.0673],[121.4383,25.0672],[121.4454,25.069],[121.447,25.0605],[121.4444,25.0586],[121.4394,25.0524],[121.4406,25.0464],[121.4372,25.0422],[121.4261,25.0334],[121.4172,25.0312],[121.4128,25.0357],[121.4106,25.0416],[121.4048,25.0453],[121.3982,25.0464],[121.3945,25.0486],[121.3986,25.0491],[121.4006,25.0512],[121.3927,25.0539],[121.3897,25.0532],[121.3867,25.054],[121.3885,25.0576],[121.3907,25.0611],[121.3844,25.0628],[121.3829,25.0681],[121.3789,25.0706],[121.3843,25.0715],[121.3875,25.0723],[121.3898,25.0683],[121.3963,25.0731],[121.3965,25.0676],[121.4002,25.0647],[121.4038,25.0629],[121.4034,25.0664],[121.4047,25.0702],[121.4014,25.0701],[121.3994,25.0712],[121.3982,25.0763],[121.4023,25.075]]]],[[[[121.5064,25.0727],[121.507,25.0697],[121.5069,25.0657],[121.5061,25.0624],[121.5054,25.0586],[121.5063,25.055],[121.5052,25.0509],[121.503,25.0479],[121.5004,25.0452],[121.4966,25.0434],[121.4926,25.0429],[121.4884,25.0422],[121.4838,25.0392],[121.4783,25.0398],[121.473,25.0394],[121.4688,25.0391],[121.4663,25.0412],[121.4661,25.0452],[121.4674,25.0493],[121.4687,25.0532],[121.4673,25.0568],[121.4665,25.0599],[121.4652,25.0632],[121.4658,25.0665],[121.4681,25.0678],[121.4698,25.07],[121.4709,25.0731],[121.4743,25.0728],[121.4764,25.0752],[121.4789,25.0781],[121.4817,25.0813],[121.4835,25.0842],[121.4866,25.090699999999998],[121.4921,25.0939],[121.4962,25.0904],[121.4991,25.0879],[121.5012,25.0852],[121.503,25.0823],[121.5046,25.0785],[121.5059,25.0753],[121.5064,25.0727]]]],[[[[121.8583,25.0964],[121.8701,25.094],[121.8763,25.0865],[121.8779,25.0743],[121.8855,25.0661],[121.8899,25.0541],[121.8902,25.0424],[121.8923,25.0288],[121.8901,25.0161],[121.8761,25.0044],[121.8674,24.9904],[121.8642,24.9825],[121.8619,24.9749],[121.8608,24.9647],[121.8434,24.9567],[121.8418,24.9407],[121.854,24.9257],[121.8397,24.9128],[121.8222,24.9043],[121.8076,24.9031],[121.7927,24.9008],[121.7854,24.9093],[121.7788,24.9192],[121.7845,24.93],[121.789,24.9397],[121.7902,24.9492],[121.7913,24.9573],[121.7919,24.9676],[121.7939,24.9779],[121.7862,24.9827],[121.7742,24.9886],[121.7647,24.9936],[121.7724,25.0015],[121.7845,25.0177],[121.8051,25.0317],[121.8287,25.0453],[121.8309,25.0576],[121.8322,25.0711],[121.8414,25.0811],[121.8517,25.0895],[121.8583,25.0964]]]],[[[[121.9226,25.1223],[121.9199,25.1026],[121.9148,25.0889],[121.9307,25.0599],[121.9296,25.0417],[121.9556,25.0227],[121.9997,25.0184],[122.0074,25.0118],[121.9756,24.9874],[121.9609,24.9883],[121.9475,24.9867],[121.9363,24.9833],[121.9245,24.9794],[121.9117,24.9775],[121.9018,24.9731],[121.889,24.9643],[121.8735,24.9616],[121.8607,24.9661],[121.8609,24.9732],[121.8622,24.9781],[121.8643,24.9827],[121.8654,24.988],[121.8693,24.9921],[121.8754,24.9995],[121.8824,25.014],[121.8895,25.0191],[121.8938,25.0253],[121.8959,25.0376],[121.8898,25.0439],[121.8892,25.0514],[121.8879,25.0587],[121.8855,25.0661],[121.8823,25.0724],[121.8776,25.0776],[121.8767,25.0854],[121.8763,25.0937],[121.8823,25.098],[121.8948,25.1087],[121.9086,25.1167],[121.9173,25.1197],[121.9226,25.1223]]]],[[[[121.6273,25.1384],[121.6368,25.1308],[121.6447,25.1237],[121.646,25.1146],[121.651,25.1073],[121.6506,25.1],[121.6564,25.0932],[121.6649,25.0887],[121.6736,25.0832],[121.6815,25.0877],[121.68,25.0783],[121.688,25.0721],[121.6986,25.0682],[121.7089,25.0675],[121.7165,25.0648],[121.7229,25.0584],[121.7286,25.0517],[121.716,25.0417],[121.708,25.0338],[121.6957,25.04],[121.6814,25.0378],[121.6658,25.0332],[121.6581,25.0291],[121.6492,25.0281],[121.6406,25.0319],[121.6327,25.0358],[121.6223,25.0399],[121.6164,25.0487],[121.6216,25.0566],[121.6194,25.0625],[121.6177,25.0677],[121.6213,25.0741],[121.6244,25.0789],[121.6283,25.0872],[121.6254,25.0952],[121.6179,25.1009],[121.608,25.1068],[121.5969,25.1108],[121.5994,25.1204],[121.6072,25.1288],[121.6273,25.1384]]]],[[[[121.6524,25.2182],[121.6584,25.211],[121.6636,25.2097],[121.6653,25.2073],[121.6733,25.2034],[121.6815,25.2043],[121.6893,25.2058],[121.7024,25.2171],[121.6924,25.2049],[121.6944,25.201],[121.6865,25.1909],[121.6926,25.1804],[121.697,25.1819],[121.7049,25.1739],[121.6991,25.1689],[121.6925,25.1662],[121.6897,25.1642],[121.683,25.16],[121.6766,25.1556],[121.6685,25.153199999999998],[121.6573,25.1515],[121.6512,25.1475],[121.6396,25.1457],[121.6283,25.1409],[121.6049,25.1307],[121.6034,25.1371],[121.5956,25.1458],[121.5902,25.153199999999998],[121.5905,25.1606],[121.5951,25.1654],[121.6012,25.1715],[121.6074,25.1791],[121.6103,25.1867],[121.612,25.1927],[121.6125,25.1969],[121.6198,25.2034],[121.6283,25.2099],[121.6378,25.215699999999998],[121.6438,25.2187],[121.6499,25.2226],[121.6524,25.2182]]]],[[[[121.6351,25.2567],[121.6381,25.2362],[121.6458,25.2303],[121.6475,25.2322],[121.6514,25.2249],[121.6448,25.2205],[121.6433,25.2173],[121.6356,25.2145],[121.6276,25.2091],[121.6203,25.2033],[121.614,25.1972],[121.6106,25.1946],[121.611,25.1909],[121.6098,25.1851],[121.6073,25.1783],[121.6019,25.1724],[121.5971,25.1665],[121.5903,25.1638],[121.5835,25.1653],[121.5816,25.1737],[121.5815,25.1802],[121.5819,25.1858],[121.5838,25.1905],[121.5825,25.195],[121.5753,25.1955],[121.5704,25.1979],[121.5648,25.2034],[121.5608,25.2098],[121.5647,25.2142],[121.5704,25.2196],[121.5784,25.2211],[121.5816,25.2284],[121.5858,25.2343],[121.5908,25.2391],[121.5955,25.2427],[121.6,25.2474],[121.6066,25.2532],[121.6179,25.2587],[121.6169,25.264],[121.6176,25.2725],[121.6351,25.2567]]]],[[[[121.5375,25.3],[121.5476,25.2918],[121.5599,25.2921],[121.5662,25.2946],[121.5776,25.299],[121.6207,25.2757],[121.6171,25.2682],[121.6169,25.2625],[121.6173,25.2556],[121.6026,25.2513],[121.598,25.2434],[121.5923,25.2404],[121.5874,25.2356],[121.5829,25.2313],[121.5797,25.2221],[121.5713,25.2203],[121.5649,25.2165],[121.5582,25.2254],[121.5563,25.2327],[121.554,25.2398],[121.5521,25.2448],[121.5479,25.2427],[121.5451,25.2427],[121.5464,25.2464],[121.5465,25.2537],[121.5487,25.2588],[121.5499,25.2635],[121.5459,25.2669],[121.5405,25.2657],[121.533,25.2663],[121.5314,25.2622],[121.5284,25.2615],[121.524,25.2647],[121.5197,25.2691],[121.5153,25.2759],[121.5089,25.2778],[121.5093,25.2835],[121.5086,25.2895],[121.5228,25.2869],[121.5321,25.2897],[121.5375,25.3]]]]]}},{"type":"Feature","properties":{"county":"新竹市","countyCode":"10018"},"geometry":{"type":"MultiPolygon","coordinates":[[[[[120.9301,24.853],[120.9338,24.8527],[120.9389,24.8508],[120.9419,24.8482],[120.9445,24.8423],[120.9474,24.8399],[120.951,24.8375],[120.955,24.8345],[120.9596,24.8331],[120.9629,24.8325],[120.967,24.8327],[120.9711,24.8314],[120.975,24.8299],[120.9796,24.8302],[120.9826,24.831],[120.9857,24.829],[120.988,24.8254],[120.9906,24.8242],[120.9787,24.824],[120.9802,24.8183],[120.9769,24.8162],[120.9701,24.8159],[120.9691,24.8089],[120.964,24.8002],[120.9618,24.7962],[120.964,24.7912],[120.9595,24.7855],[120.9534,24.7888],[120.9516,24.793],[120.9543,24.8007],[120.9439,24.8044],[120.9464,24.8085],[120.9398,24.8141],[120.9384,24.8203],[120.9316,24.8238],[120.9255,24.8253],[120.9093,24.8342],[120.9132,24.8519],[120.9182,24.853],[120.9279,24.8538],[120.9301,24.853]]]],[[[[120.9195,24.825],[120.9323,24.8235],[120.9394,24.8144],[120.9432,24.8055],[120.9529,24.7939],[120.9545,24.7857],[120.9636,24.7657],[120.959,24.7535],[120.9573,24.7494],[120.9577,24.7464],[120.9553,24.7445],[120.9516,24.7441],[120.9463,24.7451],[120.9434,24.7408],[120.9419,24.7361],[120.9407,24.7321],[120.9404,24.729],[120.9382,24.727],[120.9385,24.7221],[120.9382,24.7182],[120.936,24.7146],[120.933,24.7133],[120.9282,24.715699999999998],[120.922,24.7159],[120.9152,24.7167],[120.9156,24.72],[120.9138,24.7243],[120.913,24.729],[120.9084,24.7369],[120.9053,24.7398],[120.9004,24.7357],[120.8948,24.7326],[120.8908,24.7318],[120.8856,24.7331],[120.8897,24.7562],[120.8964,24.768],[120.8949,24.7669],[120.8926,24.77],[120.8915,24.7762],[120.8927,24.7864],[120.9195,24.825]]]],[[[[120.9788,24.8243],[120.9959,24.8232],[121.0032,24.8197],[121.0084,24.8161],[121.0124,24.8115],[121.0171,24.8079],[121.0208,24.8029],[121.0255,24.7991],[121.0209,24.7984],[121.0207,24.7945],[121.0243,24.7896],[121.0238,24.7847],[121.0252,24.7805],[121.0277,24.777],[121.0282,24.7734],[121.0292,24.7687],[121.0333,24.7633],[121.0289,24.7593],[121.0237,24.7568],[121.0192,24.7597],[121.0173,24.7645],[121.0142,24.7698],[121.0096,24.7738],[121.0025,24.7765],[120.9947,24.7804],[120.9887,24.7772],[120.9864,24.7724],[120.9883,24.7685],[120.9839,24.7679],[120.9803,24.764],[120.9747,24.7643],[120.9691,24.7638],[120.9674,24.7565],[120.9628,24.7543],[120.9594,24.7545],[120.9606,24.7677],[120.9644,24.7901],[120.9636,24.7986],[120.9702,24.8156],[120.98,24.8186],[120.9788,24.8243]]]]]}},{"type":"Feature","properties":{"county":"新竹縣","countyCode":"10004"},"geometry":{"type":"MultiPolygon","coordinates":[[[[[120.996,24.7149],[121.0025,24.7145],[121.009,24.7107],[121.0139,24.7081],[121.0215,24.7106],[121.0296,24.7084],[121.0373,24.7072],[121.0391,24.6991],[121.038,24.6902],[121.0359,24.6856],[121.0368,24.6739],[121.0399,24.6681],[121.0459,24.6656],[121.043,24.6584],[121.0396,24.6482],[121.0491,24.6404],[121.0459,24.6312],[121.0394,24.6292],[121.0312,24.6326],[121.0256,24.6369],[121.0218,24.6414],[121.0133,24.6416],[121.0081,24.6447],[121.0098,24.6516],[121.0071,24.6558],[120.999,24.6548],[120.9938,24.6595],[120.99,24.6644],[120.9828,24.6703],[120.977,24.6749],[120.9745,24.6848],[120.9652,24.684],[120.9663,24.6895],[120.9717,24.6964],[120.9732,24.7016],[120.9756,24.7073],[120.9756,24.7127],[120.978,24.717],[120.9838,24.7119],[120.9909,24.7162],[120.996,24.7149]]]],[[[[121.0307,24.8004],[121.0395,24.7976],[121.0532,24.7906],[121.0623,24.7815],[121.0704,24.7754],[121.0781,24.7673],[121.0843,24.7579],[121.0914,24.7501],[121.1043,24.7232],[121.0982,24.7021],[121.1036,24.6844],[121.1027,24.6717],[121.1127,24.6692],[121.124,24.6596],[121.1264,24.649],[121.1151,24.649],[121.1045,24.643],[121.0924,24.6474],[121.0887,24.6547],[121.0859,24.665],[121.0859,24.6744],[121.0902,24.6843],[121.0921,24.692],[121.0874,24.7012],[121.0839,24.7104],[121.0753,24.7139],[121.0696,24.7205],[121.0734,24.7279],[121.0695,24.7339],[121.0644,24.741],[121.0581,24.7475],[121.0491,24.7546],[121.0382,24.7516],[121.0297,24.7542],[121.0322,24.7616],[121.0304,24.772],[121.026,24.7789],[121.0246,24.7869],[121.0224,24.7966],[121.022,24.8011],[121.0307,24.8004]]]],[[[[121.1411,24.8815],[121.1546,24.8802],[121.1592,24.8694],[121.1607,24.86],[121.1563,24.8538],[121.1483,24.8438],[121.1488,24.8409],[121.1458,24.8363],[121.1368,24.837],[121.1262,24.8363],[121.1199,24.8321],[121.1131,24.8317],[121.1047,24.8325],[121.1079,24.8289],[121.1082,24.8196],[121.1102,24.8142],[121.1133,24.8055],[121.1061,24.793],[121.094,24.7941],[121.0834,24.7931],[121.0763,24.8019],[121.0716,24.8101],[121.0624,24.8145],[121.0543,24.8176],[121.0454,24.821],[121.0364,24.8276],[121.0275,24.8317],[121.0265,24.8417],[121.0186,24.8502],[121.0304,24.8545],[121.0416,24.8514],[121.0489,24.8558],[121.0575,24.8584],[121.0666,24.8622],[121.0775,24.8635],[121.0887,24.8667],[121.1007,24.8698],[121.1113,24.8702],[121.1199,24.8754],[121.1331,24.8797],[121.1411,24.8815]]]],[[[[121.1518,24.8438],[121.1609,24.8374],[121.1731,24.8338],[121.1807,24.8258],[121.1965,24.8178],[121.2031,24.8149],[121.2069,24.807],[121.2189,24.8084],[121.227,24.8021],[121.2476,24.8027],[121.256,24.7934],[121.2655,24.7805],[121.2925,24.7653],[121.2692,24.7585],[121.2372,24.7437],[121.2069,24.7265],[121.1962,24.7317],[121.1968,24.7433],[121.1849,24.7391],[121.1797,24.7464],[121.172,24.7511],[121.1609,24.7556],[121.1482,24.76],[121.1387,24.7656],[121.1244,24.7667],[121.1153,24.7769],[121.1093,24.7903],[121.1134,24.8048],[121.1106,24.8126],[121.1098,24.817],[121.1087,24.8253],[121.1054,24.8319],[121.1069,24.8337],[121.1153,24.8315],[121.1205,24.8324],[121.1261,24.8359],[121.1352,24.8369],[121.1434,24.8373],[121.1504,24.8371],[121.1461,24.8424],[121.1518,24.8438]]]],[[[[121.0505,24.9386],[121.0586,24.9352],[121.0592,24.9277],[121.0606,24.9204],[121.059,24.9085],[121.0624,24.9046],[121.0722,24.8996],[121.0842,24.8984],[121.0933,24.8935],[121.1055,24.8964],[121.1107,24.8936],[121.1081,24.8867],[121.1147,24.8826],[121.1216,24.8786],[121.1131,24.8756],[121.1114,24.8698],[121.1045,24.8712],[121.0997,24.8688],[121.0905,24.8685],[121.0856,24.8653],[121.0779,24.8637],[121.0726,24.8634],[121.0651,24.8615],[121.0596,24.8598],[121.054,24.8576],[121.0492,24.8562],[121.0448,24.8525],[121.04,24.8513],[121.0343,24.8536],[121.0213,24.8532],[121.012,24.8538],[120.9959,24.8608],[120.9989,24.8716],[121.0077,24.8802],[121.0149,24.8856],[121.0203,24.8946],[121.0228,24.9038],[121.0276,24.9149],[121.0358,24.9265],[121.0455,24.942],[121.0505,24.9386]]]],[[[[121.0571,24.8149],[121.0631,24.8143],[121.068,24.8116],[121.0727,24.8087],[121.0741,24.8029],[121.0801,24.8005],[121.0826,24.7947],[121.0891,24.7919],[121.0943,24.7942],[121.1,24.7941],[121.1084,24.7924],[121.1131,24.7838],[121.1173,24.7761],[121.1199,24.7665],[121.1309,24.7662],[121.1399,24.7658],[121.1462,24.7618],[121.1525,24.7586],[121.15,24.7506],[121.1489,24.7437],[121.1468,24.7393],[121.1454,24.7345],[121.1418,24.7318],[121.1345,24.7321],[121.1273,24.7302],[121.1251,24.7247],[121.1143,24.7267],[121.1047,24.7419],[121.0875,24.7528],[121.0842,24.7584],[121.0791,24.7658],[121.0739,24.7739],[121.0664,24.7787],[121.062,24.7849],[121.0648,24.7884],[121.0602,24.7929],[121.0592,24.799],[121.0615,24.8049],[121.0561,24.8087],[121.0522,24.8138],[121.0571,24.8149]]]],[[[[121.1542,24.7568],[121.1633,24.755],[121.1703,24.7523],[121.1735,24.7469],[121.1794,24.7468],[121.1802,24.7413],[121.1866,24.74],[121.1936,24.7441],[121.1956,24.7391],[121.1962,24.7324],[121.2007,24.7277],[121.2022,24.7217],[121.1984,24.7154],[121.1925,24.7108],[121.1926,24.704],[121.18,24.697],[121.1606,24.6828],[121.1531,24.6741],[121.1482,24.6693],[121.1426,24.6651],[121.1347,24.6624],[121.1286,24.656],[121.124,24.6596],[121.1163,24.6688],[121.1059,24.6662],[121.1004,24.6735],[121.1036,24.6841],[121.1032,24.698],[121.0999,24.7089],[121.1071,24.7312],[121.1165,24.7256],[121.1258,24.7259],[121.1272,24.7304],[121.1342,24.7318],[121.1402,24.7316],[121.1435,24.7353],[121.1479,24.7386],[121.1481,24.7428],[121.1505,24.7473],[121.1521,24.7541],[121.1542,24.7568]]]],[[[[121.071,24.7303],[121.0718,24.7264],[121.0695,24.7206],[121.0731,24.7146],[121.0798,24.7132],[121.0845,24.7079],[121.0874,24.702],[121.0905,24.6952],[121.0937,24.6886],[121.0894,24.683],[121.0852,24.6756],[121.0863,24.6684],[121.0875,24.6609],[121.0897,24.6539],[121.0918,24.6486],[121.0936,24.6394],[121.0873,24.6323],[121.0787,24.6256],[121.0708,24.614],[121.0631,24.6205],[121.0555,24.618],[121.0492,24.6188],[121.0445,24.6252],[121.0466,24.633],[121.0479,24.6418],[121.0396,24.6482],[121.0426,24.6575],[121.0454,24.6649],[121.0414,24.6686],[121.0348,24.6721],[121.0385,24.6814],[121.035,24.688],[121.0381,24.6949],[121.0414,24.7029],[121.037,24.7107],[121.0415,24.7169],[121.0487,24.7182],[121.0531,24.7233],[121.058,24.7286],[121.0636,24.7302],[121.071,24.7303]]]],[[[[121.1518,24.6719],[121.1556,24.6672],[121.1727,24.6612],[121.1876,24.6414],[121.2006,24.6214],[121.2163,24.6034],[121.2058,24.5863],[121.1973,24.5675],[121.201,24.5444],[121.2001,24.5258],[121.198,24.5087],[121.1845,24.5064],[121.1706,24.5041],[121.1527,24.5064],[121.1386,24.5076],[121.121,24.5084],[121.1059,24.5007],[121.0893,24.4987],[121.0717,24.5004],[121.0686,24.5121],[121.0724,24.5264],[121.0792,24.5359],[121.0745,24.5482],[121.0614,24.5565],[121.0669,24.5612],[121.0744,24.5757],[121.0821,24.5889],[121.0807,24.6011],[121.076,24.6092],[121.0729,24.6193],[121.084,24.6308],[121.0904,24.6353],[121.0993,24.6409],[121.1098,24.6482],[121.1169,24.6481],[121.1257,24.6484],[121.1286,24.656],[121.1347,24.6624],[121.143,24.6651],[121.1488,24.6699],[121.1518,24.6719]]]],[[[[120.9537,24.8815],[120.9619,24.8801],[120.9695,24.8747],[120.9764,24.8709],[120.9823,24.8634],[120.9882,24.8623],[120.9969,24.8602],[121.012,24.8538],[121.022,24.8487],[121.0241,24.8424],[121.0273,24.8395],[121.027,24.8328],[121.0303,24.8294],[121.0364,24.8276],[121.0397,24.823],[121.0467,24.8206],[121.0554,24.8185],[121.0551,24.8167],[121.056,24.8148],[121.0537,24.8115],[121.0585,24.8074],[121.0615,24.8017],[121.0585,24.7957],[121.0596,24.7907],[121.0665,24.7846],[121.0555,24.79],[121.0448,24.7953],[121.0362,24.7994],[121.0283,24.8008],[121.019,24.8054],[121.0124,24.8115],[121.0057,24.8182],[120.9947,24.8233],[120.9849,24.8298],[120.9729,24.8306],[120.9603,24.8329],[120.9471,24.8401],[120.9369,24.8517],[120.9336,24.8619],[120.943,24.8722],[120.9537,24.8815]]]],[[[[121.0401,24.9439],[121.0457,24.9436],[121.0431,24.9365],[121.0373,24.9283],[121.0323,24.9204],[121.0278,24.9159],[121.0252,24.9104],[121.0228,24.9038],[121.021,24.8989],[121.02,24.8936],[121.0178,24.8879],[121.0131,24.8843],[121.0105,24.8823],[121.0061,24.8785],[121.0005,24.8733],[120.9966,24.869],[120.9914,24.8636],[120.9871,24.8628],[120.9838,24.8615],[120.9799,24.8653],[120.9765,24.8697],[120.9741,24.8735],[120.9695,24.8747],[120.966,24.8779],[120.9607,24.88],[120.956,24.8809],[120.9508,24.8813],[120.9591,24.9035],[120.9813,24.9395],[120.9899,24.936],[120.9937,24.9387],[121.0022,24.94],[121.0053,24.9444],[121.0081,24.9453],[121.0123,24.9443],[121.017,24.9417],[121.0214,24.9414],[121.0265,24.9423],[121.0309,24.9439],[121.0373,24.9462],[121.0401,24.9439]]]],[[[[121.0018,24.7769],[121.0133,24.7711],[121.0188,24.7615],[121.0269,24.7575],[121.0353,24.748],[121.0438,24.7526],[121.0523,24.7517],[121.0628,24.7457],[121.0658,24.7384],[121.0697,24.7315],[121.0615,24.7304],[121.0544,24.7249],[121.0491,24.7187],[121.0411,24.7159],[121.0327,24.7093],[121.0225,24.7104],[121.0136,24.708],[121.0069,24.7104],[120.9997,24.7146],[120.9933,24.7178],[120.9855,24.7108],[120.9782,24.7165],[120.9748,24.7123],[120.9677,24.7105],[120.9606,24.709],[120.9532,24.7041],[120.9478,24.7108],[120.9397,24.7084],[120.936,24.7145],[120.9388,24.7224],[120.9409,24.7284],[120.9421,24.7376],[120.9483,24.7452],[120.9567,24.7452],[120.9603,24.7503],[120.9677,24.7575],[120.9746,24.7648],[120.9834,24.7675],[120.9869,24.7711],[120.9917,24.779],[121.0018,24.7769]]]],[[[[121.2944,24.7638],[121.3052,24.7461],[121.3076,24.7204],[121.3061,24.6938],[121.3374,24.6811],[121.3531,24.6676],[121.3523,24.6447],[121.3649,24.6274],[121.3639,24.6076],[121.3833,24.5893],[121.4067,24.5846],[121.4077,24.57],[121.3952,24.5543],[121.3984,24.5349],[121.3914,24.5237],[121.3812,24.5098],[121.3705,24.4978],[121.3425,24.4819],[121.3278,24.4614],[121.3095,24.4357],[121.2894,24.4309],[121.2598,24.4338],[121.2581,24.4597],[121.2362,24.4828],[121.2186,24.4983],[121.217,24.5148],[121.2005,24.5247],[121.1944,24.5548],[121.2051,24.5862],[121.2113,24.6141],[121.188,24.642],[121.1595,24.6681],[121.1521,24.6725],[121.1648,24.6905],[121.1922,24.7033],[121.1951,24.7134],[121.2029,24.7218],[121.2139,24.7336],[121.2467,24.7454],[121.2762,24.7586],[121.2944,24.7638]]]]]}},{"type":"Feature","properties":{"county":"嘉義市","countyCode":"10020"},"geometry":{"type":"MultiPolygon","coordinates":[[[[[120.4476,23.5182],[120.4547,23.5159],[120.4566,23.5111],[120.4621,23.5024],[120.4689,23.4993],[120.4733,23.5066],[120.4826,23.5051],[120.4846,23.5009],[120.4845,23.495],[120.4886,23.492],[120.4968,23.4904],[120.501,23.4884],[120.5037,23.4848],[120.503,23.4809],[120.5067,23.4773],[120.5092,23.4721],[120.5062,23.47],[120.5034,23.4672],[120.5001,23.4641],[120.4989,23.4588],[120.4968,23.4551],[120.4898,23.4522],[120.4813,23.4588],[120.4718,23.4619],[120.4646,23.4583],[120.463,23.4553],[120.4583,23.4535],[120.4558,23.4508],[120.4525,23.4445],[120.4508,23.448],[120.448,23.4615],[120.451,23.4739],[120.448,23.4858],[120.4501,23.4926],[120.44,23.5014],[120.4338,23.5112],[120.434,23.5159],[120.4372,23.5142],[120.4417,23.5148],[120.4451,23.518],[120.4476,23.5182]]]],[[[[120.4355,23.5088],[120.444,23.5016],[120.4501,23.4926],[120.4477,23.4867],[120.4496,23.4799],[120.4518,23.4711],[120.4473,23.4617],[120.4511,23.4496],[120.4501,23.4437],[120.4445,23.4419],[120.4393,23.4399],[120.4385,23.4413],[120.4363,23.4436],[120.4378,23.4447],[120.437,23.4464],[120.4349,23.4495],[120.4302,23.4523],[120.4241,23.4614],[120.4132,23.4621],[120.4101,23.4647],[120.4041,23.4634],[120.3994,23.463],[120.3942,23.4664],[120.3982,23.4704],[120.3987,23.4749],[120.3989,23.4785],[120.3963,23.4805],[120.3935,23.483],[120.3947,23.4907],[120.3892,23.495],[120.3897,23.4988],[120.3942,23.5007],[120.4008,23.501],[120.4066,23.5044],[120.4079,23.502],[120.411,23.4987],[120.416,23.5044],[120.423,23.5062],[120.4268,23.5089],[120.4336,23.5095],[120.4355,23.5088]]]]]}},{"type":"Feature","properties":{"county":"嘉義縣","countyCode":"10010"},"geometry":{"type":"MultiPolygon","coordinates":[[[[[120.3884,23.5153],[120.3924,23.5067],[120.4054,23.5112],[120.3979,23.4995],[120.394,23.4887],[120.3986,23.4744],[120.3858,23.4613],[120.3785,23.4644],[120.37,23.4632],[120.3608,23.4636],[120.3564,23.4564],[120.3503,23.4506],[120.3547,23.4417],[120.3556,23.4333],[120.3486,23.4309],[120.3409,23.43],[120.3332,23.4315],[120.3268,23.4349],[120.3194,23.437],[120.3117,23.4382],[120.3022,23.4362],[120.2931,23.4346],[120.2908,23.4415],[120.2915,23.4497],[120.2946,23.4669],[120.2902,23.4781],[120.304,23.4786],[120.3152,23.485],[120.3187,23.4919],[120.3137,23.5003],[120.323,23.503],[120.3329,23.5082],[120.3433,23.5059],[120.3518,23.5066],[120.3578,23.5132],[120.3651,23.5131],[120.3682,23.5047],[120.3738,23.5032],[120.3786,23.5088],[120.3832,23.5153],[120.3884,23.5153]]]],[[[[120.477,23.4619],[120.5019,23.4527],[120.5226,23.451],[120.541,23.4533],[120.5595,23.4501],[120.5735,23.4461],[120.5867,23.4412],[120.5944,23.4358],[120.5991,23.4268],[120.603,23.4172],[120.6031,23.4066],[120.6031,23.3968],[120.6014,23.3865],[120.5987,23.3751],[120.5921,23.3681],[120.5841,23.362],[120.5728,23.3607],[120.5626,23.3541],[120.5532,23.3445],[120.5404,23.3392],[120.5242,23.339],[120.5046,23.3463],[120.5123,23.3588],[120.5046,23.3682],[120.4897,23.3719],[120.4901,23.3828],[120.4973,23.3943],[120.4972,23.4042],[120.4866,23.4088],[120.4817,23.4128],[120.4806,23.4215],[120.4886,23.4259],[120.4923,23.4333],[120.4831,23.4395],[120.4716,23.4413],[120.4637,23.432],[120.4529,23.428],[120.4434,23.4338],[120.4396,23.4387],[120.4573,23.4528],[120.477,23.4619]]]],[[[[120.6347,23.4948],[120.6381,23.4872],[120.6422,23.4722],[120.6474,23.4595],[120.6702,23.4501],[120.6609,23.4117],[120.6541,23.4],[120.6478,23.3946],[120.6428,23.3824],[120.6463,23.3673],[120.6361,23.3544],[120.6326,23.3414],[120.619,23.341],[120.6051,23.347],[120.592,23.3533],[120.5896,23.3659],[120.5979,23.3762],[120.6035,23.3922],[120.6031,23.4064],[120.6025,23.4219],[120.5939,23.4343],[120.5835,23.4425],[120.5639,23.45],[120.5385,23.4529],[120.5103,23.4516],[120.5007,23.4617],[120.5018,23.4809],[120.5125,23.4842],[120.5269,23.4809],[120.5331,23.4863],[120.5398,23.4874],[120.5437,23.4805],[120.5515,23.4711],[120.563,23.4705],[120.5726,23.4645],[120.5845,23.4615],[120.5966,23.4654],[120.6095,23.4658],[120.6163,23.4803],[120.6247,23.4919],[120.6347,23.4948]]]],[[[[120.4123,23.4644],[120.4361,23.448],[120.4387,23.4412],[120.4395,23.4335],[120.4461,23.4332],[120.4535,23.4275],[120.4627,23.43],[120.4688,23.4378],[120.4752,23.4419],[120.4846,23.4391],[120.4914,23.4338],[120.4925,23.4264],[120.4855,23.4245],[120.4792,23.4206],[120.4814,23.4132],[120.4844,23.4078],[120.4922,23.4059],[120.4982,23.4025],[120.496,23.3943],[120.4892,23.3924],[120.4787,23.3887],[120.4689,23.4003],[120.4547,23.4067],[120.4381,23.4134],[120.4279,23.4064],[120.4165,23.4102],[120.3813,23.4035],[120.3569,23.4057],[120.3536,23.4117],[120.3525,23.4144],[120.3579,23.4192],[120.3561,23.4288],[120.3544,23.435],[120.3518,23.444],[120.3528,23.453],[120.3571,23.4593],[120.3642,23.4625],[120.3743,23.4631],[120.3804,23.4586],[120.3989,23.4629],[120.4123,23.4644]]]],[[[[120.1519,23.3927],[120.1522,23.3916],[120.151,23.3922],[120.1512,23.3914],[120.1519,23.3911],[120.1524,23.3904],[120.1508,23.3893],[120.1501,23.3896],[120.1497,23.3914],[120.149,23.394],[120.1478,23.3982],[120.1466,23.3998],[120.1435,23.4039],[120.1418,23.4083],[120.1409,23.4111],[120.1409,23.412],[120.1413,23.4125],[120.1415,23.4124],[120.1419,23.4115],[120.1423,23.4103],[120.1428,23.4095],[120.1428,23.4093],[120.1429,23.4089],[120.1432,23.4083],[120.1434,23.4078],[120.1438,23.4061],[120.1443,23.405],[120.1465,23.402],[120.1495,23.3988],[120.1506,23.3965],[120.1517,23.3936],[120.1519,23.3927]]]],[[[[120.1369,23.4214],[120.1367,23.4213],[120.1363,23.4215],[120.1357,23.422],[120.1353,23.4227],[120.1351,23.4237],[120.1351,23.4243],[120.1353,23.425],[120.1355,23.4254],[120.1356,23.4255],[120.1358,23.4255],[120.1359,23.4254],[120.1359,23.4252],[120.1359,23.425],[120.1359,23.4248],[120.1358,23.4247],[120.1355,23.4245],[120.1355,23.4242],[120.1355,23.4238],[120.1358,23.4231],[120.1365,23.422],[120.1369,23.4215],[120.137,23.4214],[120.1369,23.4214]]]],[[[[120.1378,23.4347],[120.1377,23.4347],[120.1376,23.4347],[120.1375,23.4347],[120.1374,23.4348],[120.1371,23.435],[120.1368,23.4353],[120.1361,23.4358],[120.1359,23.4361],[120.1355,23.4364],[120.1354,23.4365],[120.1353,23.4367],[120.1352,23.4368],[120.1352,23.4369],[120.1353,23.4369],[120.1353,23.4369],[120.1354,23.4369],[120.1355,23.4368],[120.1356,23.4367],[120.1358,23.4365],[120.1361,23.4363],[120.1363,23.4361],[120.1367,23.4358],[120.137,23.4356],[120.1371,23.4355],[120.1372,23.4354],[120.1374,23.4351],[120.1375,23.435],[120.1376,23.4349],[120.1377,23.4348],[120.1378,23.4348],[120.1378,23.4347]]]],[[[[120.1428,23.4752],[120.1428,23.4752],[120.1428,23.4752],[120.1427,23.4752],[120.1427,23.4752],[120.1427,23.4752],[120.1427,23.4753],[120.1427,23.4753],[120.1426,23.4754],[120.1426,23.4754],[120.1426,23.4754],[120.1426,23.4754],[120.1427,23.4754],[120.1427,23.4754],[120.1427,23.4754],[120.1428,23.4754],[120.1428,23.4754],[120.1429,23.4754],[120.1429,23.4753],[120.1429,23.4752],[120.1429,23.4752],[120.1428,23.4752],[120.1428,23.4752]]]],[[[[120.1419,23.4759],[120.1419,23.4759],[120.1414,23.4761],[120.1412,23.4764],[120.1412,23.4765],[120.1412,23.4765],[120.1413,23.4765],[120.1414,23.4765],[120.1415,23.4765],[120.1419,23.4761],[120.142,23.4761],[120.142,23.476],[120.142,23.476],[120.1419,23.4759]]]],[[[[120.1405,23.477],[120.1404,23.477],[120.1402,23.477],[120.1402,23.477],[120.1402,23.477],[120.1399,23.4771],[120.1398,23.4771],[120.1398,23.4772],[120.1399,23.4772],[120.1399,23.4773],[120.1405,23.4772],[120.1405,23.4772],[120.1405,23.4771],[120.1405,23.4771],[120.1405,23.477]]]],[[[[120.148,23.4777],[120.1479,23.4777],[120.1479,23.4777],[120.1478,23.4777],[120.1478,23.4777],[120.1478,23.4778],[120.1479,23.4779],[120.1479,23.478],[120.1481,23.4782],[120.1481,23.4782],[120.1482,23.4782],[120.1482,23.4782],[120.1483,23.4784],[120.1483,23.4784],[120.1483,23.4784],[120.1484,23.4784],[120.1484,23.4783],[120.1483,23.4781],[120.148,23.4777]]]],[[[[120.149,23.4787],[120.1489,23.4787],[120.1484,23.4788],[120.1483,23.4788],[120.1483,23.4788],[120.1483,23.4789],[120.1484,23.479],[120.1484,23.4791],[120.1485,23.4791],[120.1485,23.4791],[120.1487,23.479],[120.149,23.4789],[120.149,23.4788],[120.149,23.4788],[120.149,23.4788],[120.149,23.4787],[120.149,23.4787]]]],[[[[120.1511,23.5185],[120.2015,23.5107],[120.2091,23.5045],[120.2163,23.4998],[120.2121,23.4975],[120.2108,23.4912],[120.2159,23.493],[120.2194,23.4914],[120.2151,23.4864],[120.223,23.4806],[120.2261,23.4698],[120.2263,23.4636],[120.22,23.4594],[120.2144,23.4569],[120.2084,23.4538],[120.1968,23.4494],[120.1979,23.4466],[120.2039,23.4431],[120.205,23.4375],[120.2067,23.4285],[120.2042,23.4219],[120.1987,23.4191],[120.1931,23.4202],[120.1892,23.4186],[120.1863,23.4234],[120.1812,23.4206],[120.1762,23.4169],[120.1745,23.4125],[120.1717,23.4119],[120.1705,23.4085],[120.1661,23.4048],[120.1538,23.3992],[120.1511,23.424],[120.1465,23.4375],[120.148,23.4538],[120.1447,23.4604],[120.1449,23.4735],[120.1486,23.4758],[120.1601,23.4917],[120.1234,23.4896],[120.1511,23.5185]]]],[[[[120.2773,23.4915],[120.2858,23.4852],[120.2901,23.4781],[120.2941,23.4652],[120.2917,23.4469],[120.2872,23.4468],[120.2836,23.4479],[120.2818,23.4501],[120.2729,23.4487],[120.267,23.4482],[120.2697,23.4328],[120.282,23.4316],[120.2796,23.4242],[120.2777,23.4204],[120.2736,23.422],[120.2662,23.4185],[120.2675,23.4112],[120.262,23.4069],[120.2595,23.4001],[120.2533,23.3957],[120.2448,23.3995],[120.2395,23.4054],[120.236,23.4121],[120.2374,23.4199],[120.2336,23.4225],[120.2319,23.4198],[120.2234,23.4207],[120.2186,23.4256],[120.2197,23.4325],[120.2206,23.4381],[120.2154,23.4418],[120.2084,23.4477],[120.2099,23.4539],[120.2174,23.4571],[120.2264,23.464],[120.2314,23.4676],[120.2436,23.4761],[120.2541,23.4752],[120.2619,23.4805],[120.267,23.489],[120.2773,23.4915]]]],[[[[120.493,23.6332],[120.5085,23.6225],[120.5125,23.6177],[120.5175,23.6113],[120.5235,23.6064],[120.5301,23.5995],[120.5324,23.594],[120.5297,23.5889],[120.5249,23.5846],[120.5299,23.5802],[120.5315,23.5735],[120.5345,23.567],[120.5306,23.5592],[120.5216,23.5582],[120.5155,23.5513],[120.5121,23.555],[120.5071,23.5549],[120.5003,23.559],[120.5002,23.5636],[120.4936,23.5676],[120.4865,23.5676],[120.4789,23.5712],[120.4731,23.5755],[120.4701,23.5798],[120.4633,23.5816],[120.4563,23.5822],[120.4496,23.5892],[120.4444,23.5943],[120.4337,23.5913],[120.4263,23.5955],[120.4261,23.5992],[120.4249,23.6058],[120.4164,23.6048],[120.409,23.602],[120.4058,23.6071],[120.4109,23.6138],[120.4127,23.6225],[120.4311,23.6191],[120.447,23.6297],[120.478,23.6311],[120.493,23.6332]]]],[[[[120.4484,23.5838],[120.458,23.5791],[120.4672,23.5818],[120.4709,23.5754],[120.4786,23.5718],[120.4869,23.5667],[120.4953,23.5653],[120.5024,23.5622],[120.5048,23.5564],[120.5124,23.5554],[120.5169,23.5516],[120.5141,23.5428],[120.5103,23.5454],[120.5053,23.545],[120.5039,23.5387],[120.4984,23.5342],[120.4975,23.528199999999998],[120.4954,23.5226],[120.4897,23.5134],[120.4852,23.5072],[120.4661,23.4989],[120.4481,23.5181],[120.434,23.5162],[120.4196,23.5057],[120.4067,23.5108],[120.3916,23.5068],[120.3903,23.5152],[120.3995,23.5169],[120.4001,23.5257],[120.3871,23.5316],[120.3748,23.5352],[120.3766,23.549],[120.3788,23.5541],[120.3847,23.5575],[120.3947,23.5653],[120.4084,23.5602],[120.4034,23.5705],[120.4164,23.574],[120.4274,23.5786],[120.4397,23.5794],[120.4484,23.5838]]]],[[[[120.4067,23.6251],[120.4136,23.6215],[120.4106,23.6136],[120.4057,23.6086],[120.407,23.6046],[120.411,23.602],[120.4163,23.6047],[120.4223,23.6057],[120.4278,23.6038],[120.4273,23.5987],[120.4268,23.5962],[120.43,23.5914],[120.4383,23.5923],[120.4456,23.5943],[120.4483,23.5901],[120.4544,23.5862],[120.4538,23.582],[120.4456,23.5848],[120.4398,23.5793],[120.4303,23.5792],[120.4256,23.5795],[120.4177,23.5763],[120.4107,23.5711],[120.4031,23.5704],[120.4057,23.5646],[120.4047,23.5605],[120.3964,23.5647],[120.3878,23.566],[120.3855,23.5719],[120.3771,23.5723],[120.3754,23.5757],[120.3757,23.5781],[120.3724,23.5804],[120.3692,23.5848],[120.3718,23.5893],[120.3717,23.5944],[120.3639,23.5947],[120.3663,23.6073],[120.3834,23.613],[120.3939,23.624],[120.4067,23.6251]]]],[[[[120.3671,23.5941],[120.373,23.5919],[120.3699,23.585],[120.3728,23.5805],[120.3734,23.5785],[120.3749,23.5727],[120.3841,23.5718],[120.3875,23.5654],[120.3855,23.5554],[120.3788,23.554],[120.3788,23.5483],[120.3748,23.5411],[120.3788,23.5344],[120.3887,23.5317],[120.4,23.5284],[120.4004,23.5189],[120.3976,23.514],[120.3895,23.5159],[120.3813,23.515],[120.3787,23.5077],[120.3731,23.5032],[120.3682,23.5048],[120.3654,23.5127],[120.3592,23.5134],[120.3526,23.5089],[120.3458,23.5059],[120.3357,23.5076],[120.3255,23.5057],[120.3148,23.5113],[120.3054,23.5135],[120.3083,23.52],[120.3088,23.5311],[120.3151,23.535],[120.3064,23.5383],[120.3088,23.543],[120.3083,23.5516],[120.3079,23.5574],[120.3106,23.5649],[120.3328,23.5787],[120.3606,23.5954],[120.3671,23.5941]]]],[[[[120.3045,23.5566],[120.3104,23.5561],[120.3087,23.5476],[120.3061,23.5408],[120.3089,23.5379],[120.3157,23.5345],[120.3088,23.5307],[120.3083,23.5209],[120.3054,23.5154],[120.3116,23.5117],[120.3203,23.5067],[120.3227,23.5028],[120.3153,23.5003],[120.3198,23.4953],[120.3166,23.4878],[120.313,23.4811],[120.3014,23.4787],[120.2902,23.4782],[120.288,23.4836],[120.2839,23.489],[120.2736,23.4912],[120.2632,23.4862],[120.2622,23.4796],[120.256,23.4778],[120.2498,23.4713],[120.2386,23.4741],[120.2305,23.4674],[120.2254,23.4766],[120.2171,23.4845],[120.2212,23.4888],[120.2182,23.4934],[120.2111,23.4905],[120.2122,23.4975],[120.2156,23.5003],[120.2068,23.5052],[120.2086,23.5099],[120.2456,23.5232],[120.2617,23.5357],[120.2811,23.546],[120.2977,23.5645],[120.3045,23.5566]]]],[[[[120.2422,23.403199999999998],[120.2449,23.3994],[120.2493,23.3974],[120.2567,23.3949],[120.2627,23.3929],[120.2679,23.3893],[120.2694,23.3829],[120.2686,23.3772],[120.2713,23.3735],[120.2765,23.3692],[120.2817,23.3664],[120.284,23.358],[120.2779,23.3477],[120.2635,23.3488],[120.264,23.3381],[120.2411,23.3271],[120.2281,23.3096],[120.2173,23.2944],[120.1986,23.2951],[120.1894,23.2907],[120.1736,23.3002],[120.1672,23.3099],[120.1716,23.3156],[120.18,23.3217],[120.179,23.331],[120.1774,23.3404],[120.1824,23.3482],[120.1891,23.3611],[120.1992,23.3693],[120.2012,23.3734],[120.2051,23.3761],[120.2116,23.3811],[120.2199,23.3784],[120.2257,23.382],[120.2284,23.3883],[120.2286,23.3957],[120.2322,23.4003],[120.2341,23.403],[120.2342,23.4064],[120.2396,23.4053],[120.2422,23.403199999999998]]]],[[[[120.2733,23.4481],[120.282,23.45],[120.2832,23.4477],[120.287,23.4456],[120.2903,23.4454],[120.2913,23.4399],[120.2956,23.4349],[120.3059,23.4364],[120.3142,23.4373],[120.3213,23.4358],[120.3297,23.4335],[120.3357,23.4292],[120.3439,23.4296],[120.3529,23.4305],[120.358,23.4331],[120.3562,23.4231],[120.3543,23.4176],[120.3498,23.4113],[120.3561,23.4098],[120.356,23.4026],[120.3359,23.3885],[120.3203,23.3852],[120.3105,23.3801],[120.2908,23.3727],[120.2789,23.3667],[120.2725,23.3736],[120.2689,23.3784],[120.2694,23.388],[120.2617,23.3932],[120.2594,23.3996],[120.2612,23.4058],[120.2677,23.4096],[120.2674,23.4172],[120.2711,23.4212],[120.2756,23.4183],[120.2806,23.4226],[120.2827,23.4255],[120.2793,23.4322],[120.2698,23.4374],[120.2687,23.4477],[120.2733,23.4481]]]],[[[[120.6074,23.5528],[120.62,23.5414],[120.632,23.5338],[120.6589,23.5277],[120.6901,23.5097],[120.7139,23.5003],[120.7008,23.4714],[120.6791,23.4548],[120.6521,23.4542],[120.6459,23.467],[120.6392,23.4796],[120.6428,23.4921],[120.6294,23.4981],[120.6191,23.4883],[120.6123,23.4756],[120.606,23.4674],[120.5934,23.4658],[120.5827,23.4624],[120.5717,23.4652],[120.5628,23.4702],[120.552,23.4714],[120.5444,23.4789],[120.5396,23.4857],[120.5353,23.488],[120.5296,23.4792],[120.5174,23.4815],[120.5022,23.4886],[120.4837,23.5056],[120.4912,23.5152],[120.4971,23.5265],[120.4989,23.5353],[120.505,23.5431],[120.5102,23.5442],[120.5194,23.5441],[120.5322,23.5488],[120.5487,23.5457],[120.5617,23.5442],[120.5687,23.5401],[120.5857,23.542],[120.5948,23.5479],[120.6074,23.5528]]]],[[[[120.5347,23.5962],[120.5417,23.5943],[120.5498,23.5938],[120.5575,23.5896],[120.5685,23.5879],[120.5804,23.5823],[120.5914,23.5851],[120.6024,23.5832],[120.6202,23.5853],[120.6375,23.592],[120.6479,23.5857],[120.6471,23.5767],[120.6636,23.577],[120.6802,23.5714],[120.7025,23.5756],[120.7164,23.5704],[120.7397,23.5662],[120.7319,23.5442],[120.7234,23.5172],[120.7133,23.5005],[120.6932,23.511],[120.6665,23.5205],[120.6469,23.5361],[120.6266,23.5375],[120.6172,23.5445],[120.6055,23.5516],[120.5946,23.5463],[120.5853,23.5422],[120.5704,23.5399],[120.5652,23.5434],[120.5554,23.5428],[120.54,23.5463],[120.5274,23.5484],[120.5178,23.5443],[120.517,23.5516],[120.5262,23.5606],[120.5349,23.5673],[120.5297,23.5772],[120.5249,23.5852],[120.5331,23.5914],[120.5347,23.5962]]]],[[[[120.6494,23.3588],[120.6578,23.3555],[120.6623,23.3423],[120.6558,23.3318],[120.6585,23.3233],[120.655,23.3079],[120.6532,23.2967],[120.6429,23.2885],[120.6405,23.2707],[120.6483,23.2487],[120.6506,23.236],[120.648,23.2262],[120.626,23.2284],[120.5968,23.2303],[120.5852,23.2234],[120.5653,23.221],[120.5426,23.227],[120.5215,23.2366],[120.5309,23.2558],[120.5221,23.2752],[120.526,23.2922],[120.5226,23.3118],[120.5399,23.328],[120.5383,23.338],[120.5472,23.3422],[120.5583,23.3492],[120.5651,23.3547],[120.5726,23.3604],[120.5815,23.3616],[120.5901,23.3584],[120.5925,23.3521],[120.5995,23.3473],[120.6076,23.3458],[120.6159,23.343],[120.6219,23.3405],[120.6304,23.3416],[120.6373,23.3444],[120.635,23.3532],[120.6411,23.361],[120.6463,23.3667],[120.6494,23.3588]]]],[[[[120.7584,23.6124],[120.8042,23.5979],[120.8222,23.5824],[120.8155,23.5539],[120.8203,23.5139],[120.8506,23.4724],[120.9249,23.4732],[120.9471,23.4639],[120.9216,23.459],[120.8895,23.4403],[120.8571,23.422],[120.8345,23.39],[120.803,23.366],[120.764,23.3418],[120.7408,23.3209],[120.7027,23.2952],[120.6563,23.2933],[120.6542,23.3054],[120.6585,23.3233],[120.6562,23.334],[120.6613,23.349],[120.6527,23.3576],[120.6461,23.3662],[120.6419,23.3765],[120.6421,23.3858],[120.6474,23.394],[120.6482,23.4014],[120.6543,23.4057],[120.6607,23.411],[120.6805,23.4419],[120.6863,23.4582],[120.6996,23.4714],[120.709,23.4893],[120.7225,23.5118],[120.7302,23.5343],[120.743,23.5528],[120.736,23.5719],[120.7336,23.5854],[120.7293,23.5987],[120.7407,23.6116],[120.7584,23.6124]]]],[[[[120.2106,23.4461],[120.2181,23.4406],[120.2215,23.4366],[120.2194,23.4305],[120.2183,23.4239],[120.2248,23.4219],[120.2337,23.42],[120.235,23.4228],[120.2367,23.4188],[120.2348,23.4105],[120.232,23.4033],[120.2305,23.3994],[120.2267,23.3897],[120.2236,23.3816],[120.2134,23.3806],[120.2032,23.3751],[120.1997,23.3693],[120.1851,23.3533],[120.1772,23.3405],[120.1806,23.326],[120.1715,23.3151],[120.1608,23.3106],[120.1486,23.3192],[120.1326,23.3297],[120.1188,23.3452],[120.1242,23.3571],[120.154,23.3861],[120.1574,23.3891],[120.1667,23.4052],[120.1706,23.4104],[120.1744,23.4124],[120.1775,23.4183],[120.1864,23.4224],[120.1898,23.4166],[120.196,23.4204],[120.205,23.4226],[120.2072,23.4342],[120.2039,23.4431],[120.1951,23.4479],[120.2068,23.4526],[120.2106,23.4461]]]]]}},{"type":"Feature","properties":{"county":"彰化縣","countyCode":"10007"},"geometry":{"type":"MultiPolygon","coordinates":[[[[[120.5751,23.8846],[120.5748,23.8799],[120.5764,23.8769],[120.5827,23.876],[120.5927,23.8783],[120.5956,23.8831],[120.6026,23.8812],[120.6085,23.8804],[120.6256,23.8737],[120.6218,23.8697],[120.6203,23.8651],[120.6233,23.861],[120.6258,23.8581],[120.6264,23.8554],[120.6246,23.8515],[120.62,23.8494],[120.6218,23.8466],[120.6195,23.8437],[120.6128,23.8392],[120.6043,23.8361],[120.5993,23.8377],[120.5962,23.8374],[120.598,23.8315],[120.6003,23.826],[120.6035,23.8209],[120.596,23.8193],[120.5802,23.8267],[120.5599,23.8464],[120.5677,23.8468],[120.5655,23.8561],[120.5548,23.8662],[120.5519,23.8731],[120.5533,23.8758],[120.5565,23.8751],[120.5579,23.8812],[120.5604,23.8835],[120.5646,23.8861],[120.5681,23.8887],[120.5746,23.8948],[120.5745,23.8884],[120.5751,23.8846]]]],[[[[120.5811,23.9234],[120.5928,23.9331],[120.6064,23.9342],[120.6165,23.9332],[120.6287,23.93],[120.6336,23.9274],[120.6374,23.9241],[120.6366,23.9198],[120.634,23.9176],[120.6347,23.9132],[120.6326,23.9115],[120.6323,23.91],[120.6328,23.9081],[120.6323,23.9052],[120.6324,23.9031],[120.6345,23.8995],[120.6328,23.8962],[120.6324,23.892],[120.6304,23.8898],[120.6296,23.8847],[120.6248,23.8771],[120.6064,23.88],[120.6017,23.8813],[120.5959,23.8832],[120.5926,23.8801],[120.5882,23.877],[120.579,23.8759],[120.5757,23.8776],[120.5748,23.8802],[120.5751,23.8846],[120.575,23.8906],[120.5748,23.8955],[120.5678,23.8893],[120.5647,23.9021],[120.5687,23.9061],[120.5674,23.9125],[120.5722,23.9143],[120.5771,23.9145],[120.5752,23.9221],[120.5753,23.9331],[120.5811,23.9234]]]],[[[[120.6076,23.9901],[120.6082,23.9863],[120.6111,23.9854],[120.6125,23.9847],[120.6161,23.9827],[120.6195,23.9769],[120.6211,23.9733],[120.6237,23.9689],[120.625,23.9652],[120.6274,23.9621],[120.6272,23.9592],[120.6285,23.9563],[120.6298,23.9552],[120.6341,23.9524],[120.6279,23.9525],[120.6328,23.9457],[120.6307,23.9447],[120.6347,23.9391],[120.6352,23.937],[120.6317,23.9327],[120.6206,23.9319],[120.6108,23.9342],[120.6017,23.9355],[120.5925,23.9283],[120.5807,23.9243],[120.5674,23.9351],[120.5613,23.9412],[120.5656,23.9502],[120.5632,23.9575],[120.5525,23.9615],[120.5442,23.9688],[120.5484,23.9748],[120.5549,23.9789],[120.5629,23.9796],[120.5647,23.9728],[120.5699,23.9739],[120.5763,23.9756],[120.5766,23.9787],[120.5893,23.9798],[120.5987,23.9851],[120.6076,23.9901]]]],[[[[120.5568,24.1126],[120.5839,24.1093],[120.608,24.1027],[120.6132,24.0976],[120.6237,24.0717],[120.6238,24.0536],[120.6217,24.046],[120.6139,24.0432],[120.6082,24.0439],[120.593,24.0379],[120.5895,24.0432],[120.5872,24.0481],[120.5827,24.0517],[120.5787,24.0539],[120.5751,24.0544],[120.5726,24.0563],[120.5683,24.0554],[120.5644,24.0538],[120.5609,24.0513],[120.5565,24.0494],[120.5522,24.0507],[120.5505,24.0535],[120.5455,24.0539],[120.5383,24.0542],[120.5337,24.053],[120.5226,24.0525],[120.5183,24.0544],[120.5119,24.0544],[120.5066,24.0534],[120.5046,24.0681],[120.5,24.0766],[120.5093,24.078],[120.5149,24.0842],[120.5189,24.0837],[120.527,24.0903],[120.537,24.0928],[120.5412,24.0998],[120.5436,24.1027],[120.5456,24.1076],[120.5479,24.1091],[120.5568,24.1126]]]],[[[[120.5246,24.1521],[120.5274,24.1345],[120.5362,24.125],[120.5475,24.1153],[120.5466,24.109],[120.5455,24.1074],[120.5442,24.1039],[120.5417,24.1009],[120.5412,24.0973],[120.5352,24.0922],[120.5268,24.0903],[120.5224,24.0842],[120.5128,24.0863],[120.5175,24.0798],[120.5071,24.0782],[120.5001,24.0767],[120.4932,24.0772],[120.4887,24.0808],[120.4896,24.0873],[120.4886,24.0909],[120.4885,24.094],[120.4859,24.0978],[120.4825,24.099],[120.478,24.1013],[120.4802,24.1029],[120.4787,24.1051],[120.4787,24.108],[120.481,24.1137],[120.4832,24.1186],[120.4861,24.1226],[120.4825,24.1298],[120.4819,24.1365],[120.484,24.1422],[120.4872,24.1378],[120.4959,24.1344],[120.5041,24.1383],[120.5054,24.1485],[120.506,24.1519],[120.5154,24.1595],[120.5206,24.1591],[120.5246,24.1521]]]],[[[[120.455,24.1457],[120.4599,24.147],[120.4659,24.1476],[120.4673,24.1449],[120.4742,24.1411],[120.4821,24.1397],[120.4818,24.1357],[120.4823,24.1315],[120.4831,24.1284],[120.4865,24.123],[120.4851,24.1203],[120.4832,24.1185],[120.4821,24.1161],[120.4806,24.1124],[120.4787,24.1094],[120.4785,24.107],[120.4783,24.1051],[120.4788,24.1036],[120.4799,24.1026],[120.4777,24.1029],[120.474,24.1029],[120.4705,24.1057],[120.4672,24.1067],[120.4644,24.1083],[120.4632,24.1093],[120.4663,24.1093],[120.4641,24.1139],[120.4608,24.1176],[120.4575,24.1193],[120.4564,24.1222],[120.451,24.1265],[120.4428,24.1259],[120.4341,24.1248],[120.4241,24.1239],[120.4087,24.1238],[120.3984,24.1237],[120.4082,24.1543],[120.4268,24.1744],[120.4407,24.1551],[120.4524,24.1463],[120.455,24.1457]]]],[[[[120.4566,24.2072],[120.5103,24.1825],[120.515,24.1712],[120.5183,24.1641],[120.5189,24.1614],[120.5171,24.1606],[120.5151,24.1592],[120.5131,24.1571],[120.5095,24.1526],[120.5043,24.1518],[120.5016,24.15],[120.5034,24.1485],[120.506,24.1482],[120.5059,24.1446],[120.5048,24.1406],[120.5039,24.1371],[120.5019,24.1325],[120.4979,24.1336],[120.4945,24.1348],[120.4919,24.1359],[120.4891,24.1371],[120.4865,24.1385],[120.4864,24.14],[120.4855,24.1417],[120.483,24.1417],[120.4774,24.1412],[120.4743,24.141],[120.4684,24.1427],[120.4666,24.1456],[120.4664,24.1472],[120.4655,24.1482],[120.461,24.1473],[120.4576,24.147],[120.4543,24.1459],[120.4507,24.1477],[120.4397,24.1559],[120.4327,24.1659],[120.4262,24.1797],[120.4379,24.1859],[120.4566,24.2072]]]],[[[[120.4979,24.0778],[120.5036,24.072],[120.5039,24.0593],[120.5065,24.0514],[120.5138,24.0531],[120.5188,24.0482],[120.5206,24.0397],[120.5217,24.0334],[120.5239,24.0307],[120.5245,24.0268],[120.526,24.0236],[120.5254,24.0215],[120.5264,24.0194],[120.5285,24.0181],[120.5317,24.018],[120.534,24.0143],[120.5332,24.0113],[120.5293,24.01],[120.5284,24.0066],[120.5258,24.0075],[120.527,24.0041],[120.5261,24.001],[120.5238,24.0001],[120.521,23.9987],[120.5166,23.9935],[120.5098,23.9934],[120.5018,23.9916],[120.5016,23.9938],[120.4961,24.0001],[120.4955,24.0064],[120.4954,24.0158],[120.483,24.0245],[120.4856,24.0279],[120.4903,24.0304],[120.485,24.0358],[120.4839,24.0439],[120.4797,24.054],[120.4817,24.0685],[120.4898,24.0747],[120.4943,24.0771],[120.4979,24.0778]]]],[[[[120.5726,24.056],[120.5755,24.0537],[120.5802,24.0528],[120.5851,24.051],[120.587,24.0451],[120.592,24.0404],[120.5937,24.0341],[120.5954,24.0288],[120.5975,24.0216],[120.6021,24.0142],[120.6023,24.0103],[120.5952,24.0104],[120.5889,24.0089],[120.5814,24.0067],[120.5738,24.0047],[120.566,24.0036],[120.5569,24.0025],[120.5535,24.006],[120.5483,24.0083],[120.5431,24.0108],[120.5371,24.0135],[120.5334,24.0152],[120.5296,24.0175],[120.5264,24.0191],[120.5255,24.0219],[120.5256,24.0253],[120.5241,24.0297],[120.5217,24.0334],[120.5206,24.0443],[120.5175,24.0524],[120.5222,24.0537],[120.5333,24.0528],[120.5381,24.0542],[120.5458,24.054],[120.5507,24.0529],[120.5537,24.0508],[120.5579,24.0494],[120.5633,24.052],[120.5663,24.0547],[120.5708,24.0563],[120.5726,24.056]]]],[[[[120.6258,24.0461],[120.6241,24.0327],[120.6369,24.0292],[120.6463,24.0269],[120.6467,24.0338],[120.6636,24.0249],[120.678,24.0129],[120.6703,24.0098],[120.6677,24.0069],[120.6504,24.0084],[120.6424,24.0089],[120.6381,24.0071],[120.6365,23.9951],[120.6466,23.9883],[120.6464,23.9738],[120.6469,23.9634],[120.64,23.9557],[120.6339,23.9543],[120.6257,23.9591],[120.6276,23.9619],[120.6239,23.9672],[120.6222,23.9721],[120.6195,23.9762],[120.6164,23.9831],[120.6111,23.9871],[120.6094,23.9863],[120.6095,23.9901],[120.6098,23.9931],[120.6093,23.9954],[120.6085,23.999],[120.6048,24.0049],[120.6045,24.0087],[120.6018,24.0147],[120.5976,24.0211],[120.595,24.028199999999998],[120.595,24.0331],[120.5928,24.0378],[120.6078,24.0439],[120.6133,24.0431],[120.6211,24.046],[120.6258,24.0461]]]],[[[[120.473,23.9836],[120.4767,23.9802],[120.4785,23.9796],[120.485,23.9745],[120.4993,23.9744],[120.5067,23.9754],[120.512,23.9775],[120.5139,23.9748],[120.5107,23.9724],[120.5114,23.9682],[120.5152,23.9649],[120.5156,23.9612],[120.5152,23.9568],[120.5124,23.954],[120.5124,23.9498],[120.5132,23.9464],[120.5112,23.9425],[120.5088,23.9384],[120.5067,23.9343],[120.5031,23.9323],[120.5017,23.9308],[120.4985,23.93],[120.4951,23.927],[120.4938,23.9249],[120.4906,23.9232],[120.4847,23.9202],[120.4788,23.921],[120.4745,23.9218],[120.4664,23.9319],[120.4555,23.9403],[120.4515,23.9497],[120.4459,23.9588],[120.4555,23.9612],[120.4604,23.9641],[120.4638,23.9668],[120.4655,23.9694],[120.4658,23.9735],[120.466,23.9784],[120.4679,23.9832],[120.473,23.9836]]]],[[[[120.5374,24.0135],[120.5428,24.0111],[120.5472,24.0082],[120.5526,24.0074],[120.5544,24.0024],[120.5616,24.0031],[120.5686,24.0041],[120.576,24.0056],[120.5823,24.0072],[120.5889,24.009],[120.5944,24.0109],[120.6002,24.0099],[120.6045,24.0089],[120.6045,24.0051],[120.6092,23.9986],[120.6092,23.996],[120.6102,23.9936],[120.6108,23.9906],[120.6005,23.9864],[120.5894,23.9798],[120.5764,23.978],[120.573,23.9746],[120.5663,23.9731],[120.5629,23.9793],[120.5539,23.9782],[120.5446,23.9763],[120.5369,23.9718],[120.5298,23.9774],[120.517,23.978],[120.5076,23.984],[120.5064,23.9903],[120.5133,23.9927],[120.5194,23.9961],[120.5238,23.9991],[120.526,24.0009],[120.5269,24.0042],[120.5257,24.0079],[120.5288,24.0073],[120.5299,24.011],[120.5351,24.0129],[120.5374,24.0135]]]],[[[[120.4443,24.0239],[120.4488,24.022],[120.4519,24.0192],[120.4563,24.0165],[120.4596,24.0144],[120.464,24.013],[120.4697,24.0127],[120.4748,24.0121],[120.479,24.0124],[120.4828,24.0109],[120.4917,24.0095],[120.4949,24.0027],[120.4992,23.9961],[120.5024,23.9938],[120.5012,23.992],[120.505,23.9911],[120.5067,23.9879],[120.5073,23.9848],[120.5121,23.9795],[120.5084,23.9769],[120.497,23.9742],[120.4802,23.9776],[120.478,23.978],[120.4741,23.9828],[120.4663,23.9816],[120.466,23.9753],[120.4655,23.9699],[120.4636,23.9665],[120.4592,23.9627],[120.4518,23.9645],[120.4382,23.9686],[120.4284,23.9733],[120.4241,23.9798],[120.417,23.9892],[120.4166,23.9972],[120.4294,24.0091],[120.4283,24.0141],[120.4353,24.0208],[120.4385,24.0234],[120.4421,24.0257],[120.4443,24.0239]]]],[[[[120.5135,23.9792],[120.5171,23.9782],[120.5231,23.9773],[120.5306,23.9775],[120.5334,23.9756],[120.5385,23.9712],[120.5428,23.9732],[120.5464,23.9757],[120.5455,23.9713],[120.5458,23.9643],[120.5532,23.9611],[120.5613,23.9591],[120.5635,23.9541],[120.5656,23.9502],[120.561,23.9429],[120.5615,23.938],[120.5559,23.9368],[120.5514,23.933],[120.5433,23.9343],[120.538,23.9297],[120.5333,23.9336],[120.5286,23.9375],[120.5223,23.9363],[120.5171,23.9363],[120.5189,23.9318],[120.5178,23.9304],[120.5129,23.9304],[120.5103,23.9309],[120.5081,23.9327],[120.5089,23.9385],[120.5122,23.9437],[120.5129,23.9475],[120.5122,23.9512],[120.5136,23.9562],[120.5157,23.9604],[120.5151,23.9647],[120.5113,23.9683],[120.5109,23.9732],[120.5147,23.9759],[120.5113,23.9803],[120.5135,23.9792]]]],[[[[120.5638,23.9375],[120.5684,23.9345],[120.5722,23.9279],[120.5752,23.9222],[120.5764,23.9185],[120.5768,23.9145],[120.574,23.9143],[120.5707,23.9141],[120.5681,23.9128],[120.5669,23.91],[120.5689,23.9057],[120.5661,23.9039],[120.5605,23.9029],[120.5572,23.8996],[120.5516,23.9075],[120.5467,23.9042],[120.5384,23.9051],[120.5333,23.9111],[120.5245,23.9144],[120.5157,23.9136],[120.5114,23.9173],[120.5022,23.9227],[120.4981,23.9251],[120.494,23.927],[120.4985,23.93],[120.5015,23.9318],[120.5045,23.9334],[120.5087,23.9336],[120.5102,23.9308],[120.5128,23.9304],[120.518,23.9302],[120.5186,23.9318],[120.518,23.9369],[120.5252,23.9368],[120.5312,23.9367],[120.534,23.9319],[120.5413,23.931],[120.5466,23.9334],[120.5538,23.935],[120.5586,23.9376],[120.5638,23.9375]]]],[[[[120.6264,23.8409],[120.6255,23.8376],[120.63,23.8373],[120.6306,23.8346],[120.6283,23.832],[120.6247,23.8297],[120.6309,23.8314],[120.6385,23.8315],[120.6372,23.8297],[120.6382,23.8263],[120.6368,23.8248],[120.6388,23.8219],[120.6439,23.8182],[120.6522,23.8126],[120.6622,23.8153],[120.6696,23.8182],[120.6788,23.8164],[120.6799,23.8058],[120.6817,23.8016],[120.6697,23.7961],[120.6559,23.7902],[120.6414,23.7857],[120.6281,23.79],[120.6102,23.7912],[120.5843,23.793],[120.582,23.8033],[120.5885,23.8104],[120.5922,23.8118],[120.5955,23.8131],[120.5995,23.8165],[120.6039,23.8201],[120.6013,23.826],[120.5991,23.831],[120.5975,23.8357],[120.5971,23.8377],[120.6024,23.8379],[120.6064,23.8359],[120.6167,23.8399],[120.6201,23.8412],[120.6221,23.8387],[120.6264,23.8409]]]],[[[[120.4093,23.9988],[120.4206,23.9849],[120.4247,23.9762],[120.4367,23.9691],[120.4499,23.9523],[120.4583,23.9374],[120.4478,23.9303],[120.4473,23.9162],[120.4438,23.9052],[120.4411,23.8947],[120.4481,23.8862],[120.4477,23.8766],[120.4367,23.876],[120.4284,23.8791],[120.4126,23.888],[120.4066,23.8868],[120.4027,23.8774],[120.4014,23.87],[120.3844,23.8634],[120.3747,23.8634],[120.3689,23.8557],[120.3663,23.8535],[120.3622,23.8556],[120.3562,23.8553],[120.3534,23.8589],[120.3484,23.8668],[120.3471,23.8861],[120.3545,23.8955],[120.3619,23.9004],[120.3616,23.9094],[120.3652,23.9179],[120.3691,23.9227],[120.3783,23.9248],[120.3828,23.9323],[120.3819,23.9443],[120.3842,23.948],[120.3967,23.9509],[120.4027,23.971],[120.4022,23.9818],[120.4085,23.9981],[120.4093,23.9988]]]],[[[[120.4701,23.9275],[120.4754,23.9182],[120.481,23.9053],[120.4903,23.899],[120.496,23.8973],[120.5004,23.8931],[120.4997,23.8825],[120.5025,23.8753],[120.5073,23.8702],[120.5014,23.8676],[120.4942,23.8664],[120.486,23.8676],[120.4858,23.8602],[120.4879,23.8549],[120.4828,23.8508],[120.4822,23.858],[120.4768,23.8577],[120.4753,23.8526],[120.4735,23.8455],[120.4699,23.8371],[120.4689,23.8323],[120.4675,23.8295],[120.4645,23.8256],[120.4595,23.8341],[120.4578,23.8383],[120.4463,23.8483],[120.4474,23.8559],[120.4453,23.8615],[120.4427,23.868],[120.4425,23.8742],[120.4474,23.8757],[120.4451,23.885],[120.4475,23.8868],[120.4453,23.8921],[120.4415,23.8989],[120.4438,23.9058],[120.4461,23.9117],[120.4465,23.9188],[120.4458,23.9299],[120.4665,23.9313],[120.4701,23.9275]]]],[[[[120.3794,24.0277],[120.3827,24.0242],[120.3847,24.0208],[120.3861,24.0166],[120.3882,24.0133],[120.3899,24.0107],[120.391,24.0069],[120.3965,24.0042],[120.4014,24.0032],[120.4056,24.0002],[120.4081,23.9973],[120.4019,23.9831],[120.4018,23.975],[120.4,23.9605],[120.3925,23.9525],[120.3842,23.948],[120.3818,23.9465],[120.3824,23.9362],[120.3819,23.9283],[120.3773,23.9247],[120.3709,23.9231],[120.3642,23.9206],[120.3626,23.914],[120.363,23.9069],[120.3613,23.9004],[120.3535,23.8987],[120.3494,23.8909],[120.3438,23.8786],[120.3303,23.8793],[120.3234,23.879],[120.3239,23.8882],[120.3137,23.8941],[120.3065,23.8906],[120.2946,23.8966],[120.2777,23.906],[120.2607,23.9183],[120.2903,23.9582],[120.3299,24.0115],[120.3747,24.0365],[120.3786,24.0292],[120.3794,24.0277]]]],[[[[120.2974,23.8954],[120.3066,23.8924],[120.3106,23.8891],[120.3144,23.8939],[120.3187,23.8916],[120.321,23.8852],[120.3223,23.88],[120.3256,23.8784],[120.3308,23.8795],[120.3392,23.8777],[120.3416,23.8701],[120.35,23.865],[120.3518,23.8596],[120.3548,23.8594],[120.3551,23.8562],[120.3567,23.8552],[120.3597,23.8563],[120.3624,23.8555],[120.3642,23.8547],[120.3662,23.8522],[120.366,23.8491],[120.3702,23.8446],[120.3776,23.8422],[120.3728,23.8406],[120.3752,23.8286],[120.3574,23.8228],[120.3389,23.8222],[120.3087,23.8203],[120.2896,23.8251],[120.266,23.8312],[120.2519,23.8359],[120.2403,23.8442],[120.2295,23.855],[120.2236,23.8693],[120.2503,23.8907],[120.2607,23.9183],[120.2711,23.9104],[120.2814,23.9037],[120.2918,23.898],[120.2974,23.8954]]]],[[[[120.413,23.8868],[120.4241,23.881],[120.429,23.8789],[120.4326,23.8781],[120.4393,23.8756],[120.4426,23.8712],[120.4446,23.8648],[120.4454,23.8614],[120.4469,23.8574],[120.4445,23.8522],[120.4513,23.8429],[120.4579,23.8372],[120.4579,23.834],[120.4551,23.8266],[120.4527,23.8171],[120.4462,23.8211],[120.4399,23.8265],[120.4333,23.8301],[120.4184,23.827],[120.403,23.827],[120.3817,23.8286],[120.3716,23.8403],[120.3772,23.8421],[120.3715,23.8446],[120.3659,23.8488],[120.3662,23.8522],[120.3666,23.855],[120.3684,23.8539],[120.3697,23.8571],[120.371,23.8625],[120.3786,23.8635],[120.3836,23.8623],[120.3886,23.8633],[120.3997,23.8659],[120.4036,23.8733],[120.4004,23.8763],[120.403,23.8805],[120.4015,23.8852],[120.4094,23.8899],[120.4126,23.8898],[120.413,23.8868]]]],[[[[120.5083,23.8708],[120.5114,23.867],[120.5144,23.8639],[120.5195,23.8631],[120.5224,23.8557],[120.5276,23.8488],[120.5311,23.8446],[120.5343,23.8445],[120.5341,23.8525],[120.5406,23.8515],[120.5452,23.8477],[120.5498,23.8458],[120.5528,23.845],[120.5556,23.8441],[120.5605,23.8415],[120.5748,23.8327],[120.5869,23.8241],[120.5975,23.8196],[120.6007,23.8179],[120.5966,23.8138],[120.5951,23.8127],[120.5922,23.8116],[120.5892,23.8106],[120.5846,23.8064],[120.5828,23.8003],[120.5787,23.7951],[120.5562,23.7999],[120.5389,23.8012],[120.5276,23.7991],[120.4873,23.8058],[120.4552,23.8248],[120.4599,23.8333],[120.4677,23.8291],[120.4688,23.8338],[120.4745,23.8467],[120.4765,23.8577],[120.4808,23.8533],[120.4862,23.8564],[120.486,23.8677],[120.4985,23.8673],[120.5083,23.8708]]]],[[[[120.4463,24.1265],[120.4569,24.1211],[120.4601,24.118],[120.4655,24.1109],[120.4628,24.1093],[120.4673,24.1072],[120.4728,24.1042],[120.478,24.1012],[120.4825,24.099],[120.4858,24.0979],[120.4887,24.0941],[120.4885,24.0914],[120.4901,24.088],[120.4885,24.082],[120.4922,24.0781],[120.4906,24.0743],[120.4798,24.0706],[120.4797,24.0573],[120.479,24.0467],[120.4714,24.0486],[120.4662,24.0516],[120.4592,24.0522],[120.4496,24.0531],[120.441,24.0535],[120.44,24.0462],[120.4452,24.0412],[120.4404,24.0432],[120.4324,24.0497],[120.4247,24.0555],[120.4171,24.0566],[120.4068,24.0582],[120.3586,24.0559],[120.3645,24.0813],[120.38,24.0941],[120.3835,24.0996],[120.3906,24.1092],[120.3949,24.1148],[120.4082,24.1238],[120.4311,24.1244],[120.4445,24.1266],[120.4463,24.1265]]]],[[[[120.415,24.0578],[120.4246,24.0555],[120.4332,24.0487],[120.4415,24.0426],[120.4448,24.0424],[120.4414,24.0486],[120.4459,24.0537],[120.4549,24.0522],[120.4644,24.0518],[120.4707,24.049],[120.4787,24.0466],[120.4836,24.0492],[120.4856,24.0412],[120.4858,24.035],[120.4915,24.0289],[120.4827,24.0274],[120.4845,24.0235],[120.4944,24.0129],[120.4958,24.0055],[120.4875,24.0106],[120.479,24.0124],[120.4726,24.013],[120.4639,24.013],[120.4592,24.0164],[120.452,24.0195],[120.4463,24.0239],[120.4419,24.0241],[120.4354,24.0221],[120.4276,24.0131],[120.4247,23.9938],[120.4075,23.9994],[120.401,24.0031],[120.3931,24.0061],[120.3897,24.0107],[120.3877,24.0152],[120.3848,24.0207],[120.3819,24.0258],[120.3766,24.0318],[120.3633,24.0564],[120.4075,24.0584],[120.415,24.0578]]]],[[[[120.5016,23.8939],[120.5111,23.8923],[120.5163,23.8896],[120.5198,23.8881],[120.5268,23.8833],[120.5323,23.8843],[120.5354,23.8849],[120.538,23.8849],[120.5407,23.8847],[120.5428,23.8838],[120.545,23.8826],[120.5461,23.8804],[120.5469,23.8781],[120.5474,23.8754],[120.5476,23.872],[120.5532,23.8702],[120.556,23.8646],[120.5632,23.8578],[120.5707,23.8522],[120.5664,23.8473],[120.5596,23.8484],[120.558,23.842],[120.5555,23.8441],[120.5531,23.845],[120.5504,23.8456],[120.5475,23.8467],[120.5424,23.8504],[120.5376,23.8523],[120.5322,23.8525],[120.5352,23.8422],[120.5311,23.8448],[120.5277,23.8486],[120.5219,23.8544],[120.5214,23.8608],[120.5162,23.8645],[120.5117,23.8644],[120.514,23.87],[120.5069,23.8714],[120.5015,23.8804],[120.5003,23.8942],[120.5016,23.8939]]]],[[[[120.4982,23.9251],[120.5052,23.9193],[120.5135,23.9148],[120.525,23.9141],[120.5379,23.908],[120.5444,23.9014],[120.5519,23.9073],[120.5584,23.9024],[120.5646,23.9029],[120.5671,23.8913],[120.5699,23.8852],[120.5648,23.8861],[120.5598,23.8848],[120.5606,23.8825],[120.5579,23.8813],[120.5571,23.8769],[120.5559,23.8746],[120.5535,23.8757],[120.552,23.8754],[120.5536,23.8714],[120.5483,23.8707],[120.5476,23.8739],[120.5472,23.8771],[120.5466,23.8793],[120.5456,23.8818],[120.5433,23.8836],[120.5412,23.8846],[120.5383,23.8849],[120.5355,23.885],[120.5321,23.8844],[120.5265,23.8832],[120.5192,23.8882],[120.5155,23.8902],[120.5094,23.893],[120.4986,23.8963],[120.4901,23.8998],[120.474,23.9139],[120.4786,23.9211],[120.4894,23.9204],[120.4939,23.925],[120.4982,23.9251]]]]]}},{"type":"Feature","properties":{"county":"臺中市","countyCode":"66000"},"geometry":{"type":"MultiPolygon","coordinates":[[[[[120.5125,24.2297],[120.5278,24.2203],[120.5467,24.2179],[120.55029999999999,24.2169],[120.5538,24.2118],[120.5535,24.2054],[120.5589,24.2044],[120.5614,24.2034],[120.5622,24.2027],[120.5644,24.2016],[120.5655,24.1975],[120.5672,24.1959],[120.5697,24.1954],[120.5729,24.196],[120.5752,24.1973],[120.579,24.1963],[120.582,24.1948],[120.5864,24.193],[120.5961,24.1867],[120.5876,24.1854],[120.5875,24.178],[120.5763,24.1755],[120.5705,24.1747],[120.571,24.1702],[120.5661,24.1715],[120.5637,24.1727],[120.5593,24.173],[120.5571,24.1736],[120.5515,24.1715],[120.5482,24.171],[120.5426,24.1707],[120.5386,24.1716],[120.5379,24.1728],[120.5303,24.1756],[120.4943,24.1946],[120.4608,24.2156],[120.4656,24.215],[120.48779999999999,24.247],[120.5006,24.2354],[120.5125,24.2297]]]],[[[[120.6332,24.2593],[120.6419,24.2482],[120.6413,24.2437],[120.6458,24.2451],[120.6483,24.247],[120.6621,24.2474],[120.6694,24.2456],[120.6759,24.2405],[120.675,24.2394],[120.6746,24.2376],[120.6746,24.2355],[120.6745,24.2334],[120.6766,24.234],[120.6784,24.2373],[120.6805,24.2383],[120.6816,24.2384],[120.6813,24.2339],[120.6793,24.2302],[120.6772,24.2247],[120.6731,24.2185],[120.6782,24.2158],[120.6748,24.2094],[120.6687,24.2032],[120.6649,24.2031],[120.6634,24.2071],[120.6552,24.2081],[120.6497,24.2081],[120.646,24.2042],[120.6397,24.204],[120.636,24.2021],[120.625,24.2073],[120.6163,24.2095],[120.6071,24.2116],[120.598,24.2177],[120.6011,24.2263],[120.6032,24.233],[120.6054,24.2386],[120.6158,24.236],[120.6242,24.2445],[120.6332,24.2593]]]],[[[[120.5937,24.2664],[120.5996,24.267],[120.6087,24.2661],[120.6292,24.2564],[120.6241,24.2443],[120.6169,24.2356],[120.6059,24.2392],[120.6044,24.2364],[120.6029,24.2307],[120.6002,24.2252],[120.5972,24.2159],[120.5908,24.1985],[120.5879,24.193],[120.5824,24.1947],[120.5793,24.1961],[120.5752,24.1973],[120.5727,24.1958],[120.5695,24.1952],[120.5666,24.1959],[120.5653,24.1989],[120.5637,24.2028],[120.5616,24.2028],[120.5596,24.2044],[120.5568,24.2053],[120.5557,24.2089],[120.5514,24.2168],[120.547,24.2168],[120.5473,24.22],[120.5478,24.2214],[120.549,24.2255],[120.5481,24.2288],[120.5489,24.2308],[120.5538,24.2363],[120.5569,24.2402],[120.559,24.2434],[120.5572,24.2535],[120.5724,24.2604],[120.5762,24.2617],[120.5843,24.2685],[120.5937,24.2664]]]],[[[[120.5174,24.2839],[120.5255,24.277],[120.5312,24.2733],[120.5417,24.2625],[120.5454,24.2615],[120.5616,24.2579],[120.5571,24.2531],[120.5556,24.2481],[120.559,24.2434],[120.5579,24.2416],[120.5571,24.2406],[120.5561,24.239],[120.5547,24.2374],[120.5532,24.2354],[120.5515,24.2337],[120.5486,24.2303],[120.549,24.2297],[120.5481,24.2288],[120.5482,24.2274],[120.549,24.2264],[120.5482,24.2232],[120.5482,24.2227],[120.5477,24.2212],[120.5476,24.2206],[120.5473,24.2198],[120.5468,24.2185],[120.5463,24.2182],[120.5289,24.222],[120.5273,24.2204],[120.513,24.2259],[120.5123,24.2297],[120.5044,24.2327],[120.4969,24.2385],[120.4909,24.2439],[120.4905,24.2553],[120.4889,24.2563],[120.4982,24.2639],[120.5083,24.2839],[120.5162,24.2848],[120.5174,24.2839]]]],[[[[120.731,24.2821],[120.761,24.2787],[120.7639,24.2734],[120.7644,24.2675],[120.7676,24.2655],[120.7688,24.261],[120.7687,24.2573],[120.7687,24.2514],[120.7727,24.2486],[120.7746,24.2432],[120.7679,24.242],[120.7674,24.2362],[120.7722,24.2325],[120.7716,24.2277],[120.7703,24.2208],[120.7609,24.2187],[120.7527,24.2209],[120.738,24.2249],[120.7343,24.2212],[120.7278,24.2194],[120.7231,24.2216],[120.7196,24.2294],[120.7139,24.2306],[120.7136,24.2315],[120.7118,24.231],[120.7122,24.2352],[120.7102,24.2363],[120.7029,24.228],[120.6984,24.224],[120.6972,24.2307],[120.6984,24.2324],[120.6982,24.2386],[120.6992,24.2493],[120.703,24.2535],[120.7135,24.2564],[120.7125,24.2592],[120.7079,24.2666],[120.7079,24.2701],[120.7095,24.2726],[120.7126,24.274],[120.731,24.2821]]]],[[[[120.7654,24.3255],[120.7779,24.3205],[120.7869,24.3184],[120.7976,24.3163],[120.8154,24.3087],[120.8262,24.2961],[120.8385,24.2893],[120.8629,24.2915],[120.9025,24.2922],[120.8965,24.284],[120.8881,24.2789],[120.8824,24.2721],[120.8786,24.2646],[120.8795,24.2583],[120.8789,24.2493],[120.8794,24.2434],[120.8836,24.2331],[120.8937,24.2238],[120.8976,24.2176],[120.8977,24.2079],[120.8938,24.2052],[120.8852,24.2031],[120.8798,24.1941],[120.8671,24.1792],[120.8678,24.1703],[120.8684,24.167],[120.8499,24.1596],[120.8314,24.1908],[120.8241,24.2379],[120.8214,24.2551],[120.8114,24.2764],[120.7934,24.2816],[120.7774,24.2839],[120.7528,24.2797],[120.7562,24.289],[120.7646,24.2921],[120.7645,24.3001],[120.7647,24.3068],[120.7631,24.3146],[120.759,24.3201],[120.7654,24.3255]]]],[[[[120.7282,24.3529],[120.7345,24.3479],[120.7422,24.3419],[120.7486,24.3362],[120.7552,24.3313],[120.7626,24.3262],[120.7588,24.3219],[120.7587,24.319],[120.7615,24.3163],[120.7636,24.3131],[120.7645,24.3092],[120.763,24.3048],[120.7638,24.3011],[120.7659,24.2992],[120.7661,24.2941],[120.7635,24.2907],[120.7586,24.2906],[120.753,24.2877],[120.7481,24.2848],[120.731,24.2821],[120.6892,24.2847],[120.6587,24.2916],[120.6492,24.3058],[120.6509,24.3149],[120.6632,24.316],[120.675,24.3175],[120.6913,24.3234],[120.6977,24.3267],[120.7042,24.3325],[120.7145,24.331],[120.7156,24.3362],[120.7146,24.3373],[120.7153,24.3396],[120.7188,24.3403],[120.7175,24.3421],[120.7172,24.343],[120.7184,24.345],[120.7183,24.3475],[120.7175,24.3503],[120.7232,24.3546],[120.7282,24.3529]]]],[[[[120.6813,24.2853],[120.7125,24.2772],[120.7118,24.2744],[120.7095,24.2726],[120.7095,24.2709],[120.708,24.2692],[120.709,24.2658],[120.7114,24.262],[120.714,24.2578],[120.7088,24.2557],[120.7034,24.2542],[120.7015,24.2518],[120.6988,24.2462],[120.6981,24.239],[120.6991,24.2349],[120.6972,24.2317],[120.691,24.2289],[120.691,24.2339],[120.6855,24.2341],[120.6827,24.234],[120.6812,24.238],[120.6803,24.2383],[120.6781,24.2365],[120.6755,24.2332],[120.6746,24.2347],[120.6744,24.2373],[120.675,24.2394],[120.6757,24.2409],[120.6692,24.2452],[120.6517,24.2498],[120.6466,24.2455],[120.6427,24.2434],[120.642,24.2483],[120.6319,24.2622],[120.6441,24.2724],[120.6398,24.2787],[120.6366,24.2866],[120.6408,24.2952],[120.6437,24.2986],[120.67,24.2886],[120.6813,24.2853]]]],[[[[120.792,24.2699],[120.802,24.2646],[120.8073,24.2585],[120.8166,24.2463],[120.826,24.2279],[120.8362,24.1735],[120.891,24.1666],[120.8919,24.156],[120.8837,24.1537],[120.8847,24.1391],[120.8962,24.1388],[120.8947,24.1293],[120.8967,24.1171],[120.8871,24.0959],[120.8789,24.0854],[120.8809,24.102],[120.8738,24.1153],[120.8571,24.1189],[120.8537,24.1245],[120.841,24.1202],[120.8317,24.1261],[120.8328,24.1417],[120.8221,24.1454],[120.811,24.1476],[120.8048,24.1554],[120.8022,24.1706],[120.7996,24.1795],[120.7999,24.1991],[120.7806,24.2111],[120.7715,24.2234],[120.7721,24.2329],[120.7677,24.2419],[120.7779,24.2423],[120.7806,24.2497],[120.7829,24.247],[120.7859,24.2521],[120.7896,24.252],[120.8016,24.2458],[120.8018,24.2552],[120.7951,24.2623],[120.792,24.2699]]]],[[[[120.7751,24.2843],[120.7878,24.2832],[120.8028,24.2807],[120.8118,24.2759],[120.8186,24.2634],[120.8235,24.2467],[120.8195,24.2412],[120.8163,24.247],[120.8111,24.2534],[120.8068,24.2591],[120.806,24.2618],[120.8011,24.2653],[120.7968,24.2679],[120.7913,24.2703],[120.7933,24.2669],[120.7955,24.2615],[120.8002,24.2595],[120.8017,24.2545],[120.8024,24.2512],[120.7996,24.2462],[120.7922,24.2501],[120.7897,24.2524],[120.7859,24.2542],[120.7864,24.2514],[120.7841,24.2478],[120.7824,24.2472],[120.7825,24.2502],[120.7802,24.2494],[120.7797,24.2451],[120.7778,24.2417],[120.774,24.245],[120.7715,24.2497],[120.7679,24.2519],[120.7687,24.2574],[120.7687,24.2607],[120.7693,24.2648],[120.7662,24.2673],[120.7628,24.2707],[120.7627,24.2748],[120.7619,24.281],[120.7751,24.2843]]]],[[[[120.6576,24.3621],[120.6913,24.3607],[120.7099,24.3572],[120.7179,24.3525],[120.7172,24.3488],[120.718,24.3465],[120.7183,24.3447],[120.7171,24.3429],[120.7175,24.342],[120.7191,24.3408],[120.7156,24.3399],[120.7144,24.3377],[120.715,24.3364],[120.7153,24.3348],[120.7137,24.3316],[120.7024,24.3328],[120.697,24.3265],[120.6916,24.3236],[120.6781,24.3181],[120.6688,24.3162],[120.6565,24.3151],[120.6502,24.3087],[120.6474,24.3013],[120.6252,24.3135],[120.6097,24.3156],[120.6123,24.328],[120.6137,24.3303],[120.6142,24.3317],[120.6161,24.3333],[120.6209,24.3359],[120.6258,24.3369],[120.6282,24.3376],[120.6329,24.3397],[120.6364,24.3465],[120.6395,24.3458],[120.6417,24.3468],[120.646,24.3512],[120.6457,24.3535],[120.6477,24.3555],[120.6508,24.3577],[120.6576,24.3621]]]],[[[[120.5334,24.1748],[120.5381,24.1727],[120.5407,24.171],[120.5438,24.1717],[120.5501,24.1709],[120.5537,24.1711],[120.5581,24.1736],[120.5626,24.1726],[120.5654,24.1718],[120.5696,24.1705],[120.5708,24.1727],[120.5731,24.1757],[120.5832,24.1736],[120.583,24.1673],[120.5786,24.1591],[120.5745,24.1515],[120.5759,24.1465],[120.581,24.1436],[120.5842,24.1399],[120.5865,24.1366],[120.5868,24.1327],[120.5884,24.1294],[120.584,24.1237],[120.5829,24.1211],[120.5851,24.1196],[120.5864,24.1181],[120.5847,24.1134],[120.5818,24.111],[120.5747,24.1087],[120.558,24.1125],[120.5504,24.1137],[120.5451,24.1169],[120.5383,24.1245],[120.5327,24.1264],[120.5281,24.1332],[120.5238,24.1415],[120.5248,24.1515],[120.5221,24.1563],[120.519,24.1631],[120.5141,24.1733],[120.5334,24.1748]]]],[[[[120.6282,24.4381],[120.636,24.43],[120.6431,24.4203],[120.6457,24.4129],[120.6497,24.4095],[120.6537,24.4078],[120.6582,24.4066],[120.6691,24.3943],[120.6784,24.3872],[120.691,24.3718],[120.7073,24.3587],[120.6558,24.3626],[120.6468,24.3552],[120.6458,24.3508],[120.6394,24.3459],[120.6329,24.3397],[120.6259,24.3369],[120.6163,24.3334],[120.6137,24.3305],[120.6105,24.3203],[120.5897,24.3195],[120.5941,24.331],[120.5956,24.3345],[120.5969,24.3362],[120.5937,24.3412],[120.5975,24.3436],[120.6013,24.3397],[120.6022,24.3413],[120.6032,24.3468],[120.609,24.3492],[120.6064,24.3523],[120.6042,24.3555],[120.6052,24.3565],[120.6055,24.3589],[120.6081,24.3613],[120.6108,24.365],[120.6123,24.3723],[120.6334,24.3766],[120.6139,24.3954],[120.6186,24.4342],[120.6282,24.4381]]]],[[[[120.637,24.3794],[120.6142,24.3748],[120.6121,24.3723],[120.6127,24.3687],[120.6106,24.3623],[120.6055,24.3607],[120.6059,24.3589],[120.6056,24.3579],[120.6048,24.3568],[120.6041,24.3559],[120.6066,24.3531],[120.6064,24.3513],[120.6089,24.3493],[120.6106,24.3481],[120.6026,24.3435],[120.6022,24.3413],[120.6017,24.3397],[120.6009,24.3417],[120.5974,24.3436],[120.5952,24.3422],[120.5953,24.3386],[120.5967,24.3358],[120.595,24.335],[120.5947,24.3329],[120.5928,24.3296],[120.5842,24.3253],[120.5733,24.332],[120.5458,24.3349],[120.5591,24.3526],[120.5603,24.356],[120.5622,24.3589],[120.5623,24.3607],[120.5651,24.3638],[120.5657,24.364],[120.5683,24.3665],[120.5672,24.3665],[120.5692,24.3681],[120.5812,24.3868],[120.6141,24.3953],[120.6364,24.3803],[120.637,24.3794]]]],[[[[120.5654,24.3325],[120.5757,24.332],[120.5822,24.3298],[120.5866,24.3234],[120.5909,24.3188],[120.597,24.3153],[120.6038,24.3154],[120.611,24.3153],[120.6222,24.3151],[120.6319,24.3094],[120.6428,24.2983],[120.6412,24.2961],[120.6408,24.2951],[120.6375,24.2884],[120.6366,24.2865],[120.6365,24.2849],[120.641,24.2784],[120.6452,24.2741],[120.644,24.2722],[120.6427,24.2704],[120.6308,24.262],[120.614,24.2627],[120.6034,24.2655],[120.5995,24.267],[120.5956,24.2665],[120.5854,24.2681],[120.5816,24.2652],[120.5756,24.2621],[120.5727,24.2614],[120.5652,24.2581],[120.5465,24.2612],[120.5328,24.2682],[120.5255,24.277],[120.5122,24.2871],[120.5106,24.2923],[120.5113,24.2929],[120.5141,24.2949],[120.5194,24.3129],[120.5229,24.3144],[120.5581,24.3336],[120.5654,24.3325]]]],[[[[120.6575,24.0864],[120.6734,24.0796],[120.7005,24.0795],[120.7271,24.0786],[120.7366,24.0801],[120.7434,24.0786],[120.749,24.0771],[120.7545,24.0749],[120.7627,24.0702],[120.7784,24.0607],[120.7847,24.0544],[120.7883,24.0525],[120.7927,24.0458],[120.7944,24.0379],[120.7928,24.0324],[120.7873,24.0301],[120.7849,24.027],[120.7842,24.0241],[120.7814,24.0222],[120.7732,24.0156],[120.771,24.0119],[120.7674,24.009],[120.7578,24.0056],[120.756,24.0037],[120.7528,24.0026],[120.7486,24.0009],[120.7402,24.0042],[120.6779,24.0145],[120.663,24.0251],[120.6496,24.0396],[120.6587,24.0419],[120.6621,24.0455],[120.66,24.0525],[120.6622,24.0578],[120.6598,24.0628],[120.6558,24.0645],[120.6531,24.0686],[120.6508,24.0761],[120.6487,24.0867],[120.6545,24.0882],[120.6575,24.0864]]]],[[[[120.7042,24.1249],[120.701,24.1144],[120.7036,24.1114],[120.711,24.1106],[120.7138,24.1097],[120.7103,24.1043],[120.7154,24.1024],[120.7215,24.0993],[120.7312,24.0947],[120.7348,24.0953],[120.7368,24.0948],[120.7397,24.0949],[120.7412,24.0928],[120.7413,24.0904],[120.7405,24.0861],[120.7367,24.0838],[120.7352,24.085],[120.7314,24.0815],[120.7269,24.0785],[120.7155,24.0811],[120.7007,24.0796],[120.6913,24.0723],[120.6747,24.0787],[120.662,24.0816],[120.6565,24.0863],[120.6542,24.0882],[120.6585,24.0944],[120.6619,24.0971],[120.6582,24.1],[120.6581,24.1023],[120.659,24.1037],[120.6577,24.1046],[120.6615,24.1097],[120.6688,24.1125],[120.6719,24.1121],[120.6739,24.1168],[120.6795,24.1176],[120.6852,24.1211],[120.6923,24.124],[120.7005,24.125],[120.7042,24.1249]]]],[[[[120.685,24.1295],[120.6847,24.122],[120.6836,24.1187],[120.6815,24.1183],[120.6793,24.1174],[120.677,24.1178],[120.6739,24.1168],[120.672,24.1156],[120.6717,24.1126],[120.6716,24.1112],[120.6699,24.1116],[120.6678,24.1127],[120.6635,24.1121],[120.6615,24.1097],[120.6614,24.1067],[120.6581,24.1049],[120.657,24.1048],[120.6572,24.1063],[120.6578,24.1076],[120.6566,24.1075],[120.6549,24.1076],[120.6529,24.1076],[120.651,24.1072],[120.65,24.1118],[120.6446,24.1114],[120.6455,24.1126],[120.6457,24.1144],[120.647,24.1151],[120.6472,24.1165],[120.6467,24.1185],[120.6445,24.1187],[120.6521,24.126],[120.6549,24.1333],[120.662,24.1301],[120.663,24.1293],[120.6647,24.1294],[120.666,24.1294],[120.6745,24.1322],[120.6838,24.1326],[120.685,24.1295]]]],[[[[120.5909,24.1381],[120.5997,24.1302],[120.6097,24.1254],[120.618,24.1243],[120.626,24.1122],[120.6366,24.1129],[120.6444,24.1188],[120.6455,24.1141],[120.6522,24.1074],[120.6573,24.1064],[120.6588,24.1034],[120.6583,24.0999],[120.659,24.0948],[120.6479,24.0913],[120.6521,24.0821],[120.6511,24.0723],[120.653,24.0671],[120.6563,24.0639],[120.6602,24.0611],[120.6625,24.0577],[120.6608,24.0535],[120.6608,24.047],[120.6587,24.0446],[120.6552,24.0405],[120.6518,24.0285],[120.6453,24.0302],[120.6418,24.0274],[120.634,24.0311],[120.6255,24.0348],[120.6258,24.0458],[120.6257,24.0569],[120.6217,24.0725],[120.6132,24.0962],[120.609,24.1021],[120.5951,24.1049],[120.5821,24.1115],[120.586,24.1181],[120.5831,24.1213],[120.5884,24.1297],[120.5865,24.1373],[120.5909,24.1381]]]],[[[[120.6808,24.1469],[120.6812,24.1467],[120.6814,24.1466],[120.6819,24.1462],[120.6822,24.146],[120.6819,24.1453],[120.6817,24.1449],[120.6818,24.1445],[120.6829,24.1437],[120.6835,24.1431],[120.6851,24.143],[120.6857,24.1433],[120.6858,24.1432],[120.6858,24.1401],[120.686,24.1379],[120.6858,24.1375],[120.6857,24.1369],[120.684,24.1361],[120.6824,24.1355],[120.6812,24.1369],[120.6804,24.1376],[120.6778,24.1397],[120.6768,24.1406],[120.6758,24.1415],[120.6747,24.1425],[120.6752,24.1448],[120.6752,24.1449],[120.6752,24.1451],[120.6775,24.1469],[120.6777,24.147],[120.6779,24.1469],[120.678,24.1468],[120.6781,24.1467],[120.6782,24.1469],[120.6784,24.1475],[120.6785,24.1478],[120.6789,24.1481],[120.6792,24.1482],[120.6808,24.1469]]]],[[[[120.6636,24.1605],[120.6648,24.1599],[120.6641,24.158],[120.6659,24.1537],[120.6688,24.1536],[120.6698,24.1541],[120.6707,24.154],[120.6718,24.1543],[120.6716,24.1534],[120.6722,24.1528],[120.6731,24.1522],[120.6734,24.1521],[120.6737,24.1516],[120.6745,24.1515],[120.6753,24.1513],[120.675,24.151],[120.6753,24.1505],[120.675,24.1498],[120.6751,24.1493],[120.6744,24.1481],[120.6739,24.147],[120.6739,24.1462],[120.6731,24.1462],[120.6755,24.1417],[120.6787,24.1389],[120.6815,24.1351],[120.6686,24.1297],[120.6659,24.1296],[120.6647,24.1293],[120.663,24.1293],[120.662,24.13],[120.6549,24.1353],[120.6551,24.145],[120.653,24.1491],[120.653,24.1546],[120.6578,24.1581],[120.6632,24.1634],[120.6636,24.1605]]]],[[[[120.5953,24.1634],[120.6013,24.165],[120.6132,24.1598],[120.6211,24.1571],[120.6229,24.1562],[120.6242,24.1546],[120.6259,24.1544],[120.6304,24.1576],[120.6335,24.159],[120.635,24.16],[120.6345,24.1577],[120.6345,24.1567],[120.635,24.1565],[120.636,24.1572],[120.6396,24.1547],[120.6468,24.1556],[120.6498,24.1438],[120.6548,24.1286],[120.6391,24.1153],[120.6367,24.1129],[120.6314,24.1096],[120.6268,24.112],[120.6193,24.1182],[120.6189,24.1238],[120.616,24.1248],[120.6122,24.125],[120.6075,24.1269],[120.6039,24.1283],[120.5983,24.1311],[120.5955,24.1343],[120.5907,24.1384],[120.5852,24.1389],[120.5821,24.1422],[120.5783,24.1449],[120.5744,24.148],[120.5744,24.1548],[120.5792,24.1608],[120.5834,24.1678],[120.5884,24.1695],[120.5932,24.1639],[120.5953,24.1634]]]],[[[[120.673,24.174],[120.6787,24.1731],[120.6794,24.1718],[120.6789,24.1689],[120.68,24.1685],[120.685,24.1675],[120.6884,24.1668],[120.689,24.1646],[120.6884,24.1627],[120.6925,24.1614],[120.7039,24.1584],[120.6981,24.1515],[120.6947,24.1524],[120.6917,24.152],[120.6907,24.1505],[120.6908,24.1486],[120.6904,24.1465],[120.6864,24.1457],[120.6832,24.1434],[120.682,24.1461],[120.6791,24.1482],[120.678,24.1468],[120.6752,24.1451],[120.6734,24.1462],[120.6742,24.1473],[120.6751,24.1493],[120.6753,24.1504],[120.6753,24.1512],[120.6742,24.1515],[120.6734,24.1522],[120.6721,24.1528],[120.6719,24.1542],[120.6702,24.1542],[120.6664,24.1537],[120.665,24.1589],[120.6634,24.1606],[120.6658,24.1676],[120.6669,24.1722],[120.6694,24.1735],[120.6721,24.1739],[120.673,24.174]]]],[[[[120.6009,24.2143],[120.6115,24.2105],[120.6195,24.2088],[120.6327,24.2048],[120.6366,24.2018],[120.6403,24.2037],[120.6459,24.2042],[120.6489,24.2073],[120.6541,24.2088],[120.6604,24.2072],[120.6646,24.2048],[120.6641,24.2012],[120.661,24.1969],[120.6584,24.1902],[120.6575,24.1868],[120.658,24.179],[120.6682,24.1783],[120.6685,24.1757],[120.6672,24.1733],[120.6656,24.1669],[120.6549,24.156],[120.6399,24.1547],[120.6359,24.1571],[120.6345,24.1558],[120.6346,24.1571],[120.6351,24.1598],[120.6335,24.159],[120.63,24.1574],[120.6252,24.1541],[120.6233,24.1565],[120.6212,24.1564],[120.6128,24.1599],[120.6001,24.1648],[120.5918,24.1649],[120.5849,24.1706],[120.5892,24.1785],[120.5899,24.1871],[120.5962,24.1902],[120.5894,24.1965],[120.5956,24.2121],[120.6009,24.2143]]]],[[[[120.7549,24.2185],[120.765,24.2168],[120.778,24.2118],[120.7927,24.2059],[120.8002,24.1978],[120.7975,24.1838],[120.7997,24.178],[120.8016,24.1732],[120.7998,24.1684],[120.7867,24.1677],[120.7727,24.1642],[120.7581,24.1578],[120.7446,24.1593],[120.7183,24.1598],[120.704,24.1629],[120.6886,24.1623],[120.687,24.1669],[120.679,24.1691],[120.6739,24.1739],[120.6672,24.1734],[120.6695,24.1771],[120.6576,24.185],[120.6596,24.1931],[120.6675,24.2022],[120.68,24.2034],[120.6905,24.2062],[120.6972,24.2007],[120.695,24.1952],[120.6994,24.1905],[120.7034,24.1886],[120.7053,24.1949],[120.7076,24.1979],[120.7117,24.1891],[120.7148,24.1891],[120.724,24.1909],[120.7306,24.1943],[120.7372,24.1995],[120.7459,24.2031],[120.7503,24.2081],[120.7516,24.2154],[120.7549,24.2185]]]],[[[[120.7118,24.2362],[120.7119,24.2338],[120.7121,24.231],[120.7139,24.2315],[120.7139,24.2306],[120.7194,24.2293],[120.7219,24.2221],[120.7267,24.2202],[120.7316,24.2192],[120.737,24.2241],[120.7407,24.2246],[120.7535,24.2191],[120.7487,24.2118],[120.7505,24.2051],[120.7427,24.203],[120.7375,24.1969],[120.7301,24.1934],[120.7239,24.1906],[120.7148,24.1895],[120.7115,24.1876],[120.7082,24.1962],[120.7053,24.1968],[120.7051,24.1904],[120.701,24.1874],[120.6984,24.1915],[120.6938,24.198],[120.6958,24.2033],[120.6895,24.206],[120.6799,24.2035],[120.6706,24.2065],[120.6783,24.2161],[120.6748,24.2233],[120.68,24.2301],[120.6872,24.2348],[120.69,24.2304],[120.6957,24.2313],[120.697,24.2302],[120.6987,24.2243],[120.703,24.2282],[120.7096,24.2361],[120.7118,24.2362]]]],[[[[120.6939,24.1525],[120.6952,24.1523],[120.6972,24.1517],[120.6987,24.1514],[120.7002,24.1507],[120.6995,24.1487],[120.7006,24.1459],[120.7033,24.1466],[120.7052,24.1483],[120.7065,24.1489],[120.7078,24.1495],[120.71,24.1499],[120.7114,24.1486],[120.712,24.1469],[120.7113,24.1431],[120.7103,24.1375],[120.7057,24.1279],[120.7021,24.125],[120.6997,24.1248],[120.6966,24.1247],[120.6927,24.1242],[120.6904,24.1245],[120.6867,24.1238],[120.6851,24.1218],[120.6836,24.1246],[120.6838,24.1326],[120.6856,24.1368],[120.686,24.138],[120.6858,24.1433],[120.6864,24.1457],[120.6882,24.1464],[120.6904,24.1465],[120.6905,24.1476],[120.6908,24.1486],[120.6913,24.1499],[120.6907,24.1505],[120.6906,24.1518],[120.6917,24.152],[120.6928,24.1526],[120.6939,24.1525]]]],[[[[120.8026,24.1695],[120.8054,24.157],[120.8066,24.1498],[120.8154,24.1448],[120.8237,24.142],[120.8329,24.1416],[120.8325,24.1276],[120.8358,24.1201],[120.8346,24.1132],[120.8346,24.1078],[120.8304,24.1028],[120.8284,24.0897],[120.8283,24.0782],[120.8209,24.0698],[120.8121,24.0664],[120.8077,24.065],[120.8056,24.06],[120.8034,24.0565],[120.8032,24.052],[120.8007,24.0488],[120.794,24.0428],[120.7886,24.0521],[120.7846,24.0554],[120.768,24.0645],[120.7552,24.0749],[120.7486,24.0772],[120.7408,24.0784],[120.7334,24.0826],[120.7409,24.0862],[120.7401,24.0947],[120.7335,24.0952],[120.7145,24.103],[120.7117,24.1105],[120.702,24.1209],[120.7086,24.1496],[120.7038,24.1577],[120.7154,24.1603],[120.7488,24.1621],[120.7691,24.1601],[120.7875,24.1676],[120.8026,24.1695]]]],[[[[121.3283,24.433],[121.3364,24.3927],[121.3674,24.3796],[121.4277,24.3824],[121.4323,24.3207],[121.3866,24.2841],[121.3532,24.2389],[121.3003,24.2364],[121.2868,24.2295],[121.2768,24.2355],[121.2448,24.2244],[121.1965,24.2231],[121.1551,24.2142],[121.1093,24.198],[121.0816,24.1756],[121.0581,24.1596],[121.0363,24.1546],[121.0076,24.1438],[120.992,24.1253],[120.9741,24.1193],[120.9056,24.1137],[120.8945,24.1321],[120.8848,24.1411],[120.8916,24.1562],[120.8684,24.167],[120.8774,24.1881],[120.8945,24.2059],[120.8959,24.2231],[120.8812,24.2449],[120.8785,24.2643],[120.892,24.2814],[120.9177,24.3303],[120.991,24.3298],[121.0523,24.2995],[121.0828,24.3223],[121.1219,24.3357],[121.1566,24.3595],[121.2231,24.3824],[121.2517,24.425],[121.2943,24.4324],[121.3283,24.433]]]]]}},{"type":"Feature","properties":{"county":"臺北市","countyCode":"63000"},"geometry":{"type":"MultiPolygon","coordinates":[[[[[121.541,25.0446],[121.5468,25.0452],[121.5511,25.0447],[121.554,25.0444],[121.5577,25.045],[121.5576,25.0406],[121.5575,25.0352],[121.5574,25.0325],[121.5571,25.0288],[121.5548,25.0264],[121.5539,25.0232],[121.5571,25.0202],[121.5601,25.0173],[121.5629,25.0136],[121.5638,25.0111],[121.5659,25.0081],[121.5633,25.008],[121.5613,25.0099],[121.5595,25.0113],[121.5581,25.0121],[121.5558,25.0116],[121.5548,25.0107],[121.5533,25.0091],[121.5513,25.0098],[121.5479,25.0093],[121.545,25.008],[121.5433,25.0085],[121.5391,25.0086],[121.5379,25.0084],[121.5371,25.0113],[121.5334,25.0157],[121.5299,25.019],[121.5273,25.0215],[121.5232,25.026],[121.5224,25.0315],[121.5244,25.0354],[121.5297,25.0338],[121.5328,25.0413],[121.5359,25.0448],[121.541,25.0446]]]],[[[[121.5971,25.0146],[121.5957,25.0074],[121.5993,25.003],[121.5997,24.9971],[121.5994,24.9929],[121.6018,24.9879],[121.6003,24.9827],[121.6015,24.9762],[121.6101,24.9742],[121.6153,24.9724],[121.62,24.9693],[121.6164,24.9671],[121.6104,24.9649],[121.6022,24.9613],[121.5948,24.9617],[121.588,24.9637],[121.5806,24.9654],[121.5744,24.9655],[121.5683,24.9641],[121.5618,24.9647],[121.5585,24.9686],[121.5554,24.9756],[121.5531,24.9813],[121.5527,24.9865],[121.55029999999999,24.9848],[121.5445,24.9842],[121.5422,24.988],[121.5368,24.9904],[121.5348,24.9946],[121.5317,24.9915],[121.531,24.9965],[121.5313,25.0006],[121.5339,25.0034],[121.5325,25.0071],[121.5391,25.0085],[121.5525,25.0089],[121.5601,25.0105],[121.5705,25.0109],[121.578,25.0139],[121.5889,25.0138],[121.5971,25.0146]]]],[[[[121.58,25.0495],[121.5805,25.0476],[121.5807,25.0454],[121.5826,25.0436],[121.5847,25.042],[121.5861,25.0416],[121.5874,25.0397],[121.5883,25.0383],[121.5895,25.0364],[121.5898,25.0341],[121.5916,25.0321],[121.5917,25.0305],[121.5898,25.0293],[121.588,25.028],[121.5865,25.0261],[121.5852,25.0243],[121.5846,25.0217],[121.5836,25.0188],[121.5811,25.0175],[121.5785,25.0151],[121.5772,25.014],[121.5751,25.0132],[121.5724,25.0136],[121.5718,25.0118],[121.57,25.0107],[121.5677,25.0089],[121.5653,25.0099],[121.5635,25.0124],[121.5605,25.0163],[121.5576,25.0198],[121.5537,25.0234],[121.5557,25.0273],[121.5574,25.0294],[121.5575,25.0342],[121.5576,25.038],[121.5577,25.0442],[121.56,25.0461],[121.5657,25.0483],[121.5716,25.0494],[121.5761,25.0494],[121.58,25.0495]]]],[[[[121.509,25.0483],[121.5098,25.0476],[121.5082,25.0422],[121.5066,25.0363],[121.5041,25.03],[121.5091,25.0249],[121.5124,25.0222],[121.5109,25.0218],[121.5089,25.0212],[121.5068,25.0194],[121.5047,25.0172],[121.5029,25.0151],[121.5008,25.0124],[121.4979,25.0104],[121.4952,25.0093],[121.4927,25.0095],[121.4912,25.0117],[121.4896,25.0132],[121.4891,25.0146],[121.4887,25.016],[121.4885,25.0171],[121.4886,25.0187],[121.4884,25.0199],[121.4884,25.021],[121.4888,25.0233],[121.4876,25.0261],[121.4871,25.0275],[121.4857,25.03],[121.4844,25.0329],[121.4836,25.0357],[121.4846,25.0384],[121.4863,25.0403],[121.4886,25.0423],[121.4911,25.0429],[121.4938,25.0429],[121.4964,25.0433],[121.499,25.0445],[121.5012,25.0459],[121.5027,25.0476],[121.5046,25.0497],[121.509,25.0483]]]],[[[[121.5174,25.0484],[121.5202,25.0481],[121.5277,25.047],[121.5328,25.0392],[121.5297,25.0338],[121.5245,25.0354],[121.5225,25.0322],[121.5225,25.0271],[121.5259,25.0226],[121.5288,25.02],[121.5323,25.0168],[121.5355,25.0136],[121.536,25.0111],[121.5335,25.0096],[121.5314,25.0092],[121.5303,25.0099],[121.5288,25.0101],[121.5273,25.0108],[121.526,25.0116],[121.5248,25.0131],[121.5238,25.0143],[121.523,25.0154],[121.5223,25.0165],[121.5216,25.0175],[121.5205,25.0186],[121.5195,25.0194],[121.5181,25.0201],[121.5163,25.0207],[121.5151,25.0211],[121.5135,25.0216],[121.5124,25.0229],[121.51,25.0247],[121.5071,25.0268],[121.5042,25.0313],[121.5065,25.036],[121.5068,25.0376],[121.5086,25.0437],[121.5097,25.0473],[121.512,25.0499],[121.5174,25.0484]]]],[[[[121.572,25.0726],[121.5713,25.0677],[121.5694,25.0643],[121.5701,25.0623],[121.5715,25.0566],[121.5714,25.054],[121.5716,25.0522],[121.573,25.0517],[121.5772,25.0523],[121.58,25.052],[121.5798,25.0507],[121.5801,25.0497],[121.5778,25.0495],[121.5751,25.0494],[121.5716,25.0494],[121.568,25.0489],[121.5628,25.0473],[121.5585,25.0454],[121.5555,25.0447],[121.553,25.0445],[121.5489,25.045],[121.5463,25.0452],[121.5439,25.0478],[121.5442,25.0577],[121.5443,25.0621],[121.5443,25.067],[121.5404,25.0688],[121.5386,25.0707],[121.5449,25.0711],[121.5489,25.0711],[121.5497,25.0719],[121.552,25.0727],[121.5527,25.0756],[121.5552,25.0752],[121.5593,25.0736],[121.562,25.0724],[121.5645,25.0733],[121.5689,25.076],[121.5703,25.076],[121.5717,25.0734],[121.572,25.0726]]]],[[[[121.5135,25.0808],[121.517,25.0797],[121.5198,25.0784],[121.5224,25.0769],[121.5217,25.0757],[121.5213,25.0747],[121.5199,25.071],[121.519,25.0646],[121.5204,25.0603],[121.5206,25.0568],[121.5201,25.0506],[121.5195,25.0492],[121.518,25.0484],[121.512,25.0499],[121.5102,25.0484],[121.5087,25.0484],[121.5058,25.0492],[121.505,25.0505],[121.5056,25.0517],[121.5062,25.0536],[121.5064,25.0553],[121.5061,25.0568],[121.5056,25.058],[121.5054,25.0592],[121.5056,25.0604],[121.5061,25.0624],[121.5065,25.0637],[121.5068,25.0647],[121.5069,25.0672],[121.507,25.0687],[121.507,25.0698],[121.507,25.0709],[121.5066,25.0723],[121.5063,25.0732],[121.506,25.0751],[121.5054,25.0765],[121.5048,25.0779],[121.51,25.0789],[121.5131,25.0806],[121.5135,25.0808]]]],[[[[121.5423,25.0918],[121.5454,25.0904],[121.549,25.0912],[121.5523,25.0917],[121.5565,25.0881],[121.5577,25.0852],[121.5591,25.085],[121.5615,25.0833],[121.5644,25.0787],[121.5711,25.0765],[121.5703,25.076],[121.5663,25.0744],[121.5617,25.0725],[121.5563,25.0749],[121.5525,25.0738],[121.5499,25.072],[121.5479,25.071],[121.5386,25.0705],[121.5426,25.068],[121.5443,25.0607],[121.544,25.0482],[121.5381,25.0447],[121.5303,25.0462],[121.5193,25.0483],[121.5196,25.0495],[121.5205,25.0555],[121.5193,25.0629],[121.5201,25.0718],[121.5215,25.0753],[121.5225,25.0771],[121.5252,25.0742],[121.5252,25.0772],[121.5243,25.0806],[121.5257,25.0813],[121.5292,25.0843],[121.5313,25.0856],[121.5331,25.0878],[121.5371,25.0909],[121.5403,25.0921],[121.5419,25.0924],[121.5423,25.0918]]]],[[[[121.581,25.1953],[121.584,25.1902],[121.5826,25.1839],[121.5835,25.1768],[121.5805,25.1654],[121.59,25.1633],[121.5914,25.1549],[121.5939,25.1489],[121.6011,25.1387],[121.6048,25.1325],[121.6036,25.1255],[121.5982,25.1182],[121.5909,25.1139],[121.5842,25.1082],[121.5693,25.1041],[121.5599,25.0981],[121.5492,25.0914],[121.538,25.0913],[121.5255,25.0815],[121.5211,25.0779],[121.5032,25.0819],[121.4979,25.089],[121.4887,25.0972],[121.4808,25.1009],[121.4685,25.1016],[121.4572,25.1074],[121.4614,25.1156],[121.494,25.1135],[121.5099,25.0968],[121.5212,25.1089],[121.5244,25.1195],[121.5313,25.1288],[121.5341,25.1383],[121.5418,25.1417],[121.5488,25.1451],[121.5539,25.1562],[121.5625,25.1684],[121.5644,25.1782],[121.5676,25.1856],[121.5752,25.1946],[121.581,25.1953]]]],[[[[121.571,25.1972],[121.5757,25.1952],[121.5673,25.1873],[121.5662,25.1815],[121.561,25.1741],[121.5613,25.1651],[121.5534,25.1553],[121.549,25.1461],[121.5426,25.1426],[121.5375,25.1399],[121.5311,25.1365],[121.5298,25.1262],[121.524,25.1187],[121.5222,25.1093],[121.5135,25.0984],[121.4976,25.0981],[121.476,25.1117],[121.4604,25.1181],[121.4604,25.123],[121.4644,25.127],[121.4677,25.1337],[121.4738,25.1403],[121.4786,25.1452],[121.4834,25.1506],[121.49,25.1564],[121.4955,25.1627],[121.5011,25.1689],[121.5049,25.1732],[121.5113,25.1694],[121.5199,25.1693],[121.5223,25.1762],[121.5257,25.1828],[121.534,25.1841],[121.5419,25.1883],[121.5445,25.1951],[121.5506,25.1971],[121.5516,25.2028],[121.5548,25.2078],[121.5628,25.2085],[121.5648,25.201],[121.571,25.1972]]]],[[[[121.6223,25.0589],[121.6226,25.0557],[121.6204,25.0531],[121.6164,25.0487],[121.6196,25.043],[121.6236,25.0393],[121.6296,25.0366],[121.6339,25.035],[121.6383,25.0332],[121.6438,25.0304],[121.648,25.0286],[121.6532,25.0275],[121.6578,25.0289],[121.6637,25.0299],[121.6649,25.0273],[121.6606,25.0234],[121.6556,25.0237],[121.6496,25.0237],[121.6453,25.0231],[121.6405,25.0235],[121.6357,25.0239],[121.6304,25.0235],[121.6282,25.0195],[121.6229,25.0173],[121.617,25.0188],[121.6107,25.0199],[121.604,25.0189],[121.5985,25.0148],[121.5908,25.0142],[121.5818,25.0125],[121.5805,25.0171],[121.5855,25.0247],[121.5906,25.0299],[121.5894,25.0356],[121.5864,25.0415],[121.5807,25.0456],[121.58,25.0518],[121.5919,25.0589],[121.6108,25.0618],[121.6199,25.0622],[121.6223,25.0589]]]],[[[[121.5943,25.1145],[121.5964,25.1114],[121.5997,25.1084],[121.6044,25.1075],[121.6091,25.1061],[121.614,25.1044],[121.6172,25.1015],[121.6214,25.0984],[121.6248,25.0971],[121.6252,25.0945],[121.6263,25.0913],[121.628,25.0885],[121.6276,25.0844],[121.6255,25.0814],[121.6239,25.0786],[121.6245,25.0775],[121.622,25.0748],[121.6208,25.0723],[121.6208,25.0691],[121.6176,25.0676],[121.6173,25.0656],[121.6124,25.0639],[121.6042,25.0593],[121.5893,25.0565],[121.5772,25.0523],[121.5714,25.054],[121.5694,25.0645],[121.5725,25.0747],[121.5624,25.0812],[121.5578,25.0844],[121.5535,25.0898],[121.5563,25.0947],[121.5594,25.0982],[121.5626,25.0982],[121.5677,25.1008],[121.574,25.1067],[121.5814,25.1068],[121.5858,25.1095],[121.5881,25.1139],[121.5927,25.1147],[121.5943,25.1145]]]]]}},{"type":"Feature","properties":{"county":"臺東縣","countyCode":"10014"},"geometry":{"type":"MultiPolygon","coordinates":[[[[[121.3615,23.229],[121.3774,23.2267],[121.3872,23.2253],[121.3951,23.2223],[121.4025,23.2215],[121.407,23.2149],[121.4049,23.2131],[121.4039,23.1765],[121.4065,23.1257],[121.412,23.1234],[121.3877,23.1044],[121.3701,23.0959],[121.3578,23.0834],[121.3438,23.0475],[121.3346,23.0184],[121.3216,22.9975],[121.3069,22.9927],[121.3037,22.9989],[121.3024,23.0164],[121.3125,23.0378],[121.3157,23.0545],[121.3145,23.072],[121.3176,23.0901],[121.3209,23.1158],[121.3222,23.1265],[121.3206,23.1358],[121.3238,23.1434],[121.3265,23.1514],[121.3211,23.1594],[121.3185,23.1679],[121.3231,23.174],[121.329,23.1799],[121.3353,23.1812],[121.3378,23.189],[121.3423,23.1972],[121.345,23.2074],[121.3465,23.217],[121.3542,23.221],[121.3542,23.2268],[121.3547,23.2344],[121.3615,23.229]]]],[[[[121.4915,22.6775],[121.4947,22.6756],[121.4987,22.6758],[121.5028,22.6765],[121.5062,22.6782],[121.5093,22.6721],[121.5105,22.6688],[121.509,22.6638],[121.5074,22.6588],[121.5088,22.6538],[121.5051,22.6515],[121.5007,22.6489],[121.5021,22.6418],[121.5046,22.6369],[121.5064,22.6343],[121.5058,22.6341],[121.5033,22.6341],[121.4997,22.6351],[121.4988,22.6324],[121.4947,22.6329],[121.4938,22.6363],[121.492,22.6391],[121.4882,22.6428],[121.483,22.6447],[121.4781,22.6459],[121.4738,22.6463],[121.4747,22.6509],[121.475,22.6567],[121.473,22.6612],[121.4702,22.6655],[121.4666,22.6695],[121.4651,22.6747],[121.4683,22.6762],[121.4764,22.6744],[121.4821,22.6754],[121.4883,22.677],[121.4915,22.6775]]]],[[[[121.5121,22.6807],[121.512,22.6804],[121.5116,22.6806],[121.5114,22.6808],[121.5114,22.681],[121.5113,22.6813],[121.5112,22.6814],[121.5113,22.6817],[121.5117,22.6817],[121.512,22.6815],[121.5121,22.6813],[121.5121,22.6812],[121.5121,22.6807]]]],[[[[121.6118,21.9429],[121.6111,21.9425],[121.61,21.9426],[121.6087,21.9429],[121.6077,21.943],[121.6072,21.9439],[121.6069,21.9449],[121.6069,21.9456],[121.6065,21.9472],[121.6061,21.948],[121.6053,21.9491],[121.6042,21.95],[121.6036,21.9509],[121.6035,21.9516],[121.6044,21.9524],[121.6059,21.9525],[121.6074,21.953],[121.6085,21.9533],[121.6101,21.9535],[121.611,21.954],[121.6116,21.9544],[121.6129,21.955],[121.6143,21.9551],[121.6149,21.9547],[121.6148,21.9536],[121.6153,21.9527],[121.6162,21.9523],[121.6161,21.9512],[121.6157,21.9501],[121.6161,21.9492],[121.6161,21.9483],[121.6162,21.9474],[121.6162,21.9465],[121.616,21.9457],[121.6164,21.945],[121.616,21.9445],[121.6144,21.9443],[121.6131,21.9438],[121.6124,21.9432],[121.6118,21.9429]]]],[[[[121.5772,22.0783],[121.577,22.0782],[121.5768,22.0783],[121.5767,22.0784],[121.5766,22.0786],[121.5767,22.0788],[121.5771,22.0787],[121.5771,22.0787],[121.5772,22.0785],[121.5772,22.0783]]]],[[[[121.5812,22.0786],[121.5811,22.0785],[121.5808,22.0785],[121.5804,22.0785],[121.5798,22.0788],[121.58,22.079],[121.5803,22.0791],[121.5807,22.079],[121.5811,22.0789],[121.5812,22.0786]]]],[[[[121.5787,22.0796],[121.5784,22.0795],[121.5783,22.0798],[121.578,22.08],[121.5779,22.0803],[121.5781,22.0803],[121.5785,22.08],[121.5787,22.0799],[121.5787,22.0796]]]],[[[[121.5049,22.0847],[121.5112,22.0808],[121.5268,22.0809],[121.5359,22.0816],[121.5545,22.0825],[121.5624,22.0822],[121.5701,22.0824],[121.5678,22.0739],[121.5706,22.0673],[121.575,22.0608],[121.5703,22.0594],[121.5667,22.0574],[121.5643,22.0545],[121.5639,22.0497],[121.5667,22.0421],[121.5673,22.0395],[121.5775,22.0331],[121.5899,22.0281],[121.5966,22.0248],[121.6009,22.0217],[121.5997,22.013],[121.5931,22.0018],[121.5824,22.0028],[121.5797,22.005],[121.571,22.0032],[121.569,22.0091],[121.5643,22.0151],[121.5569,22.0217],[121.55,22.0251],[121.5413,22.0247],[121.5325,22.0294],[121.5258,22.0373],[121.5201,22.0413],[121.512,22.0474],[121.5106,22.0503],[121.5088,22.0593],[121.5087,22.0702],[121.5,22.0817],[121.5049,22.0847]]]],[[[[121.5703,22.0864],[121.5699,22.0862],[121.5698,22.0863],[121.5698,22.0865],[121.5699,22.0868],[121.57,22.087],[121.5702,22.0871],[121.5703,22.0867],[121.5704,22.0866],[121.5703,22.0864]]]],[[[[121.5667,22.0859],[121.5666,22.0859],[121.5664,22.0862],[121.5665,22.0864],[121.5668,22.0867],[121.5671,22.087],[121.5675,22.0875],[121.5674,22.0876],[121.5676,22.0878],[121.568,22.0878],[121.5681,22.0876],[121.5685,22.0875],[121.5684,22.0872],[121.5681,22.0871],[121.568,22.0869],[121.5675,22.0863],[121.5672,22.086],[121.5671,22.0859],[121.5667,22.0859]]]],[[[[120.9614,22.5346],[120.9625,22.5346],[120.9625,22.5346],[120.9625,22.5344],[120.9625,22.5342],[120.9624,22.5341],[120.9625,22.5336],[120.9625,22.5326],[120.9625,22.5324],[120.9625,22.5321],[120.9623,22.5316],[120.9623,22.5315],[120.9624,22.5313],[120.9624,22.5312],[120.9624,22.5311],[120.9623,22.5309],[120.9622,22.5306],[120.962,22.5306],[120.962,22.5306],[120.9588,22.531],[120.9588,22.5312],[120.9586,22.5315],[120.9586,22.5317],[120.9586,22.5319],[120.9586,22.532],[120.9588,22.5324],[120.9593,22.533],[120.9595,22.5333],[120.96,22.534],[120.96,22.5342],[120.9601,22.5344],[120.9601,22.5347],[120.9602,22.5347],[120.9613,22.5346],[120.9614,22.5346]]]],[[[[120.9963,22.6025],[120.9963,22.6025],[120.9948,22.604],[120.9943,22.6052],[120.9939,22.6061],[120.9961,22.607],[120.9977,22.6077],[120.9978,22.6076],[120.998,22.6075],[120.9982,22.6073],[120.9985,22.6071],[120.9986,22.607],[120.9988,22.6069],[120.9993,22.6061],[120.9995,22.6059],[120.9997,22.6057],[120.9998,22.6056],[120.9998,22.6055],[120.9997,22.6053],[120.9997,22.6048],[120.9997,22.6047],[120.9997,22.6047],[120.9994,22.6046],[120.9992,22.6046],[120.9988,22.6045],[120.9979,22.6042],[120.9983,22.6036],[120.9973,22.6031],[120.9963,22.6025]]]],[[[[120.9956,22.6807],[120.9943,22.6661],[120.9768,22.658],[120.9808,22.6433],[120.9973,22.6442],[121.0031,22.6288],[120.9953,22.6284],[120.9836,22.6314],[120.9766,22.6096],[120.973,22.5834],[120.9615,22.567],[120.9414,22.5721],[120.9209,22.5594],[120.9207,22.5391],[120.9225,22.5215],[120.9129,22.5126],[120.8982,22.4989],[120.8732,22.4887],[120.8523,22.4801],[120.8258,22.4812],[120.7968,22.4903],[120.7731,22.4984],[120.7528,22.519],[120.7436,22.5696],[120.7549,22.617],[120.79,22.6702],[120.8124,22.664],[120.826,22.6582],[120.8408,22.6571],[120.8504,22.6581],[120.8598,22.6624],[120.8712,22.6544],[120.8869,22.6501],[120.9044,22.6533],[120.9184,22.652],[120.9378,22.6594],[120.9522,22.6695],[120.9698,22.6756],[120.9851,22.6822],[120.9924,22.6924],[120.9956,22.6807]]]],[[[[121.0424,22.7015],[121.0543,22.6756],[121.028,22.6593],[121.0188,22.6399],[121.014,22.6238],[121.0096,22.592],[121,22.5799],[120.9885,22.5721],[120.9807,22.5619],[120.9737,22.5438],[120.9657,22.5202],[120.9589,22.5013],[120.949,22.4662],[120.9291,22.4679],[120.9398,22.4831],[120.9299,22.496],[120.9169,22.5084],[120.913,22.5198],[120.9314,22.525],[120.9209,22.5395],[120.9186,22.5561],[120.9339,22.565],[120.9469,22.57],[120.9615,22.567],[120.9715,22.5784],[120.9739,22.5927],[120.9767,22.6172],[120.9828,22.6315],[120.9928,22.6291],[120.9998,22.6254],[121.0043,22.6304],[120.9981,22.6429],[120.9885,22.6457],[120.9757,22.6475],[120.9775,22.6599],[120.9903,22.6645],[121.001,22.6758],[120.9975,22.6859],[120.9996,22.6928],[121.0218,22.694],[121.0424,22.7015]]]],[[[[120.9948,22.604],[120.9963,22.6025],[120.9963,22.6025],[120.9973,22.6031],[120.9983,22.6036],[120.9979,22.6042],[120.9988,22.6045],[120.9992,22.6046],[120.9994,22.6046],[120.9997,22.6047],[120.9997,22.6047],[120.9997,22.6048],[120.9997,22.6053],[120.9998,22.6055],[120.9998,22.6056],[120.9997,22.6057],[120.9995,22.6059],[120.9993,22.6061],[120.9988,22.6069],[120.9986,22.607],[120.9985,22.6071],[120.9982,22.6073],[120.998,22.6075],[120.9978,22.6076],[120.9977,22.6077],[120.9961,22.607],[120.9939,22.6061],[120.9943,22.6052],[120.9948,22.604]]]],[[[[120.9588,22.531],[120.962,22.5306],[120.962,22.5306],[120.9622,22.5306],[120.9623,22.5309],[120.9624,22.5311],[120.9624,22.5312],[120.9624,22.5313],[120.9623,22.5315],[120.9623,22.5316],[120.9625,22.5321],[120.9625,22.5324],[120.9625,22.5326],[120.9625,22.5336],[120.9624,22.5341],[120.9625,22.5342],[120.9625,22.5344],[120.9625,22.5346],[120.9625,22.5346],[120.9614,22.5346],[120.9613,22.5346],[120.9602,22.5347],[120.9601,22.5347],[120.9601,22.5344],[120.96,22.5342],[120.96,22.534],[120.9595,22.5333],[120.9593,22.533],[120.9588,22.5324],[120.9586,22.532],[120.9586,22.5319],[120.9586,22.5317],[120.9586,22.5315],[120.9588,22.5312],[120.9588,22.531]]]],[[[[121.2167,23.0018],[121.2174,22.9939],[121.2167,22.9899],[121.2193,22.986],[121.2187,22.983],[121.2185,22.9795],[121.2168,22.9761],[121.2118,22.9694],[121.2068,22.9571],[121.199,22.9441],[121.1867,22.9375],[121.1806,22.9321],[121.1729,22.9359],[121.1596,22.9307],[121.1478,22.9203],[121.1461,22.8985],[121.1363,22.8904],[121.1207,22.8918],[121.1083,22.8938],[121.0856,22.8996],[121.0933,22.9027],[121.1022,22.9097],[121.1105,22.9136],[121.1143,22.9195],[121.1179,22.9232],[121.115,22.9313],[121.1211,22.9401],[121.1204,22.9465],[121.1266,22.9508],[121.1261,22.9575],[121.1221,22.9632],[121.1182,22.9712],[121.128,22.9764],[121.1301,22.9899],[121.1504,22.9964],[121.1697,22.9872],[121.1834,22.9886],[121.1924,22.9973],[121.2003,23.0012],[121.211,23.0042],[121.2167,23.0018]]]],[[[[121.2015,23.1505],[121.2116,23.1442],[121.2193,23.1423],[121.2266,23.1398],[121.2325,23.1373],[121.2414,23.1282],[121.2513,23.1301],[121.2582,23.1244],[121.2608,23.12],[121.265,23.1149],[121.2673,23.1097],[121.2646,23.1046],[121.2583,23.0929],[121.2543,23.0876],[121.2527,23.0788],[121.2483,23.0726],[121.2433,23.0588],[121.2375,23.047],[121.2321,23.0362],[121.2269,23.0306],[121.2157,23.0266],[121.2085,23.0279],[121.2029,23.0297],[121.1949,23.0305],[121.1903,23.0299],[121.1828,23.0306],[121.1816,23.039],[121.1958,23.0538],[121.2007,23.0712],[121.1945,23.0919],[121.1815,23.1172],[121.1839,23.1329],[121.1794,23.139],[121.1794,23.1461],[121.1736,23.1478],[121.18,23.1543],[121.1855,23.1549],[121.189,23.1504],[121.1937,23.1544],[121.1964,23.1561],[121.2015,23.1505]]]],[[[[121.0908,22.9937],[121.1281,22.9769],[121.1246,22.9603],[121.1214,22.946],[121.1155,22.9291],[121.1129,22.9151],[121.0937,22.9025],[121.1147,22.8933],[121.1464,22.8978],[121.1636,22.9335],[121.185,22.9351],[121.1874,22.9093],[121.1811,22.8867],[121.159,22.8707],[121.1265,22.8852],[121.0838,22.8983],[121.0807,22.8797],[121.0737,22.8713],[121.0655,22.8591],[121.0467,22.8482],[121.0229,22.8413],[120.9974,22.837],[120.9759,22.8148],[120.9548,22.7962],[120.9307,22.7913],[120.9133,22.7812],[120.8836,22.8136],[120.8693,22.8566],[120.8332,22.8982],[120.823,22.9549],[120.8533,22.9608],[120.8747,22.957],[120.8878,22.9591],[120.904,22.947],[120.928,22.9501],[120.941,22.9615],[120.9646,22.9817],[120.9864,22.9918],[121.0155,22.9897],[121.0553,22.9927],[121.0908,22.9937]]]],[[[[121.1932,22.8191],[121.1973,22.8149],[121.1974,22.8121],[121.1991,22.8054],[121.2007,22.799],[121.1983,22.7949],[121.1959,22.7922],[121.182,22.7838],[121.1555,22.7461],[121.1327,22.7246],[121.1089,22.7091],[121.1003,22.705],[121.0918,22.7031],[121.0841,22.6993],[121.0673,22.6852],[121.0468,22.7008],[121.0349,22.702],[121.0263,22.714],[121.0347,22.7139],[121.039,22.7209],[121.0427,22.7294],[121.0458,22.7365],[121.053,22.7377],[121.0556,22.7481],[121.0507,22.7562],[121.0458,22.7602],[121.0488,22.7641],[121.0571,22.7683],[121.0711,22.7707],[121.0872,22.775],[121.0996,22.7748],[121.1058,22.7831],[121.1127,22.7977],[121.1157,22.8079],[121.1236,22.8122],[121.1401,22.7926],[121.1607,22.7885],[121.1695,22.7992],[121.1822,22.8123],[121.1878,22.8181],[121.1932,22.8191]]]],[[[[121.1025,22.8867],[121.1513,22.8813],[121.1639,22.8611],[121.1727,22.8532],[121.1838,22.8535],[121.1871,22.835],[121.1934,22.8214],[121.1786,22.8031],[121.1372,22.7973],[121.1121,22.8002],[121.0974,22.7744],[121.0603,22.7683],[121.0473,22.76],[121.0559,22.7411],[121.0428,22.7272],[121.0281,22.7136],[121.0256,22.6955],[120.9928,22.6879],[120.9777,22.679],[120.9538,22.6694],[120.932,22.6578],[120.9116,22.653199999999998],[120.8873,22.6507],[120.868,22.6585],[120.8528,22.6601],[120.8406,22.657],[120.8215,22.6628],[120.7974,22.6678],[120.8167,22.6918],[120.8638,22.7166],[120.8996,22.7688],[120.9259,22.7832],[120.9476,22.7984],[120.9734,22.8098],[120.9967,22.8368],[121.0244,22.8409],[121.0511,22.8534],[121.0706,22.86],[121.0791,22.8743],[121.0864,22.8917],[121.1025,22.8867]]]],[[[[121.3057,23.1113],[121.3176,23.0901],[121.3145,23.072],[121.3157,23.0545],[121.3125,23.0378],[121.3024,23.0164],[121.3037,22.9989],[121.3069,22.9927],[121.3092,22.9711],[121.2866,22.9517],[121.2828,22.9474],[121.2791,22.9353],[121.2603,22.9019],[121.2498,22.8846],[121.2356,22.8722],[121.216,22.8646],[121.1864,22.854],[121.1775,22.8537],[121.1725,22.8531],[121.1652,22.856],[121.1653,22.8646],[121.1763,22.88],[121.1887,22.8974],[121.1865,22.9127],[121.1952,22.9373],[121.2074,22.9579],[121.216,22.975],[121.2189,22.9803],[121.2188,22.9855],[121.2164,22.9915],[121.2166,23.0017],[121.2216,23.0136],[121.2265,23.0292],[121.237,23.0452],[121.248,23.0716],[121.254,23.0865],[121.2651,23.1036],[121.2745,23.0984],[121.2828,23.1038],[121.295,23.1098],[121.3057,23.1113]]]],[[[[120.9185,22.5082],[120.9352,22.4936],[120.9382,22.4749],[120.9153,22.4535],[120.9128,22.4415],[120.9037,22.4314],[120.8919,22.4258],[120.8858,22.4162],[120.8863,22.3945],[120.8817,22.378],[120.8697,22.3627],[120.8629,22.3387],[120.8589,22.3175],[120.8698,22.3042],[120.8867,22.298],[120.8919,22.2859],[120.8926,22.2719],[120.8947,22.2586],[120.8874,22.2423],[120.8664,22.2298],[120.8532,22.2425],[120.8324,22.2476],[120.8141,22.2619],[120.7989,22.2616],[120.8046,22.2772],[120.7925,22.2871],[120.7778,22.3054],[120.7876,22.3421],[120.7549,22.3605],[120.7572,22.3978],[120.7865,22.4155],[120.7687,22.4526],[120.7584,22.4861],[120.7726,22.501],[120.7935,22.4937],[120.8138,22.4826],[120.8425,22.4776],[120.8616,22.4852],[120.8825,22.4912],[120.9051,22.5013],[120.9185,22.5082]]]],[[[[120.9308,22.4603],[120.9455,22.4551],[120.9381,22.4367],[120.9279,22.4149],[120.9234,22.4036],[120.9195,22.3936],[120.914,22.382],[120.9114,22.3715],[120.909,22.3599],[120.8982,22.3421],[120.8944,22.3315],[120.8928,22.3208],[120.8919,22.3079],[120.8918,22.2954],[120.8885,22.2923],[120.8864,22.2991],[120.8759,22.304],[120.8701,22.304],[120.866,22.3108],[120.8586,22.3164],[120.864,22.3235],[120.8655,22.335],[120.8622,22.3439],[120.8556,22.357],[120.8787,22.3647],[120.8793,22.3735],[120.8849,22.3801],[120.8865,22.3881],[120.886,22.3959],[120.8766,22.4065],[120.8866,22.4158],[120.884,22.4254],[120.8896,22.424],[120.8937,22.4299],[120.9012,22.4304],[120.9061,22.4335],[120.9114,22.4395],[120.9093,22.444],[120.9108,22.4497],[120.9146,22.4558],[120.9308,22.4603]]]],[[[[121.1941,23.0936],[121.2005,23.0727],[121.1968,23.0549],[121.1831,23.04],[121.1823,23.0313],[121.1901,23.0291],[121.1947,23.0309],[121.2016,23.0293],[121.2081,23.0278],[121.2148,23.0271],[121.2241,23.0246],[121.2218,23.0154],[121.2183,23.0124],[121.2109,23.004],[121.2015,23.0015],[121.1949,22.9985],[121.191,22.993],[121.1818,22.9879],[121.1711,22.9872],[121.1569,22.9967],[121.1342,22.9947],[121.1335,23.0041],[121.1403,23.0095],[121.1429,23.0154],[121.1407,23.0204],[121.1389,23.0307],[121.1496,23.0306],[121.1489,23.0324],[121.1488,23.0426],[121.1484,23.048],[121.1554,23.0501],[121.1577,23.0562],[121.16,23.0634],[121.164,23.0707],[121.1655,23.0777],[121.1665,23.0831],[121.1714,23.0885],[121.1762,23.0957],[121.1759,23.114],[121.1828,23.1161],[121.1941,23.0936]]]],[[[[121.0399,23.2998],[121.0613,23.2808],[121.0692,23.2552],[121.0841,23.233],[121.1155,23.225],[121.1406,23.2012],[121.1699,23.2071],[121.1943,23.1928],[121.2105,23.1595],[121.2116,23.1442],[121.1939,23.1541],[121.1811,23.154],[121.1782,23.1415],[121.1757,23.1075],[121.1654,23.0831],[121.1604,23.0637],[121.1504,23.0481],[121.1514,23.0319],[121.1464,23.0195],[121.1338,23.002],[121.1106,22.9873],[121.0751,22.9958],[121.0446,22.9879],[121.0081,22.9897],[120.9827,22.9921],[120.9635,22.9796],[120.9408,22.9615],[120.9292,22.9499],[120.9074,22.9491],[120.8925,22.956],[120.8795,22.9562],[120.8616,22.955],[120.8372,22.969],[120.8511,23.0051],[120.88,23.0463],[120.8894,23.1087],[120.8959,23.1714],[120.9136,23.2315],[120.9589,23.2685],[121.02,23.2946],[121.0399,23.2998]]]],[[[[121.4477,23.4436],[121.4592,23.4418],[121.4702,23.4406],[121.4788,23.433],[121.4924,23.4346],[121.4841,23.4107],[121.4753,23.3876],[121.472,23.3532],[121.4657,23.322],[121.4489,23.3102],[121.4175,23.2279],[121.4108,23.2152],[121.4044,23.2199],[121.3947,23.2223],[121.3845,23.227],[121.365,23.2292],[121.3601,23.2432],[121.3591,23.2518],[121.366,23.2583],[121.3716,23.2654],[121.3779,23.2697],[121.3782,23.2778],[121.3773,23.2867],[121.3767,23.2964],[121.3827,23.3066],[121.3891,23.3141],[121.3942,23.3217],[121.4009,23.3297],[121.4079,23.3424],[121.4167,23.3493],[121.4227,23.3575],[121.4148,23.3624],[121.405,23.3668],[121.4026,23.3791],[121.4032,23.3892],[121.41,23.3983],[121.4164,23.4103],[121.4203,23.4207],[121.4275,23.428],[121.4408,23.4338],[121.4477,23.4436]]]]]}},{"type":"Feature","properties":{"county":"臺南市","countyCode":"67000"},"geometry":{"type":"MultiPolygon","coordinates":[[[[[120.3062,23.3448],[120.3052,23.3394],[120.3093,23.333],[120.3159,23.3331],[120.3221,23.333],[120.3259,23.329],[120.331,23.3317],[120.3352,23.3292],[120.341,23.3239],[120.3529,23.32],[120.3512,23.3136],[120.3404,23.3173],[120.3407,23.3097],[120.3337,23.3058],[120.3246,23.3017],[120.3162,23.296],[120.30029999999999,23.296],[120.2927,23.2914],[120.2937,23.2836],[120.2865,23.2768],[120.2827,23.2681],[120.2721,23.2598],[120.2635,23.2543],[120.2545,23.2599],[120.2533,23.2746],[120.2516,23.2869],[120.2597,23.2857],[120.2694,23.2978],[120.2767,23.3089],[120.2789,23.3144],[120.2724,23.3152],[120.2715,23.3215],[120.2798,23.319],[120.2826,23.3209],[120.2928,23.3243],[120.2937,23.3291],[120.2971,23.333],[120.2937,23.3344],[120.2976,23.3384],[120.3056,23.341],[120.3062,23.3448]]]],[[[[120.2959,23.357],[120.2961,23.3418],[120.2942,23.3341],[120.2971,23.3327],[120.2936,23.3291],[120.2928,23.3244],[120.283,23.321],[120.2807,23.3186],[120.2716,23.3221],[120.2706,23.3148],[120.2797,23.3151],[120.2747,23.3107],[120.2685,23.2999],[120.2598,23.2882],[120.2529,23.2864],[120.2492,23.2751],[120.2573,23.2648],[120.2581,23.2555],[120.2477,23.247],[120.2331,23.2489],[120.2298,23.2518],[120.2223,23.2588],[120.2205,23.2632],[120.2223,23.2686],[120.2158,23.2622],[120.209,23.2646],[120.2043,23.2601],[120.2003,23.2584],[120.195,23.2636],[120.1939,23.2761],[120.2041,23.2742],[120.2107,23.2808],[120.2122,23.2908],[120.2259,23.3032],[120.2339,23.3193],[120.2514,23.3296],[120.2675,23.3447],[120.2674,23.3534],[120.283,23.3491],[120.2913,23.3576],[120.2959,23.357]]]],[[[[120.4403,23.4131],[120.4605,23.4048],[120.475,23.3951],[120.4849,23.3912],[120.4943,23.3943],[120.4939,23.3841],[120.4839,23.3698],[120.4999,23.3681],[120.5085,23.365],[120.5112,23.3544],[120.5048,23.3462],[120.5221,23.3405],[120.5396,23.3285],[120.5226,23.3111],[120.524,23.2909],[120.5094,23.2908],[120.5028,23.2896],[120.5014,23.2976],[120.4882,23.2961],[120.4788,23.297],[120.4646,23.3],[120.4544,23.299],[120.4465,23.3012],[120.4411,23.3099],[120.4368,23.3142],[120.4252,23.3231],[120.4149,23.3324],[120.4062,23.3404],[120.4026,23.3318],[120.394,23.3378],[120.3915,23.3401],[120.3879,23.3479],[120.3855,23.3628],[120.4037,23.3681],[120.4054,23.3807],[120.4002,23.3887],[120.3869,23.3914],[120.3964,23.4073],[120.4203,23.4038],[120.434,23.411],[120.4403,23.4131]]]],[[[[120.387,23.4034],[120.3857,23.3925],[120.396,23.3889],[120.4001,23.3864],[120.4035,23.3815],[120.4058,23.3747],[120.4007,23.368],[120.3885,23.3655],[120.3802,23.3588],[120.3877,23.3468],[120.3934,23.3432],[120.386,23.3392],[120.3816,23.3329],[120.3829,23.3272],[120.3734,23.3265],[120.3727,23.3209],[120.3684,23.3211],[120.3594,23.3227],[120.3522,23.3152],[120.3515,23.3239],[120.3397,23.327],[120.3306,23.3285],[120.3287,23.3296],[120.3248,23.3332],[120.3167,23.3313],[120.3119,23.3341],[120.3059,23.3378],[120.3076,23.3452],[120.3035,23.3397],[120.2965,23.3411],[120.2965,23.3492],[120.2881,23.3553],[120.2842,23.3577],[120.2903,23.372],[120.3057,23.3754],[120.3111,23.3858],[120.3218,23.3835],[120.3321,23.3857],[120.3451,23.3997],[120.3742,23.403199999999998],[120.387,23.4034]]]],[[[[120.2229,23.2305],[120.2333,23.2234],[120.2407,23.2154],[120.2471,23.2085],[120.2517,23.2043],[120.2562,23.2018],[120.2619,23.2025],[120.2681,23.2041],[120.2831,23.2028],[120.2885,23.198],[120.2875,23.1918],[120.2909,23.1868],[120.2828,23.1751],[120.2727,23.1725],[120.2684,23.1718],[120.2639,23.1623],[120.2612,23.1538],[120.2613,23.1398],[120.2498,23.1335],[120.2416,23.1324],[120.2377,23.1376],[120.2325,23.1411],[120.227,23.1465],[120.2189,23.155],[120.2131,23.1629],[120.2159,23.1677],[120.2148,23.1742],[120.2153,23.1837],[120.2081,23.1874],[120.2067,23.1941],[120.1996,23.1958],[120.1944,23.1969],[120.1988,23.2026],[120.1941,23.2048],[120.1936,23.2108],[120.2003,23.2141],[120.2067,23.2143],[120.2113,23.2174],[120.216,23.222],[120.2192,23.2298],[120.2229,23.2305]]]],[[[[120.3,23.2618],[120.2984,23.2563],[120.2978,23.2506],[120.2976,23.2479],[120.2944,23.2443],[120.2909,23.2413],[120.2881,23.2381],[120.2875,23.2351],[120.2885,23.2338],[120.2868,23.2316],[120.2864,23.2288],[120.2905,23.2283],[120.2925,23.2241],[120.2934,23.2206],[120.2896,23.2181],[120.2886,23.2149],[120.2892,23.2097],[120.2914,23.2068],[120.2929,23.2029],[120.2858,23.203],[120.2682,23.204],[120.2616,23.2025],[120.2555,23.2026],[120.2505,23.2045],[120.2463,23.2133],[120.2365,23.2165],[120.2266,23.2277],[120.2202,23.233],[120.2258,23.2367],[120.2315,23.2425],[120.2334,23.2487],[120.2413,23.2445],[120.2538,23.2495],[120.2655,23.2549],[120.2712,23.2571],[120.2768,23.2609],[120.2838,23.2602],[120.289,23.2621],[120.2949,23.2626],[120.299,23.2628],[120.3,23.2618]]]],[[[[120.3079,23.2635],[120.3179,23.2619],[120.3297,23.261],[120.337,23.261],[120.3456,23.2565],[120.3518,23.248],[120.3576,23.2422],[120.3658,23.238],[120.3774,23.239],[120.391,23.2358],[120.4019,23.2322],[120.415,23.2367],[120.4246,23.2453],[120.4333,23.2362],[120.4451,23.2375],[120.4443,23.2293],[120.4559,23.2309],[120.4686,23.2254],[120.4709,23.2158],[120.463,23.1995],[120.4491,23.1993],[120.4318,23.2004],[120.4219,23.2007],[120.4114,23.2051],[120.3943,23.2061],[120.3844,23.1986],[120.371,23.2084],[120.3682,23.2151],[120.3583,23.2133],[120.3487,23.2135],[120.3412,23.2225],[120.3304,23.2268],[120.3213,23.2283],[120.3097,23.2263],[120.298,23.2241],[120.2885,23.2285],[120.2884,23.2339],[120.2893,23.2404],[120.2976,23.2482],[120.2995,23.2611],[120.3079,23.2635]]]],[[[[120.3201,23.2289],[120.3285,23.2281],[120.3343,23.2262],[120.3411,23.2229],[120.3433,23.2143],[120.3495,23.2169],[120.3581,23.2136],[120.3649,23.215],[120.3711,23.2144],[120.371,23.2082],[120.3792,23.1982],[120.3879,23.201],[120.3949,23.2063],[120.4067,23.206],[120.4149,23.2056],[120.4223,23.201],[120.4291,23.2006],[120.4224,23.1922],[120.4137,23.1787],[120.4057,23.174],[120.3989,23.173],[120.3973,23.1674],[120.3866,23.1646],[120.3787,23.164],[120.3737,23.1644],[120.3664,23.1634],[120.362,23.1576],[120.3545,23.1545],[120.3459,23.151],[120.3312,23.1598],[120.309,23.1725],[120.2907,23.1862],[120.2877,23.1972],[120.2929,23.2038],[120.2895,23.2087],[120.2874,23.2168],[120.2948,23.2207],[120.2997,23.2242],[120.3075,23.2259],[120.3138,23.2283],[120.3201,23.2289]]]],[[[[120.4357,23.2003],[120.4463,23.1993],[120.4551,23.1948],[120.4537,23.1854],[120.4489,23.1775],[120.4438,23.1653],[120.4388,23.1598],[120.435,23.1503],[120.4325,23.1398],[120.4364,23.1318],[120.4347,23.1195],[120.4291,23.1133],[120.4276,23.1112],[120.4253,23.1086],[120.4202,23.1052],[120.4154,23.1117],[120.4076,23.1147],[120.4023,23.115],[120.3988,23.1078],[120.3927,23.1064],[120.385,23.1029],[120.3679,23.1005],[120.3498,23.1146],[120.3412,23.1272],[120.3437,23.1411],[120.3484,23.1511],[120.3545,23.1546],[120.3609,23.1566],[120.3647,23.1617],[120.3702,23.1648],[120.3766,23.1652],[120.381,23.1646],[120.3878,23.1647],[120.3966,23.1673],[120.3975,23.1735],[120.4034,23.1759],[120.4095,23.1772],[120.4178,23.1847],[120.4248,23.1954],[120.4325,23.201],[120.4357,23.2003]]]],[[[[120.1846,23.2097],[120.1888,23.2089],[120.1941,23.2048],[120.1987,23.202],[120.1949,23.1967],[120.2013,23.1952],[120.2074,23.1921],[120.2131,23.1855],[120.2155,23.1789],[120.2156,23.1709],[120.2119,23.1653],[120.2092,23.161],[120.203,23.1635],[120.1948,23.1544],[120.1899,23.1448],[120.1741,23.1347],[120.168,23.1195],[120.1611,23.1221],[120.1555,23.1234],[120.1493,23.1271],[120.149,23.1345],[120.1549,23.1364],[120.1538,23.1436],[120.1565,23.1501],[120.1587,23.1567],[120.1546,23.158],[120.1535,23.1624],[120.1497,23.1658],[120.1449,23.1672],[120.1473,23.1733],[120.1479,23.1767],[120.1515,23.1797],[120.1507,23.1837],[120.1558,23.1877],[120.162,23.1838],[120.1686,23.1844],[120.1713,23.1926],[120.1752,23.2],[120.1783,23.2088],[120.185,23.2105],[120.1846,23.2097]]]],[[[[120.2019,23.293],[120.212,23.2888],[120.2111,23.2804],[120.2045,23.2743],[120.1945,23.2753],[120.192,23.2657],[120.1988,23.2592],[120.2041,23.2625],[120.2076,23.2608],[120.2108,23.2631],[120.2167,23.266],[120.2232,23.2664],[120.222,23.2631],[120.2225,23.2583],[120.2298,23.2519],[120.229,23.246],[120.2233,23.2362],[120.218,23.2281],[120.2123,23.2188],[120.2042,23.2149],[120.1927,23.2108],[120.1845,23.2094],[120.1754,23.2206],[120.1692,23.2294],[120.1639,23.236],[120.1468,23.2345],[120.1383,23.2391],[120.1421,23.2451],[120.1334,23.2532],[120.1405,23.2614],[120.1502,23.274],[120.1472,23.2845],[120.1481,23.2911],[120.1564,23.2889],[120.1656,23.2794],[120.1751,23.2815],[120.1836,23.2842],[120.1802,23.2867],[120.1843,23.2903],[120.1886,23.3012],[120.2019,23.293]]]],[[[[120.206,23.1623],[120.2085,23.1616],[120.211,23.1595],[120.2171,23.1567],[120.2201,23.1537],[120.2256,23.1479],[120.2282,23.1451],[120.2315,23.142],[120.2352,23.1394],[120.2371,23.1376],[120.24,23.1371],[120.2416,23.1317],[120.2379,23.1289],[120.2318,23.1272],[120.2227,23.1204],[120.2149,23.1144],[120.2067,23.1098],[120.2023,23.0994],[120.1973,23.0928],[120.1925,23.0881],[120.1882,23.084],[120.1804,23.0781],[120.1763,23.0791],[120.1735,23.0828],[120.1746,23.0857],[120.17529999999999,23.0897],[120.1759,23.0941],[120.176,23.0982],[120.1721,23.103],[120.1761,23.1086],[120.1774,23.1127],[120.17529999999999,23.1182],[120.1739,23.1219],[120.1741,23.1347],[120.1817,23.1408],[120.1901,23.1449],[120.1899,23.1492],[120.1943,23.1554],[120.1986,23.1616],[120.204,23.1635],[120.206,23.1623]]]],[[[[120.3416,23.0826],[120.349,23.0795],[120.3531,23.0729],[120.3571,23.0729],[120.3592,23.0657],[120.3626,23.0602],[120.3662,23.0556],[120.3716,23.0527],[120.3735,23.0474],[120.3756,23.0426],[120.3776,23.0381],[120.3757,23.033],[120.3749,23.024],[120.3811,23.0191],[120.3879,23.0151],[120.3908,23.0095],[120.3879,23.0078],[120.3798,23.0052],[120.3685,23.0037],[120.3605,23.0047],[120.3513,22.9984],[120.3469,22.9913],[120.3413,22.9919],[120.3339,22.9959],[120.3308,23.0061],[120.3194,23.0107],[120.3091,23.0117],[120.295,23.0146],[120.2857,23.0186],[120.2865,23.0294],[120.2823,23.0424],[120.281,23.0529],[120.2876,23.056],[120.294,23.0583],[120.3073,23.0561],[120.3165,23.0585],[120.3237,23.06],[120.3319,23.0633],[120.3353,23.0707],[120.3359,23.0781],[120.3416,23.0826]]]],[[[[120.2793,23.1106],[120.2835,23.1071],[120.2887,23.1096],[120.2962,23.1067],[120.305,23.1082],[120.3151,23.1092],[120.3226,23.1074],[120.3309,23.1066],[120.3358,23.0992],[120.3424,23.0908],[120.3431,23.0839],[120.3353,23.0814],[120.3397,23.075],[120.3353,23.0707],[120.3353,23.0661],[120.3307,23.0616],[120.3249,23.0597],[120.3208,23.0596],[120.316,23.058],[120.3116,23.0574],[120.3036,23.0535],[120.2965,23.0599],[120.2928,23.0542],[120.2858,23.0562],[120.2781,23.0564],[120.271,23.0594],[120.2622,23.0618],[120.2574,23.0597],[120.2525,23.0622],[120.2493,23.0668],[120.2421,23.0673],[120.2462,23.0786],[120.2484,23.0858],[120.2489,23.0978],[120.2472,23.1037],[120.2579,23.1056],[120.2643,23.1067],[120.2681,23.1065],[120.2713,23.1056],[120.2746,23.1106],[120.2793,23.1106]]]],[[[[120.2552,23.1325],[120.261,23.1302],[120.2621,23.1268],[120.266,23.1218],[120.2688,23.1209],[120.2671,23.1163],[120.2641,23.113],[120.2606,23.1092],[120.2518,23.1065],[120.2442,23.102],[120.2474,23.0994],[120.2487,23.0969],[120.2475,23.0909],[120.2481,23.0852],[120.2462,23.0833],[120.2458,23.0787],[120.2423,23.0746],[120.2423,23.0675],[120.2318,23.0708],[120.2261,23.0724],[120.2239,23.0743],[120.2227,23.0758],[120.2206,23.0745],[120.2189,23.0739],[120.2165,23.0742],[120.2141,23.0735],[120.2128,23.0697],[120.2081,23.0688],[120.2037,23.0687],[120.2024,23.0741],[120.1955,23.0804],[120.19,23.0857],[120.1963,23.0917],[120.2028,23.0997],[120.21,23.1114],[120.2193,23.1175],[120.2313,23.1269],[120.2387,23.1292],[120.245,23.1315],[120.2535,23.1348],[120.2552,23.1325]]]],[[[[120.4594,23.18],[120.4624,23.1759],[120.4656,23.1722],[120.4676,23.1678],[120.4744,23.1633],[120.4753,23.153],[120.472,23.1401],[120.4799,23.1414],[120.4862,23.1364],[120.4865,23.127],[120.4964,23.1231],[120.5078,23.1249],[120.5174,23.1224],[120.5256,23.1136],[120.5175,23.0998],[120.5075,23.0911],[120.4989,23.0877],[120.4926,23.0882],[120.4853,23.0908],[120.481,23.081],[120.4748,23.0731],[120.4657,23.0733],[120.4604,23.0834],[120.4528,23.0785],[120.4424,23.0742],[120.4405,23.0645],[120.4304,23.066],[120.4248,23.0662],[120.4149,23.0701],[120.4111,23.0789],[120.4066,23.0872],[120.4142,23.0983],[120.4239,23.1079],[120.4286,23.1112],[120.4322,23.1174],[120.4344,23.1347],[120.4351,23.1482],[120.4391,23.1629],[120.4488,23.1769],[120.457,23.1898],[120.4594,23.18]]]],[[[[120.5266,23.231],[120.5411,23.2278],[120.5545,23.2182],[120.574,23.2177],[120.5785,23.2044],[120.5741,23.1956],[120.5686,23.1851],[120.5635,23.1729],[120.5576,23.162],[120.5519,23.1524],[120.5438,23.1443],[120.5497,23.1342],[120.5493,23.1235],[120.5421,23.119],[120.5333,23.1184],[120.5209,23.1193],[120.5141,23.1227],[120.507,23.1233],[120.4975,23.1219],[120.4877,23.1246],[120.4874,23.1307],[120.4858,23.1396],[120.4799,23.141],[120.4736,23.1396],[120.4751,23.1482],[120.4747,23.156],[120.4729,23.1651],[120.4683,23.1676],[120.4668,23.1716],[120.4644,23.1751],[120.4604,23.1757],[120.4598,23.1807],[120.4578,23.1893],[120.4631,23.2002],[120.4683,23.2124],[120.4752,23.2222],[120.487,23.2216],[120.4945,23.2215],[120.5081,23.2318],[120.5185,23.2393],[120.5266,23.231]]]],[[[[120.6097,23.2227],[120.6398,23.2273],[120.6524,23.2109],[120.638,23.1868],[120.6286,23.1691],[120.6107,23.1511],[120.5978,23.1381],[120.5889,23.1197],[120.581,23.1045],[120.5702,23.0855],[120.5564,23.071],[120.5342,23.0572],[120.5192,23.0442],[120.5038,23.0288],[120.4816,23.0128],[120.4714,23.0027],[120.4571,23.0077],[120.4488,23.0107],[120.4415,23.0223],[120.4395,23.0325],[120.4385,23.0448],[120.4326,23.0519],[120.4337,23.0609],[120.4432,23.0671],[120.4485,23.0797],[120.4612,23.0823],[120.4696,23.0738],[120.4803,23.0793],[120.4861,23.0893],[120.4966,23.0884],[120.507,23.0908],[120.5191,23.1034],[120.5335,23.1172],[120.549,23.1227],[120.5444,23.1406],[120.5538,23.1549],[120.5644,23.1736],[120.574,23.1944],[120.5781,23.2137],[120.5923,23.2386],[120.6097,23.2227]]]],[[[[120.408,23.0841],[120.4136,23.0749],[120.4228,23.0702],[120.4281,23.0642],[120.4351,23.0621],[120.4324,23.055],[120.4332,23.0477],[120.4378,23.0407],[120.4396,23.0322],[120.4395,23.023],[120.4465,23.0152],[120.4529,23.011],[120.4581,23.0059],[120.4593,22.996],[120.455,22.991],[120.4532,22.9782],[120.4422,22.9746],[120.4342,22.9593],[120.4225,22.9675],[120.4091,22.972],[120.4061,22.9807],[120.405,22.9914],[120.398,22.9986],[120.3921,23.0096],[120.3872,23.0146],[120.3811,23.0191],[120.3754,23.0249],[120.3766,23.0333],[120.3767,23.0394],[120.3762,23.0446],[120.3741,23.0508],[120.3697,23.0565],[120.3668,23.0583],[120.3633,23.0637],[120.359,23.0703],[120.3687,23.0744],[120.3759,23.079],[120.383,23.0759],[120.3911,23.0787],[120.4034,23.0839],[120.408,23.0841]]]],[[[[120.2679,22.9947],[120.2734,22.9922],[120.2723,22.9869],[120.2718,22.9732],[120.2712,22.9666],[120.2708,22.9594],[120.2703,22.9534],[120.2698,22.9469],[120.2731,22.9414],[120.275,22.9393],[120.268,22.9391],[120.2679,22.9332],[120.2656,22.9258],[120.2638,22.92],[120.2616,22.9163],[120.2638,22.9121],[120.2677,22.9072],[120.2696,22.9038],[120.269,22.8998],[120.2673,22.8983],[120.2568,22.8995],[120.2505,22.896],[120.2362,22.9051],[120.2317,22.9154],[120.2203,22.9096],[120.199,22.9176],[120.1961,22.9293],[120.2025,22.9378],[120.1996,22.9408],[120.2146,22.9449],[120.2192,22.9607],[120.2273,22.9597],[120.238,22.9669],[120.2384,22.9757],[120.2417,22.9793],[120.2483,22.9764],[120.2491,22.985],[120.2482,22.9907],[120.2531,22.9926],[120.2589,22.9942],[120.2679,22.9947]]]],[[[[120.2936,23.0151],[120.2952,23.0079],[120.2998,22.9991],[120.2983,22.9896],[120.2963,22.9823],[120.3048,22.9793],[120.3107,22.9742],[120.3112,22.9684],[120.315,22.9662],[120.3144,22.9591],[120.3211,22.9513],[120.3264,22.9437],[120.3265,22.9371],[120.3248,22.9331],[120.3238,22.9288],[120.322,22.9235],[120.3212,22.9162],[120.3238,22.9102],[120.3256,22.9053],[120.3229,22.9015],[120.3182,22.9016],[120.2985,22.9013],[120.2792,22.8985],[120.2698,22.8982],[120.2696,22.9035],[120.2668,22.908],[120.262,22.915],[120.2638,22.9203],[120.2671,22.9285],[120.2674,22.9388],[120.2739,22.9389],[120.2695,22.9438],[120.2703,22.9534],[120.2709,22.9621],[120.2717,22.9716],[120.2714,22.9869],[120.2737,22.998],[120.275,23.0107],[120.2821,23.0127],[120.2888,23.0125],[120.2936,23.0151]]]],[[[[120.2993,23.0105],[120.314,23.0118],[120.3291,23.0088],[120.3332,22.9969],[120.341,22.9911],[120.3484,22.9924],[120.3536,22.9994],[120.3562,22.9912],[120.3619,22.9831],[120.3684,22.9848],[120.3696,22.9784],[120.3677,22.9694],[120.3703,22.9675],[120.3717,22.9629],[120.3615,22.9654],[120.3521,22.9628],[120.3474,22.9544],[120.3495,22.9421],[120.3491,22.9346],[120.355,22.9237],[120.3545,22.9154],[120.3598,22.9058],[120.3702,22.9102],[120.3662,22.9027],[120.3593,22.8967],[120.3548,22.8918],[120.351,22.8888],[120.3272,22.8981],[120.3196,22.9024],[120.3252,22.9054],[120.3222,22.9134],[120.3227,22.9249],[120.3248,22.933],[120.3265,22.9412],[120.3191,22.9541],[120.315,22.9662],[120.3102,22.9718],[120.3026,22.9799],[120.2983,22.9896],[120.2962,23.0042],[120.2993,23.0105]]]],[[[[120.3866,23.0084],[120.3942,23.0072],[120.3986,22.9969],[120.4056,22.9907],[120.4063,22.9812],[120.4073,22.9721],[120.4195,22.9684],[120.4307,22.9634],[120.4327,22.953],[120.4257,22.9385],[120.4221,22.928],[120.4172,22.9179],[120.4057,22.9157],[120.3981,22.9223],[120.3881,22.9197],[120.3811,22.92],[120.3712,22.9118],[120.3659,22.9077],[120.3564,22.9111],[120.3524,22.9173],[120.355,22.9247],[120.3493,22.9332],[120.3504,22.9394],[120.3487,22.9484],[120.3504,22.9572],[120.3523,22.9636],[120.3608,22.9651],[120.371,22.9612],[120.3704,22.965699999999998],[120.3706,22.969],[120.3666,22.9705],[120.3695,22.9788],[120.3706,22.9839],[120.3626,22.9807],[120.3618,22.988],[120.3568,22.994],[120.3531,23.0002],[120.3619,23.004],[120.3694,23.0041],[120.3802,23.0049],[120.3866,23.0084]]]],[[[[120.2485,23.0672],[120.2521,23.0663],[120.2538,23.0613],[120.2584,23.0596],[120.2617,23.0616],[120.2685,23.0607],[120.2756,23.0595],[120.2797,23.054],[120.2845,23.0488],[120.2843,23.0438],[120.2846,23.0371],[120.2887,23.0314],[120.2837,23.0274],[120.284,23.0198],[120.2891,23.0176],[120.2919,23.014],[120.2882,23.0124],[120.2832,23.014],[120.2802,23.0106],[120.2748,23.009],[120.2739,23.0001],[120.2722,22.9943],[120.2608,22.9946],[120.2546,22.993],[120.2504,22.9912],[120.2451,22.9923],[120.2412,22.9933],[120.2347,22.9985],[120.2294,23.0015],[120.2301,23.0058],[120.2291,23.0106],[120.2258,23.0118],[120.2243,23.0149],[120.223,23.0178],[120.2176,23.0203],[120.2095,23.0226],[120.2205,23.031],[120.2276,23.0442],[120.2398,23.0509],[120.2463,23.0635],[120.2485,23.0672]]]],[[[[120.2094,23.0229],[120.2129,23.0205],[120.2168,23.0196],[120.2175,23.0183],[120.2225,23.0188],[120.223,23.0169],[120.2244,23.0156],[120.2252,23.0138],[120.2257,23.0125],[120.2258,23.0115],[120.2281,23.0111],[120.2293,23.0101],[120.23,23.008],[120.23,23.0052],[120.2289,23.0025],[120.2296,23.0015],[120.2324,23.0009],[120.2318,22.9986],[120.2173,23.0011],[120.2115,22.9976],[120.2085,22.9978],[120.2052,22.9983],[120.2023,22.9993],[120.1975,23.001],[120.1938,23.0034],[120.1926,23.0053],[120.1899,23.0066],[120.1788,23.0055],[120.1738,23.0063],[120.1756,23.0085],[120.1785,23.0102],[120.1821,23.0124],[120.1839,23.0143],[120.1876,23.017],[120.1909,23.0189],[120.1945,23.0204],[120.198,23.0215],[120.2001,23.0221],[120.2035,23.0229],[120.2078,23.0229],[120.2094,23.0229]]]],[[[[120.1442,23.3231],[120.1485,23.3198],[120.1485,23.3146],[120.1535,23.3132],[120.1647,23.3092],[120.1742,23.2982],[120.1834,23.2904],[120.1828,23.2872],[120.179,23.2851],[120.1836,23.284],[120.1776,23.282],[120.1709,23.281],[120.1652,23.2798],[120.1581,23.2864],[120.1525,23.2869],[120.1479,23.2921],[120.1446,23.2887],[120.1499,23.2789],[120.1508,23.2722],[120.1423,23.2623],[120.1362,23.2579],[120.1356,23.2533],[120.1399,23.2466],[120.1423,23.241],[120.1384,23.2375],[120.1311,23.2271],[120.1172,23.2272],[120.1064,23.2257],[120.0962,23.2254],[120.088,23.2296],[120.0888,23.238],[120.0906,23.254],[120.0932,23.2647],[120.0944,23.2751],[120.0949,23.2829],[120.1115,23.3125],[120.11279999999999,23.3228],[120.1204,23.3385],[120.1351,23.3287],[120.1407,23.3253],[120.1442,23.3231]]]],[[[[120.1577,23.0892],[120.1717,23.0828],[120.1783,23.0782],[120.1975,23.0796],[120.2021,23.068],[120.2086,23.0686],[120.2137,23.0722],[120.2167,23.0743],[120.2204,23.0739],[120.2228,23.0758],[120.2244,23.0727],[120.2323,23.0706],[120.2458,23.0612],[120.2377,23.0496],[120.2272,23.0438],[120.2206,23.0316],[120.2095,23.0229],[120.2009,23.0223],[120.1954,23.0207],[120.1884,23.0175],[120.183,23.0131],[120.1773,23.0093],[120.1695,23.006],[120.1627,23.0051],[120.1557,23.0053],[120.1471,23.0017],[120.1394,22.9974],[120.1316,23.002],[120.1272,23.0054],[120.1224,23.009],[120.1188,23.0119],[120.1154,23.0146],[120.1124,23.0171],[120.0835,23.0343],[120.0724,23.0396],[120.065,23.0475],[120.0809,23.065],[120.0984,23.0831],[120.1174,23.0883],[120.1493,23.0914],[120.1577,23.0892]]]],[[[[120.1964,22.9875],[120.2027,22.9814],[120.2119,22.9813],[120.2134,22.9785],[120.2139,22.9763],[120.2149,22.9722],[120.2165,22.9647],[120.2166,22.9557],[120.2163,22.945],[120.2055,22.9449],[120.1998,22.9414],[120.1988,22.9378],[120.2025,22.9378],[120.1994,22.9323],[120.1954,22.9292],[120.194,22.9239],[120.1872,22.92],[120.1772,22.9127],[120.176,22.9132],[120.174,22.9147],[120.1742,22.9237],[120.1751,22.9326],[120.1744,22.9384],[120.1731,22.9457],[120.1708,22.9521],[120.1698,22.9543],[120.1666,22.9594],[120.158,22.9641],[120.1569,22.9665],[120.1596,22.9682],[120.1624,22.9701],[120.1653,22.972],[120.1683,22.9742],[120.1713,22.9759],[120.1746,22.9781],[120.1777,22.9802],[120.1807,22.9819],[120.1848,22.985],[120.19,22.9886],[120.1964,22.9875]]]],[[[[120.233,22.9985],[120.24,22.9985],[120.2398,22.9941],[120.2417,22.9933],[120.2435,22.9915],[120.2448,22.992],[120.2487,22.9925],[120.2477,22.9902],[120.2486,22.9883],[120.2491,22.9859],[120.2492,22.9826],[120.2491,22.9785],[120.2479,22.9759],[120.2433,22.9775],[120.2424,22.9793],[120.2405,22.9796],[120.2386,22.9784],[120.2384,22.9758],[120.2379,22.9743],[120.2381,22.9686],[120.2377,22.9649],[120.2371,22.961],[120.2279,22.9595],[120.2265,22.9613],[120.221,22.9618],[120.2173,22.9606],[120.2163,22.9655],[120.2149,22.9722],[120.2142,22.9752],[120.2137,22.9774],[120.2132,22.9789],[120.212,22.9813],[120.2111,22.9832],[120.2113,22.9865],[120.2118,22.9888],[120.2115,22.9901],[120.2116,22.9929],[120.2119,22.9958],[120.2126,22.9991],[120.2255,23.0004],[120.233,22.9985]]]],[[[[120.1589,23.0057],[120.1614,23.0044],[120.1629,23.0035],[120.1644,23.0031],[120.1653,23.0026],[120.186,22.999],[120.1864,22.9944],[120.1868,22.9873],[120.1831,22.9833],[120.1814,22.9823],[120.1798,22.9815],[120.178,22.9804],[120.1762,22.9792],[120.1746,22.9781],[120.1728,22.9769],[120.1709,22.9756],[120.1695,22.9748],[120.1674,22.9735],[120.1658,22.9723],[120.1639,22.9711],[120.1624,22.9701],[120.1608,22.969],[120.1592,22.9679],[120.1578,22.967],[120.1562,22.966],[120.1554,22.9666],[120.1592,22.9708],[120.1556,22.9784],[120.1463,22.9884],[120.1409,22.9946],[120.1411,22.9956],[120.1405,22.9985],[120.1426,22.9999],[120.1456,23.0011],[120.1488,23.0024],[120.1517,23.0036],[120.1544,23.0048],[120.1572,23.0057],[120.1588,23.0057],[120.1589,23.0057]]]],[[[[120.1748,23.0059],[120.1809,23.0054],[120.1885,23.0072],[120.1918,23.0056],[120.1935,23.0052],[120.1938,23.0034],[120.1962,23.0014],[120.199,23.0005],[120.2028,22.9991],[120.2047,22.9985],[120.2068,22.9981],[120.2094,22.9976],[120.2114,22.9976],[120.2121,22.9967],[120.2117,22.9944],[120.2116,22.9918],[120.2115,22.9896],[120.2118,22.9888],[120.2114,22.9873],[120.2112,22.9846],[120.2116,22.9821],[120.2112,22.9813],[120.2055,22.9814],[120.1976,22.9815],[120.1964,22.9875],[120.1904,22.9885],[120.188,22.9872],[120.187,22.9903],[120.1865,22.9972],[120.1749,22.9993],[120.1649,23.0029],[120.1633,23.0034],[120.1618,23.0042],[120.1596,23.0057],[120.1627,23.0051],[120.1649,23.0047],[120.1672,23.005],[120.1703,23.0063],[120.1732,23.0075],[120.1743,23.006],[120.1748,23.0059]]]],[[[[120.3061,23.1751],[120.3155,23.1702],[120.328,23.1625],[120.3382,23.1562],[120.3448,23.152],[120.3449,23.1433],[120.3387,23.1369],[120.3351,23.1312],[120.3333,23.1258],[120.3323,23.1149],[120.3324,23.1079],[120.3255,23.1063],[120.3217,23.1078],[120.3175,23.1086],[120.3091,23.1105],[120.3023,23.1076],[120.2965,23.1062],[120.2904,23.1077],[120.2866,23.1101],[120.2831,23.107],[120.2817,23.1096],[120.2752,23.1111],[120.2718,23.108],[120.2704,23.1052],[120.2683,23.1066],[120.2663,23.1077],[120.262,23.1052],[120.2569,23.1052],[120.2614,23.1098],[120.2651,23.1152],[120.2688,23.1209],[120.2647,23.1252],[120.2612,23.13],[120.2566,23.1358],[120.261,23.1482],[120.2642,23.158],[120.2665,23.1703],[120.27,23.1712],[120.28,23.1748],[120.3012,23.176],[120.3061,23.1751]]]],[[[[120.3691,23.0999],[120.3841,23.1022],[120.3905,23.1059],[120.3956,23.1077],[120.3999,23.1093],[120.4024,23.1153],[120.4067,23.115],[120.4113,23.112],[120.4191,23.1095],[120.4168,23.1012],[120.4114,23.0941],[120.4081,23.0887],[120.4036,23.0849],[120.3998,23.0808],[120.3925,23.0793],[120.3882,23.0772],[120.3848,23.0766],[120.3807,23.0783],[120.3768,23.0809],[120.3728,23.0794],[120.3709,23.0761],[120.3649,23.0733],[120.3595,23.0717],[120.3573,23.0753],[120.3541,23.0746],[120.3516,23.0757],[120.3509,23.0809],[120.3458,23.0807],[120.3416,23.0803],[120.3427,23.0836],[120.3441,23.0891],[120.3382,23.0961],[120.3339,23.1037],[120.3325,23.1102],[120.3313,23.1196],[120.3349,23.1295],[120.3383,23.1367],[120.3418,23.1262],[120.3482,23.1164],[120.3599,23.1066],[120.3691,23.0999]]]],[[[[120.3359,23.296],[120.3456,23.2988],[120.3534,23.3038],[120.3588,23.2975],[120.3672,23.2973],[120.3766,23.2905],[120.3881,23.2876],[120.3943,23.2786],[120.3896,23.2725],[120.3958,23.2629],[120.403,23.2633],[120.4118,23.2633],[120.4149,23.2572],[120.4218,23.2544],[120.4246,23.2467],[120.4191,23.2387],[120.4101,23.2346],[120.401,23.2306],[120.3922,23.2352],[120.382,23.2372],[120.3715,23.2405],[120.3657,23.2366],[120.359,23.2417],[120.3507,23.2448],[120.3517,23.2521],[120.3445,23.256],[120.3379,23.2594],[120.3317,23.2594],[120.3259,23.2622],[120.3164,23.2608],[120.309,23.2633],[120.2969,23.2649],[120.2883,23.2606],[120.2828,23.2682],[120.2886,23.2767],[120.2939,23.2863],[120.2932,23.294],[120.3072,23.2966],[120.3238,23.2961],[120.3299,23.306],[120.3359,23.296]]]],[[[[120.408,23.3347],[120.4189,23.3249],[120.4335,23.3177],[120.4406,23.3131],[120.4476,23.3054],[120.4525,23.2972],[120.4634,23.3008],[120.4772,23.2981],[120.4876,23.2957],[120.5007,23.2978],[120.5027,23.2894],[120.5111,23.2913],[120.521,23.2798],[120.5293,23.2588],[120.5154,23.2374],[120.4959,23.2226],[120.4807,23.2205],[120.4637,23.2276],[120.4463,23.228],[120.4455,23.2366],[120.433,23.2358],[120.4248,23.2477],[120.4168,23.2567],[120.4096,23.2637],[120.3971,23.2635],[120.3902,23.2763],[120.3887,23.2873],[120.3709,23.293],[120.3581,23.2977],[120.3486,23.3018],[120.3334,23.2979],[120.3413,23.3096],[120.3488,23.3148],[120.361,23.3251],[120.3728,23.3211],[120.3809,23.3256],[120.3852,23.3319],[120.3901,23.3346],[120.3987,23.3394],[120.4027,23.337],[120.408,23.3347]]]],[[[[120.1404,23.1944],[120.1478,23.1884],[120.1516,23.183],[120.1473,23.179],[120.1466,23.1724],[120.1481,23.1662],[120.1534,23.1613],[120.1577,23.1567],[120.1551,23.1482],[120.1547,23.1375],[120.1488,23.132],[120.1551,23.1232],[120.161,23.1176],[120.1762,23.1163],[120.1736,23.0997],[120.1746,23.0873],[120.1629,23.0895],[120.1278,23.0888],[120.0952,23.0799],[120.0699,23.0525],[120.0547,23.0464],[120.0464,23.0573],[120.0422,23.064],[120.0286,23.0665],[120.0304,23.0834],[120.0355,23.1029],[120.041,23.1134],[120.0519,23.1258],[120.0573,23.1476],[120.0587,23.1564],[120.0614,23.1659],[120.0686,23.1806],[120.0856,23.1877],[120.0978,23.1851],[120.105,23.1843],[120.1131,23.1862],[120.1212,23.1821],[120.1295,23.1826],[120.1273,23.1901],[120.1311,23.1935],[120.1404,23.1944]]]],[[[[120.0847,23.2397],[120.088,23.2333],[120.0918,23.228],[120.1,23.2252],[120.1082,23.2267],[120.1189,23.2271],[120.1319,23.2273],[120.1468,23.2345],[120.1592,23.238],[120.1657,23.2349],[120.1689,23.2314],[120.172,23.2264],[120.1756,23.22],[120.1778,23.2117],[120.1758,23.2032],[120.1738,23.1959],[120.1707,23.1868],[120.1662,23.184],[120.1592,23.1853],[120.1523,23.1879],[120.148,23.1885],[120.1417,23.1897],[120.1399,23.1959],[120.1313,23.1936],[120.127,23.1942],[120.1272,23.189],[120.1289,23.1848],[120.1264,23.1833],[120.1219,23.182],[120.1175,23.1844],[120.1116,23.1862],[120.1076,23.1834],[120.1031,23.1832],[120.098,23.185],[120.0923,23.1882],[120.0846,23.1887],[120.0695,23.1837],[120.0814,23.227],[120.0807,23.2298],[120.0812,23.2384],[120.0847,23.2397]]]]]}},{"type":"Feature","properties":{"county":"澎湖縣","countyCode":"10016"},"geometry":{"type":"MultiPolygon","coordinates":[[[[[119.7256,23.5361],[119.7258,23.5359],[119.7262,23.5359],[119.7264,23.5357],[119.7262,23.5353],[119.726,23.5353],[119.7264,23.5351],[119.7263,23.5348],[119.7267,23.535],[119.7265,23.5347],[119.7267,23.5346],[119.7269,23.5343],[119.7266,23.5343],[119.7263,23.5342],[119.7263,23.5344],[119.7259,23.5345],[119.7255,23.5343],[119.725,23.5344],[119.7251,23.5347],[119.7254,23.5349],[119.7252,23.5349],[119.7251,23.5349],[119.7249,23.5347],[119.7247,23.5349],[119.7243,23.535],[119.7244,23.5351],[119.724,23.5349],[119.724,23.5353],[119.7243,23.5352],[119.7242,23.5354],[119.7246,23.5357],[119.7251,23.5359],[119.7252,23.5357],[119.7256,23.5358],[119.7256,23.536],[119.7256,23.5361]]]],[[[[119.6615,23.5401],[119.6614,23.5398],[119.6614,23.5397],[119.6613,23.5396],[119.6612,23.5396],[119.6611,23.5395],[119.661,23.5395],[119.6608,23.5395],[119.6606,23.5396],[119.6605,23.5397],[119.6604,23.5397],[119.6603,23.5397],[119.6601,23.5396],[119.66,23.5397],[119.6601,23.5398],[119.6601,23.5399],[119.6602,23.5399],[119.6602,23.5399],[119.6601,23.54],[119.6599,23.54],[119.6598,23.5401],[119.6601,23.5401],[119.6603,23.5401],[119.6605,23.5401],[119.6606,23.54],[119.6606,23.54],[119.6608,23.5401],[119.6611,23.5403],[119.6612,23.5404],[119.6614,23.5403],[119.6615,23.5402],[119.6615,23.5401]]]],[[[[119.6982,23.5406],[119.6982,23.5405],[119.6983,23.5405],[119.6986,23.5403],[119.6988,23.5399],[119.699,23.5398],[119.6991,23.5397],[119.699,23.5395],[119.6989,23.5394],[119.6994,23.5391],[119.6994,23.5387],[119.6992,23.5385],[119.699,23.5385],[119.6988,23.5383],[119.6983,23.5384],[119.6979,23.5385],[119.6977,23.5383],[119.6975,23.5383],[119.6972,23.5384],[119.6973,23.5388],[119.6972,23.539],[119.697,23.5392],[119.697,23.5393],[119.6968,23.5392],[119.6967,23.5394],[119.6966,23.5396],[119.6968,23.54],[119.6969,23.5402],[119.697,23.5402],[119.6968,23.5403],[119.6969,23.5404],[119.6969,23.5407],[119.6971,23.5407],[119.6972,23.5406],[119.6972,23.5407],[119.6974,23.5408],[119.6978,23.5408],[119.6982,23.5406]]]],[[[[119.6597,23.5416],[119.6595,23.5415],[119.6595,23.5415],[119.6594,23.5415],[119.6593,23.5415],[119.6592,23.5416],[119.6592,23.5416],[119.6591,23.5417],[119.659,23.5418],[119.6591,23.5418],[119.659,23.5419],[119.6591,23.5421],[119.6593,23.5421],[119.6594,23.5422],[119.6595,23.5423],[119.6595,23.5423],[119.6595,23.5424],[119.6596,23.5425],[119.6597,23.5425],[119.6598,23.5425],[119.6599,23.5424],[119.6599,23.5423],[119.6598,23.5422],[119.6599,23.5421],[119.66,23.542],[119.66,23.542],[119.66,23.5419],[119.66,23.5419],[119.6601,23.5418],[119.66,23.5418],[119.6599,23.5417],[119.6598,23.5416],[119.6597,23.5416]]]],[[[[119.661,23.5447],[119.6608,23.5445],[119.6607,23.5445],[119.6606,23.5444],[119.6607,23.5442],[119.6606,23.5441],[119.6607,23.544],[119.6606,23.5438],[119.6605,23.5437],[119.6605,23.5436],[119.6604,23.5435],[119.6602,23.5434],[119.6601,23.5434],[119.6602,23.5433],[119.6601,23.5431],[119.6599,23.543],[119.6597,23.5431],[119.6596,23.5429],[119.6594,23.543],[119.6594,23.5433],[119.6596,23.5436],[119.6597,23.5436],[119.6594,23.5437],[119.6594,23.5439],[119.6594,23.544],[119.6594,23.5441],[119.6594,23.5442],[119.6595,23.5443],[119.6594,23.5443],[119.6598,23.5445],[119.6599,23.5445],[119.6601,23.5445],[119.6603,23.5446],[119.6605,23.5447],[119.6609,23.5448],[119.661,23.5447]]]],[[[[119.6901,23.5468],[119.69,23.5467],[119.69,23.5467],[119.69,23.5467],[119.6899,23.5467],[119.6899,23.5467],[119.6898,23.5467],[119.6898,23.5468],[119.6898,23.5468],[119.6897,23.5468],[119.6896,23.5468],[119.6895,23.5467],[119.6895,23.5467],[119.6895,23.5467],[119.6894,23.5467],[119.6894,23.5469],[119.6894,23.547],[119.6894,23.547],[119.6895,23.5471],[119.6895,23.5472],[119.6896,23.5473],[119.6897,23.5475],[119.6897,23.5475],[119.6897,23.5475],[119.6898,23.5476],[119.6899,23.5476],[119.6899,23.5476],[119.6899,23.5475],[119.69,23.5473],[119.69,23.5473],[119.6901,23.5471],[119.6901,23.5471],[119.6901,23.547],[119.6901,23.5469],[119.6901,23.5468]]]],[[[[119.6863,23.5489],[119.6863,23.5486],[119.6864,23.5483],[119.6864,23.5481],[119.6863,23.548],[119.6862,23.5479],[119.6861,23.5479],[119.6859,23.5479],[119.686,23.5478],[119.686,23.5477],[119.6858,23.5475],[119.6856,23.5473],[119.6854,23.5472],[119.6853,23.5472],[119.6852,23.5472],[119.6852,23.5473],[119.6852,23.5476],[119.6852,23.5478],[119.6853,23.5478],[119.6855,23.5479],[119.6856,23.5479],[119.6856,23.548],[119.6856,23.5481],[119.6855,23.5482],[119.6855,23.5483],[119.6854,23.5487],[119.6855,23.5488],[119.6856,23.5488],[119.6857,23.5488],[119.6857,23.5489],[119.6856,23.5491],[119.6856,23.5493],[119.6856,23.5493],[119.6859,23.5492],[119.6862,23.549],[119.6863,23.5489]]]],[[[[119.7069,23.5541],[119.707,23.5541],[119.707,23.5541],[119.707,23.5541],[119.707,23.5541],[119.707,23.554],[119.7069,23.554],[119.7069,23.554],[119.7069,23.554],[119.7068,23.5541],[119.7068,23.5541],[119.7068,23.5541],[119.7069,23.5541],[119.7069,23.5541]]]],[[[[119.7066,23.5548],[119.7066,23.5547],[119.7065,23.5546],[119.7065,23.5546],[119.7064,23.5546],[119.7064,23.5546],[119.7063,23.5546],[119.7063,23.5547],[119.7063,23.5547],[119.7064,23.5547],[119.7064,23.5547],[119.7065,23.5547],[119.7065,23.5548],[119.7065,23.5548],[119.7066,23.5548],[119.7066,23.5548]]]],[[[[119.697,23.5554],[119.697,23.5551],[119.6972,23.555],[119.6972,23.5549],[119.6972,23.5548],[119.6972,23.5546],[119.6973,23.5544],[119.6972,23.5543],[119.6969,23.5545],[119.6968,23.5545],[119.6969,23.5543],[119.6969,23.5541],[119.6967,23.5541],[119.6966,23.5542],[119.6963,23.5541],[119.6962,23.5543],[119.6965,23.5544],[119.6966,23.5547],[119.6966,23.555],[119.6963,23.5551],[119.6962,23.555],[119.696,23.5551],[119.6958,23.5552],[119.6955,23.5554],[119.6956,23.5555],[119.6958,23.5554],[119.6961,23.5554],[119.6964,23.5553],[119.6965,23.5553],[119.6966,23.5555],[119.6968,23.5556],[119.697,23.5555],[119.697,23.5554]]]],[[[[119.6606,23.555],[119.6604,23.5549],[119.6603,23.5549],[119.6602,23.5549],[119.6601,23.555],[119.66,23.5551],[119.6599,23.5552],[119.6598,23.5553],[119.6598,23.5554],[119.6598,23.5556],[119.6598,23.5557],[119.6597,23.556],[119.6597,23.5561],[119.6598,23.5561],[119.6598,23.5561],[119.6599,23.556],[119.6601,23.5557],[119.6602,23.5556],[119.6604,23.5556],[119.6605,23.5555],[119.6607,23.5554],[119.6608,23.5553],[119.6608,23.5552],[119.6607,23.5551],[119.6606,23.555]]]],[[[[119.7064,23.5568],[119.7065,23.5568],[119.7065,23.5568],[119.7065,23.5568],[119.7066,23.5568],[119.7066,23.5568],[119.7067,23.5568],[119.7067,23.5568],[119.7068,23.5568],[119.7068,23.5567],[119.7068,23.5567],[119.7067,23.5566],[119.7067,23.5566],[119.7066,23.5565],[119.7065,23.5565],[119.7065,23.5565],[119.7065,23.5565],[119.7064,23.5565],[119.7064,23.5565],[119.7063,23.5565],[119.7062,23.5565],[119.7062,23.5564],[119.7061,23.5565],[119.7061,23.5565],[119.7061,23.5565],[119.7061,23.5566],[119.7061,23.5566],[119.7061,23.5567],[119.7062,23.5567],[119.7063,23.5567],[119.7063,23.5568],[119.7064,23.5568],[119.7064,23.5568],[119.7064,23.5568],[119.7064,23.5568]]]],[[[[119.6628,23.5567],[119.6627,23.5566],[119.6626,23.5566],[119.6625,23.5568],[119.6625,23.5569],[119.6624,23.5571],[119.6624,23.5572],[119.6624,23.5574],[119.6624,23.5576],[119.6624,23.5576],[119.6624,23.5576],[119.6626,23.5575],[119.6627,23.5575],[119.6628,23.5574],[119.6629,23.5573],[119.6629,23.5572],[119.6629,23.5571],[119.6629,23.5569],[119.6628,23.5568],[119.6628,23.5567]]]],[[[[119.6955,23.5578],[119.6957,23.5576],[119.6957,23.5575],[119.6957,23.5574],[119.6958,23.5573],[119.6961,23.5573],[119.6961,23.5572],[119.696,23.557],[119.6956,23.5571],[119.6955,23.557],[119.6954,23.5571],[119.6954,23.5573],[119.6953,23.5573],[119.6951,23.5573],[119.6949,23.5572],[119.6947,23.5571],[119.6945,23.557],[119.6942,23.557],[119.6941,23.5572],[119.6941,23.5573],[119.6941,23.5574],[119.6943,23.5574],[119.6944,23.5573],[119.6946,23.5574],[119.6946,23.5575],[119.6944,23.5577],[119.6944,23.5578],[119.6946,23.5578],[119.6947,23.5578],[119.6948,23.5579],[119.6952,23.5579],[119.6953,23.5579],[119.6955,23.5578]]]],[[[[119.7253,23.5587],[119.7256,23.5584],[119.7255,23.5579],[119.7254,23.5577],[119.7252,23.5574],[119.725,23.5572],[119.7248,23.5573],[119.7247,23.5571],[119.7246,23.5573],[119.7245,23.5574],[119.7243,23.5575],[119.7241,23.5575],[119.7238,23.5576],[119.7237,23.5576],[119.7236,23.5575],[119.7234,23.5574],[119.7232,23.5575],[119.7232,23.5576],[119.7231,23.5577],[119.723,23.5577],[119.7227,23.5577],[119.7229,23.558],[119.7229,23.5582],[119.7229,23.5582],[119.7231,23.5583],[119.7232,23.5586],[119.7237,23.5587],[119.7241,23.5589],[119.7245,23.5587],[119.7248,23.5587],[119.7251,23.5588],[119.7253,23.5589],[119.7253,23.5587]]]],[[[[119.6636,23.5587],[119.6642,23.5578],[119.6643,23.5576],[119.6641,23.5575],[119.6641,23.5573],[119.664,23.5572],[119.6638,23.5573],[119.6638,23.5575],[119.6637,23.5577],[119.6637,23.5579],[119.6634,23.558],[119.6632,23.558],[119.6631,23.5582],[119.6633,23.5583],[119.6635,23.5584],[119.6634,23.5585],[119.6632,23.5584],[119.6631,23.5584],[119.6628,23.5584],[119.6627,23.5587],[119.6628,23.559],[119.6629,23.5591],[119.663,23.5594],[119.6629,23.5596],[119.6632,23.5593],[119.6636,23.5589],[119.6636,23.5587]]]],[[[[119.6615,23.5595],[119.6618,23.559],[119.6618,23.5587],[119.662,23.5584],[119.6621,23.5582],[119.6622,23.558],[119.6622,23.5577],[119.6621,23.5574],[119.6619,23.5573],[119.6617,23.5572],[119.6616,23.5575],[119.6615,23.5577],[119.6613,23.5579],[119.6612,23.5581],[119.661,23.5586],[119.6609,23.5589],[119.661,23.5592],[119.661,23.5595],[119.6611,23.5595],[119.6613,23.5594],[119.6614,23.5594],[119.6615,23.5596],[119.6615,23.5595]]]],[[[[119.6649,23.5599],[119.6648,23.5596],[119.6647,23.5594],[119.6647,23.5589],[119.6648,23.5587],[119.6649,23.5585],[119.6651,23.5581],[119.6653,23.5581],[119.6654,23.5579],[119.6654,23.5577],[119.6654,23.5573],[119.6652,23.557],[119.6651,23.5569],[119.6649,23.5569],[119.6647,23.5569],[119.6646,23.5571],[119.6646,23.5574],[119.6645,23.5576],[119.6644,23.558],[119.6646,23.5582],[119.6646,23.5584],[119.6645,23.5585],[119.6645,23.5586],[119.6644,23.5589],[119.6642,23.5593],[119.6641,23.5596],[119.6641,23.5598],[119.6642,23.5599],[119.6645,23.5598],[119.6648,23.56],[119.6649,23.5599]]]],[[[[119.69,23.5628],[119.6899,23.5627],[119.6898,23.5627],[119.6897,23.5628],[119.6897,23.5628],[119.6896,23.5627],[119.6895,23.5626],[119.6894,23.5627],[119.6893,23.5627],[119.6893,23.5626],[119.6892,23.5624],[119.6892,23.5624],[119.6892,23.5622],[119.689,23.5622],[119.689,23.5623],[119.689,23.5623],[119.689,23.5624],[119.689,23.5624],[119.6889,23.5624],[119.6889,23.5625],[119.6889,23.5626],[119.6891,23.5627],[119.6893,23.5628],[119.6895,23.5629],[119.6896,23.5631],[119.6897,23.5631],[119.6897,23.563],[119.6898,23.5629],[119.6899,23.5629],[119.69,23.5628]]]],[[[[119.6921,23.5639],[119.6923,23.5638],[119.6925,23.5637],[119.6923,23.5633],[119.6922,23.5628],[119.6921,23.5625],[119.6923,23.5622],[119.6924,23.5618],[119.6923,23.5613],[119.692,23.5614],[119.6918,23.5612],[119.6917,23.5612],[119.6915,23.5612],[119.6912,23.5612],[119.691,23.5612],[119.6909,23.5613],[119.6907,23.5614],[119.6905,23.5617],[119.6906,23.5619],[119.6907,23.5621],[119.6908,23.5628],[119.6907,23.5628],[119.6906,23.563],[119.6908,23.5632],[119.6907,23.5633],[119.6908,23.5635],[119.6911,23.5637],[119.691,23.5638],[119.6914,23.5637],[119.6915,23.5638],[119.6917,23.5638],[119.6918,23.5639],[119.6921,23.5639]]]],[[[[119.6934,23.5648],[119.6937,23.5646],[119.6938,23.5645],[119.6939,23.5644],[119.694,23.5645],[119.6942,23.5645],[119.6943,23.5645],[119.6945,23.5644],[119.6946,23.5643],[119.6946,23.5642],[119.6944,23.5641],[119.6941,23.5639],[119.6939,23.5639],[119.6937,23.5639],[119.6936,23.564],[119.6937,23.5642],[119.6936,23.5641],[119.6934,23.5641],[119.6933,23.5641],[119.6931,23.5643],[119.6929,23.5644],[119.6929,23.5645],[119.6929,23.5646],[119.693,23.5646],[119.693,23.5646],[119.693,23.5647],[119.693,23.5648],[119.6931,23.5648],[119.6932,23.5648],[119.6932,23.5648],[119.6933,23.5648],[119.6933,23.5648],[119.6933,23.5648],[119.6934,23.5648]]]],[[[[119.6902,23.5982],[119.6903,23.5983],[119.6904,23.5984],[119.6906,23.5983],[119.6905,23.598],[119.6907,23.598],[119.6909,23.598],[119.691,23.5979],[119.691,23.5978],[119.6908,23.5976],[119.691,23.5973],[119.6909,23.5971],[119.6908,23.5972],[119.6908,23.597],[119.6906,23.597],[119.6906,23.5968],[119.6905,23.5966],[119.6904,23.5965],[119.6903,23.5967],[119.6901,23.5966],[119.69,23.5966],[119.6898,23.5967],[119.6899,23.597],[119.6898,23.5972],[119.6897,23.5974],[119.69,23.5976],[119.6899,23.5977],[119.6897,23.5979],[119.6897,23.5981],[119.6897,23.5983],[119.6895,23.5985],[119.6894,23.5986],[119.6898,23.5987],[119.69,23.5985],[119.6902,23.5982]]]],[[[[119.6788,23.5985],[119.6789,23.5984],[119.679,23.5984],[119.6791,23.5983],[119.6792,23.5984],[119.6794,23.5983],[119.6792,23.5982],[119.679,23.5983],[119.6788,23.5983],[119.6787,23.5983],[119.6786,23.5982],[119.6785,23.5982],[119.6783,23.5983],[119.678,23.5982],[119.6779,23.5982],[119.6779,23.5984],[119.6779,23.5985],[119.6781,23.5985],[119.6782,23.5986],[119.6785,23.5988],[119.6787,23.5986],[119.6788,23.5985]]]],[[[[119.6757,23.6],[119.6759,23.6],[119.676,23.5999],[119.6762,23.5998],[119.6763,23.5997],[119.6762,23.5996],[119.6762,23.5996],[119.6763,23.5995],[119.6762,23.5994],[119.6761,23.5995],[119.6761,23.5995],[119.6762,23.5993],[119.6761,23.5993],[119.676,23.5993],[119.6757,23.5992],[119.6755,23.599],[119.6755,23.5988],[119.6754,23.5986],[119.6754,23.5985],[119.6752,23.5984],[119.6751,23.5985],[119.6749,23.5985],[119.6748,23.5986],[119.6749,23.5987],[119.675,23.599],[119.6751,23.5992],[119.675,23.5993],[119.6749,23.5994],[119.675,23.5996],[119.6751,23.5997],[119.6752,23.5998],[119.6755,23.6002],[119.6756,23.6001],[119.6757,23.6]]]],[[[[119.6743,23.6028],[119.6744,23.6028],[119.6744,23.6028],[119.6744,23.6029],[119.6748,23.6027],[119.6749,23.6027],[119.6749,23.6026],[119.6749,23.6025],[119.6749,23.6024],[119.6748,23.6024],[119.6748,23.6025],[119.6747,23.6025],[119.6746,23.6025],[119.6744,23.6025],[119.6743,23.6026],[119.6742,23.6026],[119.6741,23.6027],[119.674,23.6028],[119.6739,23.6028],[119.6739,23.6029],[119.674,23.6029],[119.6742,23.6028],[119.6743,23.6028]]]],[[[[119.6744,23.6053],[119.6748,23.605],[119.6754,23.6053],[119.676,23.6048],[119.6768,23.6046],[119.6773,23.6044],[119.6771,23.6042],[119.6769,23.604],[119.6765,23.6039],[119.6763,23.6038],[119.6764,23.6037],[119.6761,23.6036],[119.6758,23.6039],[119.6758,23.6036],[119.6762,23.6034],[119.6759,23.6035],[119.6762,23.603],[119.6764,23.6026],[119.6757,23.6033],[119.6755,23.6031],[119.67529999999999,23.6034],[119.6738,23.6031],[119.6734,23.6025],[119.6729,23.602],[119.6734,23.6029],[119.6731,23.6033],[119.6727,23.6037],[119.6722,23.604],[119.6725,23.6044],[119.6722,23.6049],[119.6728,23.6049],[119.6733,23.6047],[119.6744,23.6044],[119.6749,23.6044],[119.67529999999999,23.6044],[119.675,23.6047],[119.6742,23.6046],[119.6737,23.6052],[119.6744,23.6053]]]],[[[[119.6514,23.6098],[119.6571,23.6048],[119.6556,23.5984],[119.6597,23.5929],[119.6681,23.6007],[119.6721,23.5979],[119.6804,23.5855],[119.6805,23.5753],[119.6855,23.5634],[119.6926,23.561],[119.6933,23.5573],[119.6923,23.5549],[119.6844,23.5531],[119.6752,23.5558],[119.6684,23.5621],[119.6453,23.5602],[119.6333,23.5524],[119.6223,23.556],[119.6177,23.558],[119.6082,23.5627],[119.6109,23.5702],[119.6064,23.5819],[119.6073,23.5895],[119.6047,23.596],[119.6057,23.6025],[119.6141,23.6041],[119.6266,23.6084],[119.63,23.603],[119.6252,23.6001],[119.6247,23.5928],[119.6264,23.5846],[119.6318,23.5831],[119.6344,23.5909],[119.6372,23.5976],[119.6413,23.5963],[119.6396,23.5898],[119.6434,23.5884],[119.6451,23.5947],[119.6468,23.5969],[119.65,23.6078],[119.6514,23.6098]]]],[[[[119.7007,23.6155],[119.7006,23.6155],[119.7006,23.6155],[119.7006,23.6154],[119.7006,23.6154],[119.7006,23.6153],[119.7007,23.6153],[119.7007,23.6154],[119.7006,23.6152],[119.7004,23.6151],[119.7003,23.6151],[119.7002,23.6151],[119.7001,23.615],[119.7001,23.615],[119.7,23.615],[119.6999,23.6151],[119.7,23.6151],[119.7,23.6152],[119.7,23.6153],[119.7001,23.6154],[119.7,23.6154],[119.7,23.6155],[119.7001,23.6155],[119.7002,23.6156],[119.7003,23.6155],[119.7005,23.6156],[119.7005,23.6156],[119.7006,23.6157],[119.7007,23.6157],[119.7006,23.6156],[119.7006,23.6156],[119.7007,23.6155]]]],[[[[119.7011,23.6159],[119.7011,23.6159],[119.7011,23.6159],[119.7011,23.6159],[119.701,23.6159],[119.701,23.6159],[119.7009,23.616],[119.7008,23.6161],[119.7008,23.6162],[119.7009,23.6162],[119.7009,23.6162],[119.701,23.6163],[119.701,23.6163],[119.701,23.6163],[119.7011,23.6163],[119.7011,23.6163],[119.7011,23.6163],[119.7012,23.6163],[119.7013,23.6163],[119.7013,23.6162],[119.7014,23.6162],[119.7014,23.6162],[119.7014,23.6162],[119.7014,23.6162],[119.7014,23.6161],[119.7013,23.6161],[119.7013,23.616],[119.7012,23.616],[119.7011,23.6159]]]],[[[[119.6987,23.6173],[119.6988,23.6171],[119.6988,23.617],[119.699,23.617],[119.6991,23.6168],[119.6991,23.6166],[119.6993,23.6164],[119.6995,23.6162],[119.6998,23.6158],[119.6997,23.6156],[119.6995,23.6157],[119.6994,23.6157],[119.6993,23.6157],[119.6992,23.6159],[119.6989,23.6161],[119.6991,23.6158],[119.6988,23.6158],[119.6986,23.6158],[119.6983,23.6158],[119.6981,23.6159],[119.6979,23.6159],[119.6978,23.616],[119.6977,23.6161],[119.6976,23.6161],[119.6977,23.6165],[119.6979,23.6165],[119.698,23.6167],[119.6981,23.617],[119.698,23.6172],[119.6982,23.6172],[119.6984,23.6173],[119.6986,23.6173],[119.6987,23.6173]]]],[[[[119.7025,23.6175],[119.7026,23.6175],[119.7026,23.6175],[119.7026,23.6174],[119.7028,23.6173],[119.7028,23.6171],[119.7028,23.617],[119.7027,23.6169],[119.7029,23.6167],[119.7028,23.6166],[119.7027,23.6167],[119.7025,23.6167],[119.7024,23.6167],[119.7023,23.6167],[119.7022,23.6166],[119.7021,23.6166],[119.702,23.6167],[119.702,23.6167],[119.7019,23.6166],[119.7018,23.6167],[119.7017,23.6168],[119.7016,23.6169],[119.7016,23.617],[119.7016,23.6171],[119.7017,23.6173],[119.7018,23.6172],[119.7019,23.6175],[119.7019,23.6175],[119.7021,23.6175],[119.7023,23.6176],[119.7024,23.6175],[119.7026,23.6176],[119.7025,23.6175]]]],[[[[119.698,23.6192],[119.6979,23.6191],[119.6979,23.619],[119.6982,23.619],[119.6982,23.6189],[119.6983,23.6189],[119.6983,23.6188],[119.6983,23.6187],[119.6984,23.6184],[119.6985,23.6183],[119.6984,23.6182],[119.6984,23.6181],[119.6984,23.6181],[119.6983,23.618],[119.6982,23.6179],[119.6981,23.6179],[119.6981,23.618],[119.6981,23.618],[119.6982,23.6181],[119.698,23.6181],[119.6979,23.6181],[119.6977,23.6182],[119.6976,23.6183],[119.6976,23.6184],[119.6976,23.6185],[119.6976,23.6187],[119.6978,23.619],[119.6979,23.6191],[119.6979,23.6192],[119.6978,23.6191],[119.6979,23.6192],[119.6979,23.6193],[119.698,23.6193],[119.698,23.6192]]]],[[[[119.6941,23.6197],[119.6941,23.6197],[119.6941,23.6197],[119.694,23.6197],[119.694,23.6197],[119.694,23.6197],[119.6939,23.6197],[119.6939,23.6197],[119.694,23.6198],[119.694,23.6198],[119.694,23.6198],[119.694,23.6198],[119.694,23.6198],[119.694,23.6199],[119.694,23.6199],[119.6941,23.6199],[119.6941,23.6199],[119.6941,23.6199],[119.6941,23.6199],[119.6942,23.62],[119.6942,23.62],[119.6942,23.62],[119.6942,23.62],[119.6942,23.6199],[119.6942,23.6199],[119.6942,23.6199],[119.6942,23.6198],[119.6942,23.6198],[119.6942,23.6198],[119.6942,23.6198],[119.6941,23.6198],[119.6941,23.6197],[119.6941,23.6197],[119.6941,23.6197]]]],[[[[119.6964,23.6204],[119.6964,23.6203],[119.6964,23.6202],[119.6964,23.6201],[119.6963,23.62],[119.6964,23.6199],[119.6964,23.6198],[119.6963,23.6195],[119.6963,23.6194],[119.6962,23.6192],[119.6961,23.6191],[119.696,23.6192],[119.6959,23.6191],[119.6958,23.6191],[119.6957,23.6191],[119.6956,23.6191],[119.6955,23.6192],[119.6955,23.6191],[119.6955,23.619],[119.6954,23.6189],[119.6953,23.619],[119.6953,23.6191],[119.6952,23.6192],[119.6952,23.6194],[119.6953,23.6195],[119.6955,23.6196],[119.6956,23.6196],[119.6956,23.6195],[119.6957,23.6196],[119.6958,23.6197],[119.6959,23.6199],[119.696,23.62],[119.696,23.6202],[119.6961,23.6203],[119.6962,23.6203],[119.6964,23.6204]]]],[[[[119.6998,23.6203],[119.6998,23.6202],[119.6998,23.6199],[119.7001,23.6201],[119.7001,23.6198],[119.7002,23.6199],[119.7004,23.6199],[119.7002,23.6197],[119.7005,23.6197],[119.7008,23.6196],[119.701,23.6197],[119.7011,23.6196],[119.7012,23.6195],[119.7011,23.6194],[119.7011,23.619],[119.7009,23.6188],[119.7007,23.6186],[119.7009,23.6182],[119.7008,23.6176],[119.7,23.6175],[119.7,23.6173],[119.6996,23.6171],[119.6995,23.6174],[119.6991,23.6173],[119.6988,23.6173],[119.6991,23.6175],[119.6992,23.618],[119.6991,23.6184],[119.6987,23.6183],[119.6987,23.6185],[119.6988,23.6186],[119.6991,23.6187],[119.699,23.619],[119.6988,23.619],[119.6989,23.6194],[119.699,23.6196],[119.6992,23.6198],[119.6993,23.6199],[119.6995,23.62],[119.6997,23.6203],[119.6998,23.6203]]]],[[[[119.6929,23.6229],[119.6929,23.6229],[119.6928,23.6229],[119.6928,23.6229],[119.6928,23.6229],[119.6928,23.6229],[119.6928,23.6229],[119.6928,23.6229],[119.6928,23.623],[119.6928,23.623],[119.6929,23.623],[119.6929,23.623],[119.6929,23.623],[119.6929,23.623],[119.6929,23.623],[119.6929,23.623],[119.6929,23.623],[119.6929,23.623],[119.6929,23.6229],[119.6929,23.6229],[119.6929,23.6229],[119.6929,23.6229]]]],[[[[119.7099,23.6272],[119.7099,23.6269],[119.7098,23.6269],[119.7097,23.6269],[119.7097,23.6268],[119.7096,23.6267],[119.7096,23.6266],[119.7095,23.6266],[119.7095,23.6266],[119.7094,23.6264],[119.7093,23.6264],[119.7093,23.6264],[119.7091,23.6268],[119.709,23.6269],[119.7091,23.6269],[119.7093,23.627],[119.7094,23.627],[119.7094,23.6272],[119.7095,23.6271],[119.7095,23.6271],[119.7096,23.6272],[119.7097,23.6272],[119.7098,23.6273],[119.7098,23.6273],[119.7098,23.6273],[119.7099,23.6272]]]],[[[[119.6861,23.6278],[119.6863,23.6275],[119.6866,23.6273],[119.6868,23.627],[119.6871,23.6265],[119.687,23.6262],[119.6868,23.626],[119.6865,23.626],[119.6857,23.6261],[119.6856,23.6263],[119.6856,23.6259],[119.6853,23.6257],[119.6855,23.6253],[119.6858,23.6252],[119.6854,23.6248],[119.6849,23.6247],[119.6848,23.6251],[119.6847,23.6252],[119.6843,23.6255],[119.6841,23.6254],[119.6839,23.6253],[119.6836,23.6257],[119.6833,23.6261],[119.6834,23.6266],[119.6833,23.6269],[119.6837,23.6269],[119.6838,23.6269],[119.684,23.6269],[119.6842,23.6261],[119.6842,23.6268],[119.6844,23.6274],[119.6848,23.6274],[119.6852,23.6277],[119.6854,23.6278],[119.6856,23.6277],[119.6857,23.6275],[119.6859,23.6278],[119.6861,23.6278]]]],[[[[119.6599,23.6316],[119.6602,23.6317],[119.6604,23.6315],[119.6604,23.6311],[119.6606,23.6311],[119.6608,23.6311],[119.6608,23.6306],[119.6609,23.6305],[119.6611,23.6302],[119.6612,23.63],[119.6616,23.6301],[119.6618,23.6299],[119.6621,23.6299],[119.6622,23.6297],[119.6621,23.6294],[119.6621,23.6292],[119.6616,23.6291],[119.661,23.629],[119.6607,23.629],[119.6608,23.6293],[119.6604,23.6295],[119.6602,23.6298],[119.6602,23.6299],[119.6599,23.6298],[119.6597,23.6299],[119.6595,23.6298],[119.6591,23.6298],[119.659,23.6301],[119.6586,23.6302],[119.6585,23.6305],[119.6588,23.6307],[119.6588,23.6308],[119.6586,23.6309],[119.659,23.6317],[119.6592,23.6316],[119.6593,23.6316],[119.6594,23.632],[119.6596,23.632],[119.6599,23.6318],[119.6599,23.6316]]]],[[[[119.6961,23.6409],[119.6961,23.6409],[119.6959,23.641],[119.6958,23.6411],[119.6958,23.6411],[119.6959,23.6411],[119.696,23.6412],[119.6961,23.6415],[119.6961,23.6416],[119.6963,23.6417],[119.6964,23.6417],[119.6964,23.6417],[119.6963,23.6419],[119.6963,23.642],[119.6964,23.642],[119.6964,23.642],[119.6965,23.6419],[119.6965,23.6418],[119.6966,23.6417],[119.6966,23.6416],[119.6965,23.6416],[119.6965,23.6415],[119.6965,23.6414],[119.6966,23.6413],[119.6966,23.6412],[119.6964,23.6411],[119.6962,23.641],[119.6961,23.6409]]]],[[[[119.5412,23.496],[119.5437,23.4948],[119.5431,23.4935],[119.5397,23.4931],[119.5363,23.4915],[119.5331,23.4895],[119.5286,23.4866],[119.5264,23.4864],[119.5235,23.4864],[119.5212,23.4857],[119.5191,23.4855],[119.5173,23.4855],[119.5148,23.4844],[119.5131,23.4833],[119.5112,23.4831],[119.5096,23.4841],[119.509,23.4866],[119.5098,23.4887],[119.5099,23.4912],[119.5127,23.4909],[119.513,23.4896],[119.5141,23.4882],[119.5141,23.487],[119.5161,23.4868],[119.5177,23.4872],[119.5166,23.4886],[119.5207,23.4901],[119.5206,23.4914],[119.5212,23.4923],[119.522,23.4926],[119.5229,23.4924],[119.5247,23.493],[119.5265,23.4932],[119.5278,23.4949],[119.5293,23.4958],[119.5319,23.496],[119.534,23.4959],[119.5356,23.4962],[119.537,23.4979],[119.5391,23.4971],[119.5412,23.496]]]],[[[[119.5205,23.515],[119.5211,23.515],[119.5216,23.5148],[119.5218,23.514],[119.5217,23.5131],[119.5219,23.512],[119.5219,23.511],[119.522,23.5101],[119.5215,23.5095],[119.5202,23.509],[119.5192,23.5087],[119.5184,23.5089],[119.5169,23.5089],[119.5158,23.5091],[119.5152,23.5092],[119.5151,23.5093],[119.5149,23.5096],[119.5145,23.5094],[119.5144,23.51],[119.5147,23.5107],[119.5152,23.5113],[119.5155,23.5119],[119.5159,23.5124],[119.5161,23.5131],[119.5162,23.514],[119.5161,23.5143],[119.5161,23.5145],[119.5164,23.5147],[119.5171,23.5147],[119.5174,23.5142],[119.5176,23.5137],[119.5191,23.513],[119.5186,23.5122],[119.5205,23.5129],[119.5209,23.514],[119.5192,23.5137],[119.5208,23.5147],[119.5201,23.515],[119.5204,23.5152],[119.5205,23.515]]]],[[[[119.5333,23.5417],[119.5336,23.5412],[119.5334,23.5408],[119.5332,23.5405],[119.5332,23.5399],[119.5334,23.5395],[119.5333,23.539],[119.5331,23.5389],[119.5329,23.5388],[119.5326,23.5387],[119.5324,23.5389],[119.5322,23.5391],[119.5318,23.5393],[119.5316,23.5396],[119.5315,23.5397],[119.5315,23.54],[119.5317,23.5403],[119.5317,23.5407],[119.5314,23.541],[119.5309,23.541],[119.5306,23.5411],[119.5302,23.5412],[119.5301,23.5413],[119.5303,23.5414],[119.5307,23.5415],[119.5311,23.5416],[119.5314,23.5415],[119.5318,23.5416],[119.5321,23.5417],[119.5326,23.5418],[119.5329,23.542],[119.5331,23.5419],[119.5333,23.5417]]]],[[[[119.5416,23.5542],[119.5416,23.5542],[119.5416,23.5542],[119.5416,23.5542],[119.5415,23.5541],[119.5414,23.5541],[119.5413,23.5541],[119.5413,23.5541],[119.5413,23.5542],[119.5412,23.5542],[119.5412,23.5542],[119.5413,23.5543],[119.5413,23.5542],[119.5414,23.5542],[119.5414,23.5542],[119.5414,23.5543],[119.5415,23.5543],[119.5416,23.5543],[119.5416,23.5543],[119.5416,23.5542]]]],[[[[119.5428,23.5549],[119.5433,23.5543],[119.5433,23.5538],[119.5431,23.5533],[119.5425,23.553],[119.5421,23.5529],[119.5418,23.5528],[119.5417,23.5529],[119.5415,23.5529],[119.5413,23.553],[119.5414,23.5531],[119.5415,23.5532],[119.5416,23.5535],[119.5414,23.5537],[119.5415,23.5539],[119.5417,23.5538],[119.5417,23.5539],[119.5417,23.5542],[119.5418,23.5543],[119.5418,23.5545],[119.5413,23.5547],[119.5414,23.555],[119.5417,23.5551],[119.5421,23.555],[119.5424,23.5549],[119.5426,23.555],[119.5428,23.5553],[119.543,23.5553],[119.5429,23.555],[119.5428,23.5549]]]],[[[[119.5982,23.587],[119.5982,23.587],[119.5983,23.5868],[119.5983,23.5868],[119.5983,23.5867],[119.5982,23.5866],[119.5981,23.5866],[119.598,23.5866],[119.5978,23.5866],[119.5975,23.5866],[119.5974,23.5866],[119.5973,23.5865],[119.5972,23.5864],[119.5972,23.5863],[119.5971,23.5862],[119.5971,23.5861],[119.5971,23.5861],[119.597,23.586],[119.5966,23.586],[119.5965,23.5861],[119.5964,23.5861],[119.5962,23.5864],[119.5962,23.5864],[119.5962,23.5865],[119.5962,23.5865],[119.5964,23.5865],[119.5965,23.5866],[119.5965,23.5866],[119.5965,23.5867],[119.5966,23.5867],[119.5967,23.5868],[119.597,23.587],[119.5971,23.587],[119.5973,23.587],[119.5975,23.587],[119.5978,23.5871],[119.598,23.5871],[119.5982,23.587]]]],[[[[119.5842,23.5942],[119.5843,23.5851],[119.5863,23.5784],[119.5871,23.5716],[119.594,23.5715],[119.5988,23.5758],[119.5996,23.5807],[119.6096,23.5807],[119.6091,23.5629],[119.6223,23.5595],[119.6346,23.55],[119.6247,23.5433],[119.6101,23.5325],[119.6064,23.5221],[119.6057,23.5158],[119.5997,23.5109],[119.5864,23.5104],[119.5727,23.5082],[119.5706,23.5238],[119.5504,23.5335],[119.5404,23.5418],[119.5435,23.5462],[119.5518,23.5483],[119.5565,23.536],[119.5622,23.5304],[119.5723,23.5305],[119.5738,23.5207],[119.5811,23.5281],[119.5913,23.5303],[119.599,23.532],[119.6031,23.5403],[119.5982,23.55],[119.5872,23.5508],[119.5689,23.5491],[119.5678,23.5544],[119.576,23.5594],[119.5648,23.5623],[119.5601,23.5674],[119.5674,23.5849],[119.5766,23.5871],[119.5842,23.5942]]]],[[[[119.5515,23.5942],[119.5514,23.5942],[119.5514,23.5942],[119.5514,23.5942],[119.5514,23.5943],[119.5514,23.5943],[119.5514,23.5943],[119.5514,23.5944],[119.5514,23.5944],[119.5514,23.5945],[119.5514,23.5945],[119.5515,23.5946],[119.5515,23.5946],[119.5515,23.5947],[119.5515,23.5948],[119.5516,23.5949],[119.5517,23.5949],[119.5517,23.5948],[119.5517,23.5948],[119.5517,23.5946],[119.5517,23.5945],[119.5517,23.5944],[119.5516,23.5944],[119.5515,23.5943],[119.5515,23.5942]]]],[[[[119.589,23.5964],[119.5892,23.5964],[119.5894,23.5964],[119.5895,23.5963],[119.5894,23.5961],[119.5891,23.5959],[119.5889,23.5958],[119.5888,23.5957],[119.5885,23.5955],[119.5884,23.5953],[119.5883,23.5949],[119.5882,23.5948],[119.5881,23.5948],[119.5879,23.5949],[119.5876,23.5949],[119.5875,23.595],[119.5874,23.5952],[119.5876,23.5953],[119.5877,23.5954],[119.5876,23.5955],[119.5878,23.5956],[119.588,23.5957],[119.5881,23.5958],[119.5881,23.5958],[119.588,23.5958],[119.5882,23.5959],[119.5884,23.5959],[119.5885,23.596],[119.5887,23.5961],[119.5887,23.5962],[119.5888,23.5962],[119.5889,23.5963],[119.5889,23.5965],[119.589,23.5964]]]],[[[[119.5643,23.6038],[119.5642,23.6038],[119.5642,23.6038],[119.5642,23.6038],[119.5642,23.6038],[119.5642,23.6039],[119.5642,23.6041],[119.5642,23.6041],[119.5642,23.6043],[119.5642,23.6045],[119.5642,23.6046],[119.5642,23.6048],[119.5641,23.605],[119.5641,23.6052],[119.5641,23.6056],[119.5642,23.6058],[119.5643,23.6064],[119.5644,23.6066],[119.5645,23.6067],[119.5648,23.6069],[119.565,23.6069],[119.5652,23.6069],[119.5654,23.6068],[119.5656,23.6066],[119.5658,23.6064],[119.5658,23.6061],[119.5658,23.6056],[119.5657,23.6053],[119.5655,23.6051],[119.5652,23.6048],[119.5649,23.6046],[119.5647,23.6044],[119.5646,23.6042],[119.5644,23.604],[119.5643,23.6038]]]],[[[[119.5837,23.6109],[119.5836,23.6109],[119.5836,23.611],[119.5835,23.611],[119.5835,23.6111],[119.5835,23.6112],[119.5835,23.6114],[119.5835,23.6115],[119.5837,23.6118],[119.5838,23.612],[119.584,23.6121],[119.5841,23.6121],[119.5843,23.6121],[119.5844,23.612],[119.5845,23.6118],[119.5846,23.6117],[119.5846,23.6116],[119.5845,23.6115],[119.5843,23.6113],[119.5841,23.6111],[119.5838,23.611],[119.5837,23.6109]]]],[[[[119.5773,23.6107],[119.5773,23.6107],[119.5771,23.6107],[119.5771,23.6108],[119.577,23.6111],[119.577,23.6112],[119.577,23.6114],[119.5771,23.6115],[119.5771,23.6115],[119.5772,23.6118],[119.5773,23.612],[119.5774,23.6123],[119.5775,23.6124],[119.5775,23.6125],[119.5776,23.6125],[119.5777,23.6125],[119.5779,23.6124],[119.5781,23.6122],[119.5782,23.612],[119.5782,23.6119],[119.5782,23.6116],[119.5781,23.6113],[119.578,23.6112],[119.5779,23.6111],[119.5778,23.6111],[119.5776,23.611],[119.5776,23.6109],[119.5776,23.6109],[119.5773,23.6107]]]],[[[[119.6146,23.607],[119.6145,23.607],[119.6144,23.607],[119.6144,23.607],[119.6143,23.607],[119.6143,23.607],[119.6142,23.6069],[119.6141,23.6069],[119.614,23.6069],[119.614,23.6069],[119.6139,23.6069],[119.6139,23.607],[119.6139,23.6071],[119.6139,23.6073],[119.6139,23.6073],[119.614,23.6074],[119.6141,23.6074],[119.6142,23.6074],[119.6142,23.6075],[119.6142,23.6075],[119.6142,23.6076],[119.6142,23.6077],[119.6143,23.6077],[119.6144,23.6077],[119.6145,23.6077],[119.6146,23.6076],[119.6146,23.6076],[119.6148,23.6076],[119.6148,23.6075],[119.6149,23.6074],[119.6149,23.6073],[119.6149,23.6073],[119.6148,23.6072],[119.6148,23.6071],[119.6147,23.6071],[119.6146,23.607]]]],[[[[119.5991,23.6081],[119.5991,23.608],[119.599,23.608],[119.5989,23.6079],[119.5988,23.6079],[119.5988,23.6078],[119.5987,23.6077],[119.5987,23.6077],[119.5986,23.6078],[119.5985,23.6079],[119.5984,23.608],[119.5983,23.6081],[119.5983,23.6081],[119.5984,23.6081],[119.5986,23.6081],[119.5987,23.6081],[119.5987,23.6081],[119.5988,23.6082],[119.5991,23.6082],[119.5991,23.6081]]]],[[[[119.5708,23.6177],[119.5699,23.6165],[119.5681,23.6167],[119.5698,23.6167],[119.5695,23.6174],[119.5694,23.6174],[119.5693,23.6171],[119.5686,23.6175],[119.5684,23.6171],[119.5679,23.6165],[119.5661,23.6184],[119.5652,23.6191],[119.5655,23.6194],[119.5663,23.6197],[119.5674,23.6199],[119.5679,23.6205],[119.5676,23.621],[119.5675,23.6216],[119.5675,23.6221],[119.5679,23.6225],[119.5684,23.6226],[119.5687,23.6226],[119.569,23.6225],[119.5692,23.6222],[119.5695,23.622],[119.5696,23.6216],[119.5698,23.6214],[119.5699,23.621],[119.5698,23.6207],[119.57,23.6204],[119.5703,23.6202],[119.5703,23.6198],[119.5704,23.6195],[119.5706,23.619],[119.5707,23.6187],[119.5709,23.618],[119.5708,23.6177]]]],[[[[119.5577,23.6283],[119.5577,23.6283],[119.5577,23.6283],[119.5577,23.6283],[119.5576,23.6283],[119.5575,23.6283],[119.5575,23.6283],[119.5575,23.6283],[119.5574,23.6282],[119.5574,23.6282],[119.5574,23.6282],[119.5573,23.6282],[119.5573,23.6283],[119.5573,23.6283],[119.5573,23.6283],[119.5573,23.6284],[119.5573,23.6284],[119.5573,23.6284],[119.5574,23.6284],[119.5574,23.6284],[119.5574,23.6284],[119.5574,23.6284],[119.5573,23.6285],[119.5573,23.6285],[119.5573,23.6285],[119.5573,23.6286],[119.5573,23.6286],[119.5573,23.6286],[119.5573,23.6286],[119.5575,23.6286],[119.5575,23.6286],[119.5576,23.6285],[119.5577,23.6285],[119.5577,23.6285],[119.5577,23.6284],[119.5577,23.6284],[119.5577,23.6283]]]],[[[[119.5589,23.63],[119.5589,23.63],[119.5592,23.63],[119.5592,23.63],[119.5592,23.6299],[119.5591,23.6299],[119.5593,23.6298],[119.5593,23.6298],[119.5594,23.6297],[119.5593,23.6297],[119.5591,23.6297],[119.5589,23.6296],[119.5589,23.6296],[119.5588,23.6296],[119.5587,23.6297],[119.5588,23.6298],[119.5588,23.6298],[119.5588,23.6298],[119.5586,23.6299],[119.5586,23.6299],[119.5586,23.63],[119.5587,23.63],[119.5587,23.63],[119.5589,23.63]]]],[[[[119.6175,23.63],[119.6174,23.63],[119.6174,23.63],[119.6173,23.6301],[119.6173,23.6302],[119.6173,23.6304],[119.6173,23.6304],[119.6174,23.6304],[119.6175,23.6303],[119.6175,23.6303],[119.6175,23.6302],[119.6175,23.6301],[119.6175,23.63]]]],[[[[119.5543,23.6311],[119.5544,23.631],[119.5544,23.6309],[119.5543,23.6309],[119.5541,23.6309],[119.554,23.6309],[119.5539,23.6311],[119.5538,23.6311],[119.5535,23.631],[119.5535,23.631],[119.5534,23.6311],[119.5534,23.6312],[119.5534,23.6312],[119.5536,23.6312],[119.5537,23.6313],[119.5537,23.6314],[119.5537,23.6314],[119.5539,23.6314],[119.5541,23.6314],[119.5541,23.6313],[119.5541,23.6312],[119.5542,23.6312],[119.5543,23.6311]]]],[[[[119.6084,23.6373],[119.6084,23.6373],[119.6083,23.6373],[119.6082,23.6374],[119.6082,23.6374],[119.6081,23.6374],[119.6081,23.6375],[119.608,23.6375],[119.608,23.6375],[119.608,23.6375],[119.6081,23.6375],[119.6081,23.6375],[119.6081,23.6375],[119.6081,23.6375],[119.6081,23.6376],[119.608,23.6376],[119.608,23.6376],[119.608,23.6376],[119.6081,23.6376],[119.6081,23.6376],[119.6081,23.6376],[119.6081,23.6376],[119.608,23.6377],[119.608,23.6377],[119.608,23.6377],[119.6081,23.6377],[119.6081,23.6377],[119.6081,23.6377],[119.6081,23.6377],[119.6081,23.6376],[119.6082,23.6376],[119.6083,23.6376],[119.6084,23.6375],[119.6084,23.6374],[119.6084,23.6374],[119.6084,23.6373],[119.6084,23.6373],[119.6084,23.6373],[119.6084,23.6373]]]],[[[[119.6051,23.6389],[119.6051,23.6389],[119.6052,23.6389],[119.6052,23.6389],[119.6053,23.6389],[119.6053,23.6389],[119.6053,23.6389],[119.6052,23.6389],[119.6052,23.6389],[119.6052,23.6388],[119.6052,23.6388],[119.6052,23.6388],[119.6052,23.6388],[119.6051,23.6388],[119.6051,23.6388],[119.6051,23.6388],[119.6051,23.6388],[119.605,23.6388],[119.605,23.6388],[119.605,23.6388],[119.605,23.6388],[119.6049,23.6388],[119.6049,23.6388],[119.6049,23.6388],[119.6049,23.6388],[119.6048,23.6388],[119.6048,23.6389],[119.6048,23.6389],[119.6048,23.6389],[119.6048,23.6389],[119.6049,23.6389],[119.605,23.6389],[119.605,23.639],[119.6051,23.639],[119.6051,23.6389]]]],[[[[119.5883,23.6407],[119.5882,23.6405],[119.5882,23.6401],[119.5881,23.64],[119.5881,23.6399],[119.588,23.6398],[119.588,23.6396],[119.5879,23.6395],[119.5878,23.6395],[119.5877,23.6396],[119.5876,23.6395],[119.5875,23.6395],[119.5873,23.6396],[119.5872,23.6396],[119.5873,23.6397],[119.5873,23.6399],[119.5873,23.6401],[119.5874,23.6402],[119.5874,23.6402],[119.5873,23.6404],[119.5873,23.6405],[119.5873,23.6407],[119.5873,23.6408],[119.5877,23.6408],[119.5881,23.6407],[119.5882,23.6408],[119.5883,23.6409],[119.5884,23.6407],[119.5883,23.6407]]]],[[[[119.6314,23.6409],[119.6314,23.6409],[119.6315,23.6409],[119.6316,23.6409],[119.6316,23.6409],[119.6317,23.6409],[119.6317,23.6409],[119.6316,23.6408],[119.6316,23.6408],[119.6315,23.6408],[119.6314,23.6408],[119.6313,23.6408],[119.6313,23.6408],[119.6313,23.6408],[119.6313,23.6408],[119.6312,23.6408],[119.6311,23.6409],[119.631,23.6409],[119.631,23.641],[119.631,23.641],[119.6311,23.641],[119.6311,23.6411],[119.6311,23.641],[119.6312,23.641],[119.6314,23.6409]]]],[[[[119.63,23.6412],[119.6301,23.6412],[119.6301,23.6412],[119.6301,23.6412],[119.6302,23.6412],[119.6302,23.6412],[119.6303,23.6412],[119.6303,23.6412],[119.6304,23.6411],[119.6305,23.6411],[119.6307,23.6411],[119.6307,23.641],[119.6308,23.641],[119.6307,23.6408],[119.6306,23.6407],[119.6305,23.6406],[119.6304,23.6406],[119.6304,23.6406],[119.6303,23.6406],[119.6303,23.6406],[119.6302,23.6406],[119.6302,23.6406],[119.6301,23.6406],[119.6301,23.6406],[119.6299,23.6407],[119.6298,23.6408],[119.6298,23.6409],[119.6298,23.6412],[119.6298,23.6412],[119.6299,23.6413],[119.6299,23.6413],[119.6299,23.6413],[119.63,23.6412],[119.63,23.6412]]]],[[[[119.6305,23.6424],[119.6305,23.6424],[119.6305,23.6424],[119.6304,23.6423],[119.6304,23.6423],[119.6304,23.6422],[119.6305,23.6422],[119.6304,23.6422],[119.6304,23.6422],[119.6304,23.6422],[119.6304,23.6422],[119.6304,23.6422],[119.6303,23.6422],[119.6303,23.6422],[119.6303,23.6423],[119.6303,23.6423],[119.6303,23.6424],[119.6304,23.6424],[119.6304,23.6424],[119.6304,23.6424],[119.6304,23.6424],[119.6305,23.6424],[119.6305,23.6424]]]],[[[[119.5441,23.6476],[119.544,23.6476],[119.5439,23.6476],[119.5438,23.6476],[119.5437,23.6476],[119.5437,23.6476],[119.5436,23.6477],[119.5436,23.6477],[119.5436,23.6478],[119.5435,23.6478],[119.5435,23.6479],[119.5435,23.648],[119.5435,23.6481],[119.5435,23.6481],[119.5435,23.6481],[119.5436,23.6481],[119.5436,23.6481],[119.5436,23.6481],[119.5436,23.6481],[119.5438,23.6481],[119.544,23.6481],[119.544,23.6481],[119.5441,23.6481],[119.5442,23.648],[119.5442,23.648],[119.5442,23.648],[119.5442,23.648],[119.5443,23.648],[119.5443,23.6479],[119.5443,23.6479],[119.5443,23.6478],[119.5443,23.6478],[119.5443,23.6477],[119.5443,23.6477],[119.5442,23.6477],[119.5442,23.6476],[119.5442,23.6476],[119.5441,23.6476],[119.5441,23.6476]]]],[[[[119.5819,23.649],[119.5819,23.6489],[119.582,23.6489],[119.5819,23.6488],[119.5819,23.6487],[119.5819,23.6487],[119.5819,23.6486],[119.582,23.6485],[119.582,23.6484],[119.5819,23.6484],[119.5819,23.6484],[119.5818,23.6484],[119.5816,23.6484],[119.5815,23.6484],[119.5815,23.6485],[119.5813,23.6486],[119.5812,23.6487],[119.5811,23.6489],[119.5811,23.6489],[119.5811,23.6489],[119.5813,23.6489],[119.5813,23.6489],[119.5814,23.6489],[119.5815,23.649],[119.5815,23.649],[119.5817,23.649],[119.5817,23.649],[119.5819,23.649]]]],[[[[119.5452,23.6487],[119.5451,23.6487],[119.5451,23.6487],[119.545,23.6487],[119.545,23.6488],[119.545,23.6489],[119.545,23.6489],[119.5451,23.649],[119.5451,23.6491],[119.5452,23.6491],[119.5453,23.6492],[119.5454,23.6491],[119.5454,23.6491],[119.5454,23.6489],[119.5453,23.6488],[119.5452,23.6487]]]],[[[[119.5445,23.6486],[119.5443,23.6485],[119.5442,23.6486],[119.5442,23.6487],[119.5444,23.6489],[119.5444,23.6491],[119.5443,23.6492],[119.544,23.6493],[119.5438,23.6494],[119.5439,23.6496],[119.5442,23.6496],[119.5445,23.6497],[119.5446,23.6498],[119.5446,23.65],[119.5447,23.6501],[119.5448,23.65],[119.5448,23.6497],[119.5448,23.6496],[119.545,23.6494],[119.5449,23.6493],[119.5447,23.6492],[119.5447,23.649],[119.5446,23.6489],[119.5445,23.6486]]]],[[[[119.5455,23.6498],[119.5455,23.6498],[119.5455,23.6498],[119.5454,23.6498],[119.5454,23.6498],[119.5453,23.6498],[119.5452,23.6498],[119.5451,23.6498],[119.545,23.6498],[119.545,23.6498],[119.545,23.6499],[119.545,23.6499],[119.545,23.65],[119.545,23.65],[119.5451,23.6501],[119.5452,23.6502],[119.5453,23.6502],[119.5453,23.6503],[119.5453,23.6504],[119.5453,23.6504],[119.5453,23.6505],[119.5453,23.6505],[119.5453,23.6505],[119.5454,23.6505],[119.5455,23.6505],[119.5456,23.6504],[119.5456,23.6504],[119.5456,23.6502],[119.5456,23.6502],[119.5456,23.6502],[119.5455,23.6502],[119.5455,23.6502],[119.5454,23.6502],[119.5454,23.6501],[119.5454,23.6501],[119.5454,23.65],[119.5455,23.65],[119.5455,23.6499],[119.5455,23.6498]]]],[[[[119.6344,23.6515],[119.6351,23.6514],[119.6353,23.6512],[119.6363,23.6512],[119.6367,23.6509],[119.6368,23.6502],[119.6366,23.6497],[119.6366,23.6493],[119.6361,23.6488],[119.6363,23.6482],[119.6352,23.6473],[119.6345,23.6471],[119.6341,23.6464],[119.6339,23.6451],[119.6339,23.6436],[119.6339,23.643],[119.6328,23.6466],[119.6323,23.6461],[119.632,23.6456],[119.6316,23.6454],[119.6307,23.6447],[119.631,23.6451],[119.6296,23.6462],[119.6312,23.6459],[119.6317,23.6461],[119.6317,23.647],[119.6317,23.6475],[119.631,23.6475],[119.6299,23.6467],[119.63,23.6475],[119.6317,23.6481],[119.6317,23.6489],[119.6317,23.6503],[119.6319,23.6505],[119.6323,23.6514],[119.6331,23.6519],[119.6342,23.6517],[119.6344,23.6515]]]],[[[[119.5475,23.6521],[119.5475,23.6521],[119.5474,23.6521],[119.5474,23.6522],[119.5474,23.6522],[119.5474,23.6523],[119.5474,23.6523],[119.5475,23.6523],[119.5475,23.6523],[119.5476,23.6522],[119.5476,23.6522],[119.5475,23.6521]]]],[[[[119.5497,23.653],[119.5497,23.653],[119.5496,23.653],[119.5495,23.6531],[119.5495,23.6531],[119.5494,23.6531],[119.5494,23.653199999999998],[119.5494,23.653199999999998],[119.5494,23.653199999999998],[119.5494,23.6533],[119.5495,23.6533],[119.5495,23.6533],[119.5495,23.653199999999998],[119.5496,23.653199999999998],[119.5497,23.6531],[119.5497,23.6531],[119.5497,23.6531],[119.5497,23.653]]]],[[[[119.5491,23.6535],[119.5492,23.6535],[119.5492,23.6535],[119.5492,23.6535],[119.5493,23.6535],[119.5493,23.6534],[119.5493,23.6534],[119.5492,23.6533],[119.5491,23.6533],[119.5491,23.6534],[119.5491,23.6534],[119.549,23.6534],[119.549,23.6533],[119.549,23.6533],[119.5489,23.6534],[119.5488,23.6535],[119.5488,23.6535],[119.5488,23.6535],[119.5489,23.6536],[119.5489,23.6536],[119.5489,23.6536],[119.5491,23.6535],[119.5491,23.6535]]]],[[[[119.5492,23.6539],[119.5491,23.6538],[119.549,23.6539],[119.549,23.6539],[119.549,23.6539],[119.549,23.654],[119.5491,23.6541],[119.5492,23.6541],[119.5493,23.6541],[119.5493,23.6541],[119.5493,23.654],[119.5493,23.654],[119.5492,23.6539]]]],[[[[119.5481,23.6544],[119.5482,23.6543],[119.5484,23.6543],[119.5485,23.6541],[119.5485,23.6539],[119.5485,23.6538],[119.5487,23.6539],[119.5488,23.6539],[119.5489,23.6538],[119.5488,23.6537],[119.5486,23.6535],[119.5484,23.6533],[119.5482,23.6534],[119.548,23.6535],[119.5479,23.6534],[119.5478,23.6533],[119.5477,23.6533],[119.5477,23.6534],[119.5478,23.6535],[119.5478,23.6536],[119.5476,23.6538],[119.5475,23.6539],[119.5476,23.654],[119.5477,23.6541],[119.5477,23.6543],[119.5478,23.6543],[119.5478,23.6544],[119.5479,23.6544],[119.548,23.6544],[119.5481,23.6544]]]],[[[[119.6415,23.6604],[119.6419,23.6604],[119.6426,23.6604],[119.643,23.6603],[119.6434,23.6602],[119.6439,23.6602],[119.6442,23.6602],[119.6446,23.6601],[119.6453,23.66],[119.6454,23.66],[119.6454,23.66],[119.645,23.66],[119.6445,23.6601],[119.6437,23.66],[119.6434,23.6601],[119.6431,23.6601],[119.6427,23.6601],[119.6425,23.66],[119.6422,23.66],[119.6413,23.6597],[119.6401,23.6593],[119.6397,23.6593],[119.6393,23.6593],[119.6389,23.6586],[119.6386,23.6581],[119.6384,23.658],[119.6383,23.658],[119.6382,23.6582],[119.6383,23.6585],[119.6387,23.659],[119.6389,23.6594],[119.6394,23.6599],[119.6398,23.6603],[119.6404,23.6605],[119.6412,23.6604],[119.6415,23.6604]]]],[[[[119.5487,23.6638],[119.5488,23.6637],[119.5488,23.6637],[119.5489,23.6637],[119.549,23.6636],[119.549,23.6635],[119.5491,23.6633],[119.5491,23.6632],[119.5492,23.663],[119.5491,23.663],[119.5491,23.663],[119.549,23.663],[119.5489,23.6631],[119.5488,23.6633],[119.5487,23.6633],[119.5486,23.6634],[119.5486,23.6634],[119.5486,23.6635],[119.5486,23.6635],[119.5486,23.6635],[119.5486,23.6636],[119.5486,23.6636],[119.5485,23.6636],[119.5484,23.6637],[119.5483,23.6638],[119.5483,23.6638],[119.5484,23.6638],[119.5484,23.6638],[119.5485,23.6638],[119.5485,23.6638],[119.5486,23.6638],[119.5486,23.6638],[119.5487,23.6638]]]],[[[[119.5549,23.6687],[119.5549,23.6687],[119.5549,23.6687],[119.5548,23.6687],[119.5548,23.6688],[119.5547,23.6688],[119.5547,23.6689],[119.5546,23.6689],[119.5546,23.6689],[119.5546,23.6689],[119.5546,23.669],[119.5546,23.669],[119.5546,23.669],[119.5547,23.6691],[119.5548,23.6691],[119.5549,23.6691],[119.555,23.6691],[119.555,23.6691],[119.555,23.669],[119.555,23.669],[119.555,23.6689],[119.555,23.6689],[119.5549,23.6688],[119.5549,23.6688],[119.5549,23.6688],[119.5549,23.6688],[119.5549,23.6687]]]],[[[[119.5545,23.6691],[119.5544,23.6691],[119.5544,23.6691],[119.5543,23.6692],[119.5542,23.6693],[119.5542,23.6693],[119.5542,23.6693],[119.5542,23.6694],[119.5542,23.6694],[119.5543,23.6694],[119.5543,23.6694],[119.5543,23.6694],[119.5544,23.6695],[119.5544,23.6696],[119.5544,23.6696],[119.5545,23.6696],[119.5545,23.6696],[119.5545,23.6695],[119.5545,23.6695],[119.5544,23.6694],[119.5544,23.6694],[119.5545,23.6693],[119.5545,23.6693],[119.5545,23.6693],[119.5545,23.6693],[119.5545,23.6693],[119.5545,23.6692],[119.5545,23.6692],[119.5545,23.6692],[119.5545,23.6691],[119.5545,23.6691]]]],[[[[119.6643,23.6696],[119.6654,23.6699],[119.6653,23.6689],[119.6662,23.6692],[119.6673,23.6687],[119.6668,23.6681],[119.6667,23.6677],[119.6669,23.6673],[119.6663,23.6669],[119.6658,23.6661],[119.6656,23.6654],[119.6657,23.665],[119.6659,23.664],[119.6655,23.6633],[119.6655,23.6627],[119.6662,23.6623],[119.6663,23.6618],[119.6659,23.6614],[119.6657,23.6604],[119.6669,23.6607],[119.6676,23.6605],[119.6667,23.6602],[119.6659,23.6596],[119.6641,23.6592],[119.6637,23.6587],[119.6599,23.6587],[119.6543,23.6567],[119.6592,23.6591],[119.6573,23.6604],[119.6564,23.6596],[119.658,23.6627],[119.6597,23.6628],[119.6612,23.6634],[119.6624,23.6646],[119.6627,23.6655],[119.6634,23.6665],[119.6637,23.6669],[119.6633,23.6681],[119.6637,23.6692],[119.6643,23.6702],[119.6643,23.6696]]]],[[[[119.6123,23.6706],[119.6123,23.6706],[119.6122,23.6706],[119.6122,23.6707],[119.6122,23.6707],[119.6122,23.6708],[119.6122,23.6709],[119.6122,23.6709],[119.6121,23.671],[119.6121,23.671],[119.612,23.6711],[119.612,23.6711],[119.6121,23.6711],[119.6122,23.6711],[119.6122,23.6711],[119.6123,23.6711],[119.6123,23.671],[119.6123,23.6709],[119.6123,23.6709],[119.6123,23.6708],[119.6124,23.6707],[119.6123,23.6706],[119.6123,23.6706]]]],[[[[119.6435,23.6739],[119.6435,23.6739],[119.6436,23.674],[119.6437,23.6739],[119.6436,23.6738],[119.6434,23.6737],[119.6433,23.6736],[119.6431,23.6736],[119.6431,23.6735],[119.643,23.6735],[119.6425,23.6734],[119.6425,23.6734],[119.6424,23.6735],[119.6425,23.6736],[119.6426,23.6736],[119.6425,23.6737],[119.6425,23.6737],[119.6425,23.6738],[119.6425,23.6738],[119.6428,23.6738],[119.643,23.6739],[119.6433,23.674],[119.6434,23.674],[119.6435,23.6739]]]],[[[[119.6451,23.6753],[119.6451,23.6752],[119.645,23.6751],[119.6449,23.6751],[119.6445,23.6752],[119.6443,23.6753],[119.6441,23.6752],[119.6439,23.6751],[119.6437,23.6752],[119.6436,23.6754],[119.6436,23.6755],[119.6436,23.6755],[119.6438,23.6755],[119.644,23.6756],[119.6441,23.6756],[119.6442,23.6757],[119.6447,23.6757],[119.6448,23.6756],[119.6448,23.6755],[119.6446,23.6755],[119.6447,23.6754],[119.645,23.6754],[119.6451,23.6753]]]],[[[[119.6189,23.6754],[119.6195,23.6753],[119.6194,23.6748],[119.6194,23.6743],[119.6193,23.6739],[119.6194,23.6734],[119.6185,23.6731],[119.6181,23.6723],[119.6176,23.6712],[119.6171,23.6701],[119.6168,23.6692],[119.6164,23.6684],[119.616,23.6678],[119.6154,23.6667],[119.6142,23.6653],[119.6155,23.6673],[119.6159,23.6679],[119.6162,23.6684],[119.6165,23.6687],[119.6166,23.669],[119.6168,23.6697],[119.617,23.6706],[119.6176,23.6718],[119.6182,23.6728],[119.6181,23.6733],[119.6177,23.6733],[119.6163,23.6727],[119.6163,23.6711],[119.616,23.6692],[119.6157,23.669],[119.6159,23.6717],[119.6161,23.6728],[119.6161,23.6734],[119.6167,23.6746],[119.6175,23.6752],[119.6177,23.6757],[119.6184,23.6757],[119.6189,23.6754]]]],[[[[119.671,23.6761],[119.6709,23.6759],[119.6712,23.676],[119.6715,23.676],[119.6719,23.6759],[119.6722,23.6759],[119.6724,23.6756],[119.6727,23.6755],[119.6728,23.6751],[119.6728,23.6748],[119.6727,23.6745],[119.6724,23.6743],[119.6721,23.6743],[119.6716,23.6742],[119.6716,23.6746],[119.6713,23.6746],[119.6711,23.6744],[119.6713,23.6744],[119.6713,23.6742],[119.671,23.674],[119.6707,23.6738],[119.6703,23.6738],[119.67,23.6738],[119.6697,23.6738],[119.6694,23.6735],[119.6691,23.6736],[119.6688,23.6735],[119.6687,23.6736],[119.6689,23.674],[119.6691,23.6742],[119.6692,23.6745],[119.6696,23.6751],[119.67,23.6751],[119.6702,23.6754],[119.6703,23.6754],[119.6704,23.6758],[119.6707,23.6759],[119.6709,23.6762],[119.671,23.6761]]]],[[[[119.5562,23.6766],[119.5567,23.676],[119.5569,23.6757],[119.5568,23.6755],[119.5569,23.6754],[119.5567,23.6751],[119.5566,23.6747],[119.5568,23.6743],[119.5567,23.6738],[119.5563,23.6734],[119.5555,23.6736],[119.5551,23.6738],[119.5548,23.674],[119.5546,23.6745],[119.5543,23.6747],[119.5543,23.6752],[119.5541,23.6754],[119.5542,23.6757],[119.5541,23.6759],[119.5542,23.6761],[119.5545,23.6761],[119.5544,23.6764],[119.5545,23.6766],[119.5548,23.6764],[119.5549,23.6765],[119.5551,23.6766],[119.5554,23.6766],[119.5557,23.6767],[119.5561,23.6766],[119.5562,23.6766]]]],[[[[119.5843,23.6766],[119.5936,23.6716],[119.6014,23.67],[119.6088,23.6631],[119.6082,23.6562],[119.6102,23.6481],[119.6023,23.6482],[119.6005,23.6452],[119.6021,23.6339],[119.6075,23.6364],[119.6085,23.6326],[119.6036,23.6308],[119.603,23.6277],[119.6079,23.6218],[119.6134,23.6163],[119.6124,23.607],[119.6043,23.6094],[119.6005,23.6117],[119.6034,23.6186],[119.6024,23.6242],[119.5985,23.6233],[119.5925,23.6244],[119.5893,23.6245],[119.5925,23.6308],[119.595,23.6372],[119.5879,23.6441],[119.5864,23.6494],[119.583,23.6557],[119.5812,23.659],[119.5768,23.6624],[119.5669,23.659],[119.5637,23.6518],[119.5571,23.6559],[119.5449,23.6466],[119.5502,23.6578],[119.5551,23.6684],[119.5639,23.6708],[119.5697,23.671],[119.5746,23.6731],[119.5798,23.6764],[119.5843,23.6766]]]],[[[[119.6571,23.6786],[119.657,23.6785],[119.657,23.6785],[119.657,23.6784],[119.6572,23.6781],[119.6575,23.6776],[119.6577,23.6769],[119.6578,23.6768],[119.6578,23.6767],[119.6579,23.6764],[119.658,23.6763],[119.6581,23.6763],[119.6581,23.6763],[119.6581,23.6762],[119.658,23.6762],[119.658,23.6763],[119.6579,23.6764],[119.6577,23.6768],[119.6574,23.6775],[119.6571,23.6781],[119.657,23.6783],[119.6569,23.6785],[119.6569,23.6786],[119.6567,23.6785],[119.6567,23.6786],[119.6567,23.6788],[119.6569,23.6788],[119.6571,23.6787],[119.6571,23.6786]]]],[[[[119.6642,23.6824],[119.6643,23.6824],[119.6644,23.6824],[119.6645,23.6826],[119.6647,23.6827],[119.6647,23.6825],[119.6647,23.6823],[119.6647,23.6821],[119.6646,23.682],[119.6645,23.6819],[119.6645,23.6818],[119.6644,23.6817],[119.6644,23.6817],[119.6644,23.6816],[119.6643,23.6815],[119.6642,23.6816],[119.6642,23.6816],[119.6641,23.6815],[119.664,23.6816],[119.664,23.6817],[119.664,23.6818],[119.6639,23.682],[119.6638,23.682],[119.6637,23.6821],[119.6635,23.682],[119.6635,23.682],[119.6635,23.6821],[119.6635,23.6822],[119.6635,23.6823],[119.6635,23.6824],[119.6636,23.6824],[119.6637,23.6823],[119.6638,23.6822],[119.6639,23.6824],[119.6639,23.6826],[119.664,23.6827],[119.6641,23.6826],[119.6641,23.6824],[119.6642,23.6824]]]],[[[[119.6668,23.6829],[119.6671,23.6822],[119.6674,23.6824],[119.6679,23.6828],[119.668,23.6824],[119.6676,23.6821],[119.6674,23.6813],[119.668,23.6812],[119.6684,23.6808],[119.6681,23.6803],[119.6679,23.6796],[119.6681,23.6787],[119.6685,23.6784],[119.6692,23.6779],[119.6692,23.6774],[119.6692,23.677],[119.6687,23.6769],[119.6685,23.6765],[119.668,23.676],[119.6678,23.6767],[119.6674,23.6768],[119.6667,23.6765],[119.6662,23.677],[119.665,23.6771],[119.6655,23.6778],[119.666,23.6785],[119.6656,23.6794],[119.6658,23.68],[119.6655,23.6806],[119.6653,23.6811],[119.665,23.6813],[119.6657,23.6814],[119.6664,23.6807],[119.6668,23.6809],[119.6666,23.6821],[119.6669,23.6825],[119.6663,23.6828],[119.6663,23.6833],[119.6668,23.6829]]]],[[[[119.6681,23.683],[119.6681,23.6828],[119.668,23.6829],[119.668,23.683],[119.6679,23.683],[119.6679,23.683],[119.6678,23.6831],[119.6678,23.6831],[119.6677,23.6832],[119.6677,23.6834],[119.6677,23.6835],[119.6677,23.6835],[119.6676,23.6837],[119.6677,23.6837],[119.6678,23.6838],[119.6679,23.6836],[119.6679,23.6836],[119.668,23.6835],[119.6681,23.6835],[119.6681,23.6833],[119.6681,23.6832],[119.6681,23.6831],[119.6681,23.683]]]],[[[[119.6544,23.6844],[119.6543,23.6844],[119.6543,23.6844],[119.6543,23.6844],[119.6543,23.6844],[119.6542,23.6845],[119.6542,23.6845],[119.6542,23.6845],[119.6543,23.6846],[119.6544,23.6846],[119.6544,23.6847],[119.6544,23.6847],[119.6544,23.6847],[119.6545,23.6846],[119.6545,23.6846],[119.6544,23.6845],[119.6544,23.6845],[119.6544,23.6844]]]],[[[[119.6541,23.6845],[119.654,23.6845],[119.654,23.6845],[119.654,23.6845],[119.6541,23.6846],[119.6541,23.6847],[119.6542,23.6847],[119.6542,23.6847],[119.6542,23.6847],[119.6542,23.6847],[119.6542,23.6846],[119.6542,23.6846],[119.6541,23.6845]]]],[[[[119.6548,23.6846],[119.6547,23.6846],[119.6547,23.6846],[119.6547,23.6847],[119.6548,23.6848],[119.6548,23.6848],[119.6549,23.6848],[119.6549,23.6848],[119.655,23.6848],[119.655,23.6848],[119.655,23.6848],[119.6548,23.6847],[119.6548,23.6846]]]],[[[[119.6553,23.6847],[119.6552,23.6847],[119.6551,23.6847],[119.6551,23.6847],[119.6551,23.6847],[119.6551,23.6848],[119.6552,23.6848],[119.6552,23.6849],[119.6552,23.6849],[119.6552,23.6849],[119.6553,23.6849],[119.6553,23.6849],[119.6553,23.6848],[119.6553,23.6848],[119.6553,23.6847]]]],[[[[119.656,23.6848],[119.6559,23.6848],[119.6559,23.6848],[119.6558,23.6849],[119.6558,23.6849],[119.6558,23.6849],[119.6559,23.685],[119.6559,23.685],[119.656,23.685],[119.656,23.6851],[119.656,23.6851],[119.656,23.6851],[119.656,23.6851],[119.656,23.6851],[119.656,23.685],[119.656,23.685],[119.656,23.685],[119.656,23.6849],[119.656,23.6848]]]],[[[[119.6542,23.685],[119.6541,23.685],[119.6541,23.685],[119.654,23.685],[119.654,23.6851],[119.654,23.6851],[119.6541,23.6852],[119.6541,23.6852],[119.6542,23.6853],[119.6542,23.6853],[119.6542,23.6853],[119.6542,23.6853],[119.6542,23.6852],[119.6542,23.6852],[119.6542,23.6851],[119.6542,23.685],[119.6542,23.685]]]],[[[[119.6547,23.6852],[119.6547,23.6852],[119.6547,23.6851],[119.6546,23.685],[119.6545,23.6849],[119.6544,23.6849],[119.6543,23.6849],[119.6543,23.685],[119.6543,23.685],[119.6544,23.685],[119.6544,23.6851],[119.6545,23.6852],[119.6545,23.6852],[119.6546,23.6852],[119.6546,23.6852],[119.6546,23.6852],[119.6546,23.6853],[119.6547,23.6853],[119.6547,23.6853],[119.6547,23.6853],[119.6547,23.6852]]]],[[[[119.6237,23.6853],[119.6238,23.6852],[119.6238,23.6852],[119.6239,23.6851],[119.624,23.685],[119.6241,23.685],[119.6242,23.685],[119.6242,23.685],[119.6242,23.6849],[119.6241,23.6849],[119.624,23.6848],[119.6239,23.6848],[119.6238,23.6848],[119.6237,23.6848],[119.6236,23.6849],[119.6235,23.6847],[119.6234,23.6847],[119.6234,23.6847],[119.6233,23.6847],[119.6233,23.6847],[119.6233,23.6846],[119.6232,23.6846],[119.6231,23.6846],[119.623,23.6846],[119.623,23.6847],[119.623,23.6847],[119.623,23.6848],[119.6231,23.6849],[119.623,23.6849],[119.6228,23.6849],[119.6227,23.6849],[119.6227,23.685],[119.6229,23.685],[119.623,23.6851],[119.6232,23.6852],[119.6233,23.6852],[119.6234,23.6853],[119.6236,23.6853],[119.6237,23.6853]]]],[[[[119.6553,23.6851],[119.6553,23.6851],[119.6553,23.6851],[119.6554,23.6852],[119.6555,23.6852],[119.6555,23.6852],[119.6555,23.6852],[119.6555,23.6852],[119.6555,23.6851],[119.6555,23.6851],[119.6554,23.685],[119.6553,23.685],[119.6553,23.6849],[119.6552,23.6849],[119.6552,23.685],[119.6551,23.685],[119.6551,23.685],[119.655,23.685],[119.655,23.685],[119.6549,23.685],[119.6549,23.685],[119.6549,23.685],[119.6549,23.6851],[119.6549,23.6852],[119.655,23.6852],[119.655,23.6851],[119.6551,23.6851],[119.6551,23.6852],[119.6552,23.6852],[119.6552,23.6853],[119.6553,23.6853],[119.6553,23.6853],[119.6553,23.6852],[119.6553,23.6851]]]],[[[[119.6213,23.6864],[119.6215,23.6864],[119.6216,23.6864],[119.6217,23.6864],[119.6218,23.6862],[119.6218,23.6861],[119.6219,23.6861],[119.6219,23.6859],[119.6217,23.6858],[119.6217,23.6857],[119.6216,23.6856],[119.6214,23.6854],[119.6213,23.6855],[119.6213,23.6857],[119.6214,23.6859],[119.6213,23.686],[119.6212,23.6861],[119.6211,23.6859],[119.621,23.6857],[119.6209,23.6857],[119.6209,23.6859],[119.6209,23.686],[119.6208,23.6861],[119.6209,23.6862],[119.621,23.6863],[119.6211,23.6865],[119.6212,23.6865],[119.6211,23.6867],[119.6213,23.6867],[119.6214,23.6865],[119.6213,23.6864]]]],[[[[119.67,23.6879],[119.67,23.6879],[119.67,23.6879],[119.6699,23.6879],[119.6699,23.688],[119.6699,23.6881],[119.6699,23.6881],[119.6698,23.6882],[119.6698,23.6882],[119.6698,23.6883],[119.6699,23.6883],[119.6699,23.6884],[119.67,23.6884],[119.67,23.6884],[119.6701,23.6883],[119.6701,23.6883],[119.6701,23.6883],[119.6702,23.6882],[119.6702,23.6881],[119.6702,23.688],[119.6701,23.688],[119.67,23.6879]]]],[[[[119.6546,23.6888],[119.6546,23.6888],[119.6547,23.6888],[119.6547,23.6888],[119.6547,23.6889],[119.6548,23.6889],[119.6549,23.6889],[119.655,23.6889],[119.6551,23.6888],[119.6551,23.6888],[119.6551,23.6887],[119.655,23.6887],[119.655,23.6887],[119.655,23.6887],[119.655,23.6886],[119.655,23.6886],[119.6549,23.6885],[119.6549,23.6885],[119.6549,23.6885],[119.6548,23.6886],[119.6548,23.6886],[119.6547,23.6886],[119.6546,23.6886],[119.6546,23.6886],[119.6546,23.6886],[119.6545,23.6887],[119.6544,23.6888],[119.6544,23.6888],[119.6544,23.6889],[119.6545,23.6889],[119.6546,23.6889],[119.6547,23.6889],[119.6546,23.6889],[119.6546,23.6888]]]],[[[[119.6519,23.6899],[119.6521,23.6897],[119.6522,23.6898],[119.6523,23.6897],[119.6522,23.6895],[119.6522,23.6893],[119.6524,23.6894],[119.6524,23.6892],[119.6523,23.689],[119.6525,23.689],[119.6523,23.6887],[119.6522,23.6886],[119.6521,23.6886],[119.6521,23.6889],[119.652,23.6889],[119.652,23.6887],[119.6519,23.6887],[119.6518,23.6887],[119.6518,23.6886],[119.6518,23.6885],[119.6516,23.6884],[119.6514,23.6886],[119.6515,23.6887],[119.6516,23.6887],[119.6514,23.6888],[119.6512,23.689],[119.651,23.6892],[119.6508,23.6893],[119.6506,23.6894],[119.6507,23.6897],[119.6507,23.6899],[119.6511,23.6899],[119.6513,23.6898],[119.6514,23.6899],[119.6515,23.6898],[119.6516,23.6899],[119.6516,23.6898],[119.6517,23.6898],[119.6517,23.69],[119.6519,23.6899]]]],[[[[119.6726,23.6897],[119.6725,23.6897],[119.6725,23.6897],[119.6724,23.6897],[119.6723,23.6898],[119.6723,23.6898],[119.6723,23.6899],[119.6723,23.6899],[119.6723,23.69],[119.6723,23.69],[119.6723,23.69],[119.6724,23.6901],[119.6724,23.6901],[119.6724,23.6901],[119.6724,23.6901],[119.6724,23.6902],[119.6724,23.6902],[119.6724,23.6902],[119.6725,23.6902],[119.6725,23.6901],[119.6725,23.69],[119.6725,23.69],[119.6726,23.6899],[119.6726,23.6899],[119.6726,23.6899],[119.6726,23.6898],[119.6726,23.6898],[119.6726,23.6898],[119.6726,23.6897]]]],[[[[119.6724,23.6904],[119.6724,23.6903],[119.6723,23.6904],[119.6723,23.6904],[119.6723,23.6904],[119.6723,23.6904],[119.6723,23.6904],[119.6724,23.6904],[119.6724,23.6904]]]],[[[[119.6722,23.6904],[119.6722,23.6904],[119.6722,23.6905],[119.6721,23.6905],[119.6721,23.6905],[119.6722,23.6905],[119.6722,23.6905],[119.6722,23.6905],[119.6722,23.6904]]]],[[[[119.5581,23.6898],[119.5581,23.6892],[119.558,23.689],[119.5579,23.6889],[119.558,23.6887],[119.5581,23.6885],[119.5583,23.6884],[119.5583,23.6882],[119.5582,23.6881],[119.558,23.6882],[119.5578,23.6883],[119.5576,23.6883],[119.5573,23.6884],[119.5572,23.6887],[119.5571,23.6888],[119.557,23.689],[119.5569,23.6891],[119.5568,23.6893],[119.5568,23.6893],[119.5566,23.6894],[119.5566,23.6895],[119.5566,23.6895],[119.5566,23.6896],[119.5567,23.6897],[119.5568,23.6898],[119.5569,23.6898],[119.5571,23.6897],[119.5573,23.6898],[119.5575,23.6901],[119.5576,23.6902],[119.5578,23.6903],[119.5578,23.6904],[119.5579,23.6905],[119.558,23.6905],[119.5581,23.6904],[119.5581,23.6901],[119.5581,23.69],[119.5581,23.6898]]]],[[[[119.6707,23.6906],[119.6715,23.6906],[119.6721,23.69],[119.6723,23.6897],[119.6722,23.6891],[119.6726,23.6887],[119.6724,23.6881],[119.672,23.6876],[119.6718,23.6872],[119.6724,23.687],[119.6723,23.6867],[119.6725,23.6859],[119.6723,23.6856],[119.6719,23.6851],[119.6717,23.6844],[119.6711,23.6842],[119.6719,23.6837],[119.672,23.6833],[119.6722,23.6825],[119.6714,23.682],[119.6714,23.6826],[119.671,23.6829],[119.6707,23.6829],[119.6702,23.6838],[119.6703,23.6843],[119.6706,23.6846],[119.6707,23.685],[119.6705,23.6858],[119.6701,23.6865],[119.6698,23.6875],[119.6706,23.6874],[119.6708,23.6875],[119.6707,23.6879],[119.6707,23.6885],[119.6712,23.6884],[119.671,23.6888],[119.6714,23.6892],[119.6714,23.6894],[119.6713,23.6898],[119.671,23.6904],[119.6707,23.6906]]]],[[[[119.5957,23.6904],[119.5959,23.6905],[119.596,23.6905],[119.5962,23.6905],[119.5963,23.6906],[119.5964,23.6906],[119.5967,23.6906],[119.5969,23.6903],[119.5968,23.6902],[119.5966,23.6901],[119.5964,23.6903],[119.5962,23.6903],[119.5962,23.6902],[119.5959,23.6901],[119.5958,23.6901],[119.5957,23.6902],[119.5953,23.6902],[119.5951,23.6905],[119.5949,23.6908],[119.5948,23.691],[119.5948,23.6911],[119.5951,23.6911],[119.5953,23.6909],[119.5954,23.6907],[119.5954,23.6905],[119.5957,23.6904]]]],[[[[119.6706,23.6915],[119.6707,23.6916],[119.6708,23.6916],[119.6708,23.6916],[119.6708,23.6915],[119.6708,23.6915],[119.6709,23.6914],[119.6708,23.6913],[119.6708,23.6912],[119.6709,23.6911],[119.6709,23.691],[119.6708,23.6909],[119.6708,23.6909],[119.6709,23.6908],[119.6708,23.6908],[119.6707,23.6908],[119.6706,23.6908],[119.6706,23.6908],[119.6705,23.6908],[119.6705,23.6909],[119.6705,23.691],[119.6706,23.6911],[119.6706,23.6911],[119.6706,23.6912],[119.6706,23.6912],[119.6705,23.6911],[119.6705,23.6911],[119.6704,23.6911],[119.6704,23.6912],[119.6704,23.6912],[119.6704,23.6913],[119.6704,23.6913],[119.6704,23.6913],[119.6703,23.6913],[119.6703,23.6914],[119.6704,23.6914],[119.6705,23.6915],[119.6706,23.6917],[119.6706,23.6916],[119.6706,23.6915]]]],[[[[119.558,23.6915],[119.5581,23.6915],[119.5582,23.6914],[119.5581,23.6914],[119.558,23.6912],[119.5579,23.6909],[119.5577,23.6909],[119.5575,23.691],[119.5573,23.6909],[119.557,23.6908],[119.5567,23.691],[119.5566,23.6912],[119.5567,23.6914],[119.5569,23.6915],[119.5571,23.6915],[119.5572,23.6916],[119.5572,23.6919],[119.5573,23.692],[119.5573,23.6921],[119.5576,23.6924],[119.5579,23.6924],[119.558,23.6922],[119.5578,23.692],[119.5578,23.6919],[119.5579,23.6917],[119.5579,23.6916],[119.558,23.6915]]]],[[[[119.5596,23.6931],[119.5596,23.693],[119.5596,23.693],[119.5595,23.6931],[119.5595,23.6931],[119.5594,23.6931],[119.5594,23.6932],[119.5595,23.6932],[119.5595,23.6932],[119.5596,23.6932],[119.5596,23.6932],[119.5596,23.6932],[119.5596,23.6931]]]],[[[[119.6518,23.6938],[119.6519,23.6933],[119.6523,23.6934],[119.6523,23.693],[119.6527,23.6928],[119.653,23.6925],[119.6532,23.6923],[119.6532,23.6921],[119.6529,23.6917],[119.653,23.6913],[119.6528,23.6908],[119.6524,23.6907],[119.6521,23.691],[119.6518,23.6911],[119.6518,23.6914],[119.6515,23.6917],[119.6518,23.6919],[119.6516,23.6923],[119.6515,23.6922],[119.6514,23.6921],[119.6514,23.6919],[119.6511,23.6918],[119.6509,23.6916],[119.6504,23.6917],[119.6506,23.6918],[119.6507,23.6919],[119.6505,23.6922],[119.6504,23.6923],[119.6504,23.6925],[119.6502,23.6928],[119.6501,23.693],[119.6496,23.6932],[119.6498,23.6934],[119.6505,23.6934],[119.6511,23.6936],[119.6515,23.6937],[119.6518,23.6938]]]],[[[[119.671,23.6938],[119.671,23.6936],[119.6709,23.6934],[119.6708,23.6934],[119.6708,23.6933],[119.6708,23.6932],[119.6707,23.6931],[119.6706,23.693],[119.6705,23.6929],[119.6704,23.6929],[119.6702,23.6929],[119.6701,23.6928],[119.6699,23.6928],[119.6699,23.6929],[119.6698,23.693],[119.6697,23.6929],[119.6696,23.6929],[119.6697,23.6931],[119.6699,23.6931],[119.6701,23.6931],[119.6702,23.6933],[119.6702,23.6935],[119.6703,23.6936],[119.6704,23.6935],[119.6705,23.6936],[119.6707,23.6938],[119.6708,23.6937],[119.6709,23.6939],[119.671,23.6938]]]],[[[[119.5597,23.6935],[119.5597,23.6934],[119.5596,23.6934],[119.5595,23.6935],[119.5594,23.6938],[119.5593,23.694],[119.5593,23.6941],[119.5593,23.6941],[119.5594,23.6942],[119.5595,23.6943],[119.5595,23.6943],[119.5596,23.6943],[119.5597,23.6943],[119.5598,23.6942],[119.5599,23.6941],[119.5599,23.694],[119.5599,23.694],[119.5598,23.694],[119.5598,23.6939],[119.5597,23.6937],[119.5597,23.6935]]]],[[[[119.5942,23.6944],[119.5944,23.6942],[119.5947,23.6941],[119.5951,23.694],[119.5952,23.6937],[119.5953,23.6936],[119.5953,23.6934],[119.5951,23.6933],[119.5953,23.6932],[119.5954,23.6931],[119.5954,23.6926],[119.5954,23.6924],[119.5955,23.692],[119.5953,23.6917],[119.5952,23.6913],[119.5949,23.6912],[119.5948,23.6915],[119.5946,23.6917],[119.5944,23.6918],[119.5944,23.6921],[119.5946,23.6921],[119.5946,23.6923],[119.5947,23.6925],[119.5947,23.6927],[119.5945,23.6931],[119.5943,23.6932],[119.5942,23.6935],[119.594,23.6936],[119.5937,23.6938],[119.5935,23.6943],[119.5935,23.6944],[119.5936,23.6944],[119.5937,23.6947],[119.5939,23.6949],[119.5942,23.6945],[119.5942,23.6944]]]],[[[[119.5638,23.6954],[119.564,23.6955],[119.5642,23.6953],[119.564,23.6952],[119.5643,23.6951],[119.5646,23.6951],[119.5646,23.6953],[119.565,23.6953],[119.5652,23.6949],[119.5651,23.6945],[119.5653,23.6942],[119.5654,23.6942],[119.5656,23.6942],[119.5656,23.6938],[119.5653,23.6936],[119.565,23.6936],[119.5648,23.6937],[119.5649,23.6938],[119.5648,23.694],[119.5648,23.6942],[119.5646,23.694],[119.5644,23.6942],[119.5643,23.6944],[119.5641,23.6948],[119.5638,23.695],[119.5636,23.6951],[119.5633,23.6952],[119.5636,23.6956],[119.5639,23.6956],[119.5638,23.6954]]]],[[[[119.5933,23.696],[119.5934,23.696],[119.5935,23.6961],[119.5936,23.696],[119.5936,23.696],[119.5935,23.6958],[119.5935,23.6956],[119.5934,23.6955],[119.5935,23.6953],[119.5936,23.6952],[119.5937,23.695],[119.5936,23.6949],[119.5935,23.695],[119.5933,23.6951],[119.5933,23.6953],[119.5932,23.6954],[119.5932,23.6956],[119.5931,23.6957],[119.5929,23.6958],[119.5928,23.6959],[119.5927,23.696],[119.5928,23.6961],[119.5928,23.6961],[119.5928,23.6962],[119.5928,23.6963],[119.5929,23.6963],[119.593,23.6963],[119.5932,23.6961],[119.5933,23.696]]]],[[[[119.6036,23.7064],[119.6037,23.7064],[119.6037,23.7064],[119.6037,23.7064],[119.6038,23.7065],[119.6038,23.7064],[119.6038,23.7064],[119.6038,23.7063],[119.6038,23.7063],[119.6038,23.7062],[119.6038,23.7062],[119.6037,23.7062],[119.6037,23.7062],[119.6037,23.7062],[119.6036,23.7062],[119.6036,23.7063],[119.6035,23.7063],[119.6034,23.7063],[119.6034,23.7063],[119.6034,23.7063],[119.6034,23.7063],[119.6034,23.7063],[119.6033,23.7063],[119.6033,23.7064],[119.6033,23.7064],[119.6033,23.7064],[119.6033,23.7064],[119.6033,23.7064],[119.6034,23.7064],[119.6034,23.7065],[119.6035,23.7064],[119.6035,23.7064],[119.6036,23.7064],[119.6036,23.7064],[119.6036,23.7064]]]],[[[[119.6191,23.7086],[119.6191,23.7086],[119.6191,23.7085],[119.619,23.7084],[119.619,23.7083],[119.6189,23.7083],[119.6188,23.7083],[119.6188,23.7083],[119.6187,23.7084],[119.6187,23.7084],[119.6186,23.7084],[119.6185,23.7084],[119.6183,23.7084],[119.6182,23.7084],[119.6182,23.7084],[119.6181,23.7085],[119.6181,23.7085],[119.6181,23.7086],[119.6181,23.7086],[119.618,23.7086],[119.618,23.7086],[119.6179,23.7087],[119.6179,23.7087],[119.6179,23.7088],[119.618,23.7089],[119.6181,23.709],[119.6182,23.7091],[119.6183,23.7091],[119.6185,23.7092],[119.6186,23.7092],[119.6187,23.7092],[119.6189,23.7091],[119.619,23.7091],[119.619,23.7091],[119.619,23.709],[119.619,23.7089],[119.619,23.7089],[119.619,23.7088],[119.619,23.7087],[119.6191,23.7086],[119.6191,23.7086]]]],[[[[119.6095,23.7104],[119.6094,23.7104],[119.6094,23.7103],[119.6093,23.7103],[119.6092,23.7103],[119.6091,23.7103],[119.609,23.7103],[119.6089,23.7103],[119.6087,23.7102],[119.6086,23.7102],[119.6085,23.7102],[119.6084,23.7102],[119.6083,23.7102],[119.6082,23.7103],[119.6082,23.7103],[119.6082,23.7103],[119.6082,23.7104],[119.6083,23.7104],[119.6083,23.7104],[119.6086,23.7104],[119.6087,23.7104],[119.6088,23.7104],[119.6088,23.7104],[119.6089,23.7104],[119.6089,23.7104],[119.609,23.7104],[119.6091,23.7104],[119.6092,23.7104],[119.6093,23.7104],[119.6094,23.7105],[119.6095,23.7105],[119.6095,23.7104],[119.6095,23.7104]]]],[[[[119.5521,23.7102],[119.5519,23.7102],[119.5516,23.7103],[119.5514,23.7103],[119.5514,23.7103],[119.5513,23.7104],[119.5513,23.7105],[119.5513,23.7106],[119.5514,23.7107],[119.5514,23.7107],[119.5516,23.7107],[119.5516,23.7107],[119.5517,23.7106],[119.5517,23.7105],[119.5518,23.7105],[119.5519,23.7104],[119.552,23.7104],[119.5521,23.7104],[119.5521,23.7103],[119.5521,23.7103],[119.5521,23.7102]]]],[[[[119.5886,23.7106],[119.5887,23.7106],[119.5888,23.7105],[119.5888,23.7104],[119.5888,23.7104],[119.5889,23.7104],[119.5889,23.7102],[119.589,23.7101],[119.589,23.71],[119.5889,23.71],[119.5887,23.7101],[119.5886,23.7101],[119.5886,23.71],[119.5885,23.71],[119.5884,23.7099],[119.5884,23.7099],[119.5883,23.7098],[119.5881,23.7097],[119.5881,23.7098],[119.5881,23.7099],[119.5881,23.71],[119.5881,23.71],[119.5881,23.7101],[119.5882,23.7102],[119.5882,23.7102],[119.5883,23.7102],[119.5883,23.7102],[119.5884,23.7103],[119.5884,23.7102],[119.5885,23.7102],[119.5885,23.7103],[119.5884,23.7105],[119.5884,23.7106],[119.5885,23.7107],[119.5886,23.7107],[119.5886,23.7106]]]],[[[[119.6118,23.7111],[119.6122,23.7114],[119.6126,23.7112],[119.6124,23.7111],[119.6122,23.711],[119.6125,23.7107],[119.6127,23.7103],[119.6126,23.7102],[119.6123,23.7108],[119.6121,23.7109],[119.6119,23.7107],[119.6116,23.7106],[119.6112,23.7105],[119.6109,23.7104],[119.6106,23.7103],[119.6104,23.7103],[119.6103,23.7102],[119.6101,23.7102],[119.6098,23.7099],[119.6098,23.7096],[119.6099,23.7093],[119.6098,23.7091],[119.6094,23.7092],[119.6096,23.7094],[119.6097,23.7096],[119.6095,23.7097],[119.6099,23.7103],[119.6103,23.7104],[119.6105,23.7107],[119.6108,23.7109],[119.611,23.7108],[119.6112,23.7108],[119.6115,23.7109],[119.6116,23.7113],[119.6117,23.7117],[119.6117,23.7113],[119.6118,23.7111]]]],[[[[119.5659,23.7123],[119.5661,23.7124],[119.5662,23.7123],[119.5663,23.7122],[119.5664,23.7121],[119.5667,23.712],[119.567,23.7122],[119.5674,23.7124],[119.5676,23.7124],[119.5676,23.7123],[119.5675,23.7121],[119.5674,23.7118],[119.5673,23.7115],[119.5673,23.7112],[119.5671,23.711],[119.5668,23.7105],[119.5666,23.7105],[119.5664,23.7107],[119.5662,23.7108],[119.5659,23.711],[119.5658,23.7113],[119.5656,23.7116],[119.5655,23.7122],[119.5655,23.7126],[119.5656,23.7127],[119.5657,23.7126],[119.5657,23.7124],[119.5659,23.7123]]]],[[[[119.6104,23.713],[119.6103,23.7129],[119.6102,23.7129],[119.6103,23.7127],[119.6103,23.7127],[119.6103,23.7126],[119.6102,23.7125],[119.6102,23.7126],[119.6102,23.7127],[119.6102,23.7128],[119.6101,23.7129],[119.61,23.7128],[119.6099,23.7128],[119.6098,23.7129],[119.6099,23.7129],[119.61,23.713],[119.61,23.713],[119.6101,23.713],[119.6102,23.7131],[119.6103,23.7131],[119.6104,23.7131],[119.6104,23.713]]]],[[[[119.6102,23.7135],[119.6103,23.7135],[119.6103,23.7134],[119.6103,23.7133],[119.6103,23.7133],[119.6102,23.7132],[119.6102,23.7132],[119.61,23.7131],[119.61,23.7131],[119.6099,23.7131],[119.6099,23.7131],[119.6098,23.7131],[119.6096,23.7132],[119.6096,23.7133],[119.6096,23.7133],[119.6097,23.7134],[119.6098,23.7135],[119.6098,23.7135],[119.6099,23.7135],[119.61,23.7135],[119.6101,23.7136],[119.6102,23.7135]]]],[[[[119.6095,23.7134],[119.6094,23.7134],[119.6094,23.7134],[119.6094,23.7134],[119.6093,23.7134],[119.6093,23.7135],[119.6093,23.7136],[119.6093,23.7136],[119.6093,23.7136],[119.6093,23.7137],[119.6093,23.7137],[119.6094,23.7137],[119.6095,23.7136],[119.6095,23.7136],[119.6095,23.7136],[119.6096,23.7135],[119.6096,23.7135],[119.6095,23.7134]]]],[[[[119.6097,23.7107],[119.6094,23.7107],[119.609,23.7106],[119.6088,23.7106],[119.6086,23.7106],[119.6083,23.7105],[119.608,23.7105],[119.6079,23.7106],[119.6075,23.7107],[119.6073,23.7109],[119.607,23.7113],[119.607,23.7115],[119.6071,23.7117],[119.6072,23.7118],[119.6073,23.7122],[119.6076,23.7126],[119.6079,23.713],[119.6081,23.7132],[119.6083,23.7133],[119.6084,23.7135],[119.6085,23.7135],[119.6087,23.7136],[119.6088,23.7137],[119.6089,23.7136],[119.6089,23.7134],[119.609,23.7132],[119.6092,23.7131],[119.6092,23.7129],[119.6093,23.7127],[119.6095,23.7123],[119.6097,23.712],[119.6098,23.7119],[119.6098,23.7117],[119.6099,23.7116],[119.6102,23.7112],[119.6102,23.711],[119.6101,23.7109],[119.6099,23.7108],[119.6098,23.7107],[119.6097,23.7107]]]],[[[[119.6134,23.7154],[119.6134,23.7151],[119.6133,23.7151],[119.6132,23.7151],[119.6131,23.7151],[119.6131,23.715],[119.6131,23.715],[119.6131,23.7149],[119.6131,23.7148],[119.6131,23.7147],[119.6131,23.7147],[119.6131,23.7146],[119.6131,23.7144],[119.6128,23.7141],[119.6125,23.7141],[119.6125,23.7143],[119.6126,23.7144],[119.6125,23.7146],[119.6125,23.7148],[119.6127,23.7149],[119.6128,23.715],[119.6128,23.7151],[119.6128,23.7151],[119.6129,23.7153],[119.613,23.7153],[119.6131,23.7154],[119.6132,23.7154],[119.6134,23.7154]]]],[[[[119.6127,23.715699999999998],[119.6126,23.7156],[119.6125,23.7155],[119.6125,23.7154],[119.6124,23.7153],[119.6123,23.7152],[119.6123,23.7152],[119.6123,23.7151],[119.6122,23.7151],[119.6121,23.7151],[119.612,23.7151],[119.612,23.7153],[119.6119,23.7153],[119.6119,23.7153],[119.6118,23.7153],[119.6117,23.7154],[119.6117,23.7155],[119.6118,23.7156],[119.6119,23.715699999999998],[119.6119,23.7156],[119.612,23.7156],[119.6123,23.7158],[119.6124,23.7158],[119.6124,23.7158],[119.6125,23.715699999999998],[119.6126,23.715699999999998],[119.6127,23.715699999999998]]]],[[[[119.6112,23.7163],[119.6112,23.7162],[119.6114,23.7162],[119.6114,23.7161],[119.6114,23.7161],[119.6115,23.716],[119.6118,23.716],[119.6119,23.7159],[119.6117,23.7158],[119.6116,23.7158],[119.6117,23.7156],[119.6116,23.7156],[119.6115,23.7156],[119.6115,23.7156],[119.6115,23.7154],[119.6113,23.7155],[119.6112,23.715699999999998],[119.6112,23.7158],[119.6112,23.7158],[119.6113,23.7158],[119.6111,23.7159],[119.6111,23.7161],[119.611,23.7162],[119.6108,23.7161],[119.6107,23.7162],[119.6106,23.7162],[119.6106,23.7163],[119.6108,23.7163],[119.611,23.7164],[119.6111,23.7164],[119.6112,23.7163]]]],[[[[119.5662,23.7167],[119.5662,23.7167],[119.5661,23.7167],[119.5661,23.7167],[119.5659,23.7168],[119.5659,23.7168],[119.5658,23.7169],[119.5657,23.7169],[119.5657,23.717],[119.5657,23.717],[119.5657,23.7172],[119.5657,23.7174],[119.5657,23.7174],[119.5657,23.7174],[119.5657,23.7174],[119.5658,23.7173],[119.5659,23.7173],[119.566,23.7172],[119.566,23.7171],[119.566,23.717],[119.5661,23.7169],[119.5661,23.7168],[119.5662,23.7168],[119.5662,23.7167]]]],[[[[119.5655,23.7174],[119.5654,23.7174],[119.5654,23.7174],[119.5653,23.7176],[119.5652,23.7177],[119.5652,23.7178],[119.5652,23.7179],[119.5652,23.7179],[119.5653,23.7179],[119.5653,23.7178],[119.5653,23.7178],[119.5654,23.7177],[119.5655,23.7176],[119.5655,23.7175],[119.5655,23.7175],[119.5655,23.7174],[119.5655,23.7174]]]],[[[[119.5521,23.7208],[119.5517,23.7198],[119.5534,23.7203],[119.5557,23.7209],[119.5572,23.72],[119.5576,23.7188],[119.5587,23.7194],[119.5589,23.7195],[119.5581,23.7182],[119.5575,23.7176],[119.5578,23.717],[119.5577,23.7163],[119.5567,23.7152],[119.5571,23.7134],[119.5579,23.7115],[119.5579,23.7104],[119.5559,23.7091],[119.5553,23.7092],[119.5547,23.7101],[119.5542,23.7106],[119.5541,23.711],[119.5535,23.7111],[119.5537,23.7121],[119.5543,23.7127],[119.555,23.7131],[119.5561,23.7139],[119.555,23.7146],[119.5552,23.7149],[119.5549,23.7156],[119.5543,23.7159],[119.555,23.7162],[119.5558,23.7166],[119.5556,23.7176],[119.5538,23.7187],[119.553,23.7193],[119.5518,23.7187],[119.5508,23.7196],[119.5518,23.7208],[119.5526,23.7219],[119.5522,23.7209],[119.5521,23.7208]]]],[[[[119.5516,23.7227],[119.5516,23.7227],[119.5514,23.7227],[119.5513,23.7227],[119.5512,23.7228],[119.5511,23.7228],[119.5511,23.7228],[119.5511,23.7229],[119.551,23.7229],[119.551,23.723],[119.5511,23.723],[119.5511,23.7231],[119.5511,23.7231],[119.5512,23.7231],[119.5512,23.7231],[119.5513,23.7231],[119.5514,23.723],[119.5514,23.723],[119.5515,23.723],[119.5516,23.7229],[119.5517,23.7229],[119.5517,23.7228],[119.5517,23.7227],[119.5516,23.7227]]]],[[[[119.6091,23.7316],[119.609,23.7316],[119.6089,23.7316],[119.6087,23.7316],[119.6086,23.7317],[119.6086,23.7317],[119.6086,23.7317],[119.6086,23.7318],[119.6087,23.7318],[119.6086,23.7318],[119.6086,23.7319],[119.6086,23.7319],[119.6085,23.732],[119.6084,23.732],[119.6084,23.7321],[119.6085,23.7322],[119.6087,23.7325],[119.6088,23.7326],[119.6088,23.7327],[119.6089,23.7327],[119.609,23.7327],[119.609,23.7327],[119.6091,23.7327],[119.6092,23.7325],[119.6093,23.7323],[119.6093,23.7323],[119.6093,23.7322],[119.6093,23.7321],[119.6092,23.7321],[119.6091,23.7321],[119.6091,23.732],[119.6092,23.732],[119.6092,23.7319],[119.6092,23.7317],[119.6092,23.7317],[119.6092,23.7316],[119.6091,23.7316]]]],[[[[119.6101,23.7313],[119.61,23.7312],[119.6099,23.7311],[119.6098,23.7311],[119.6097,23.7312],[119.6095,23.7312],[119.6092,23.7312],[119.6089,23.7312],[119.6092,23.7313],[119.6095,23.7313],[119.6098,23.7313],[119.6098,23.7314],[119.6098,23.7315],[119.6098,23.7317],[119.6099,23.7321],[119.61,23.7323],[119.61,23.7325],[119.6099,23.7328],[119.6098,23.7332],[119.6097,23.7336],[119.6096,23.7338],[119.6095,23.7338],[119.6095,23.7339],[119.6096,23.7339],[119.6098,23.7337],[119.6099,23.7333],[119.61,23.7327],[119.6101,23.7324],[119.61,23.7322],[119.61,23.7318],[119.6099,23.7316],[119.6099,23.7315],[119.61,23.7314],[119.61,23.7313],[119.6101,23.7313]]]],[[[[119.6134,23.7329],[119.6133,23.7328],[119.6131,23.7328],[119.6129,23.7328],[119.6128,23.7329],[119.6128,23.7328],[119.6128,23.7326],[119.6128,23.7325],[119.6126,23.7325],[119.6125,23.7325],[119.6123,23.7328],[119.6123,23.733],[119.6123,23.7331],[119.6122,23.7333],[119.6121,23.7334],[119.6121,23.7335],[119.6121,23.7335],[119.6123,23.7339],[119.6125,23.7341],[119.6127,23.7341],[119.6127,23.734],[119.6129,23.7338],[119.613,23.7336],[119.613,23.7334],[119.6132,23.7333],[119.6133,23.7332],[119.6134,23.733],[119.6134,23.7329]]]],[[[[119.6122,23.7338],[119.612,23.7336],[119.6118,23.7336],[119.6116,23.7337],[119.6115,23.7337],[119.6114,23.7336],[119.6115,23.7336],[119.6115,23.7335],[119.6116,23.7334],[119.6116,23.7334],[119.6114,23.7334],[119.6112,23.7334],[119.6109,23.7333],[119.6108,23.7333],[119.6107,23.7333],[119.6108,23.7332],[119.6107,23.7332],[119.6105,23.7332],[119.6104,23.7334],[119.6104,23.7334],[119.6103,23.7334],[119.6105,23.7334],[119.6106,23.7334],[119.6111,23.7335],[119.6113,23.7336],[119.6115,23.7338],[119.6118,23.7339],[119.612,23.7342],[119.6122,23.7343],[119.6123,23.7342],[119.6123,23.734],[119.6122,23.7338]]]],[[[[119.612,23.7364],[119.612,23.7363],[119.6121,23.7363],[119.6122,23.7362],[119.6122,23.7361],[119.6121,23.736],[119.612,23.736],[119.6118,23.7358],[119.6117,23.7356],[119.6115,23.7353],[119.6113,23.7351],[119.6111,23.7351],[119.611,23.7352],[119.611,23.7354],[119.6111,23.7354],[119.6111,23.7352],[119.6113,23.7352],[119.6115,23.7354],[119.6117,23.7357],[119.6117,23.7358],[119.6118,23.736],[119.6119,23.7361],[119.612,23.7362],[119.6119,23.7363],[119.6118,23.7364],[119.6116,23.7364],[119.6114,23.7363],[119.6114,23.7364],[119.6115,23.7365],[119.6118,23.7365],[119.6119,23.7365],[119.612,23.7364]]]],[[[[119.6092,23.7369],[119.6097,23.737],[119.6102,23.7373],[119.6104,23.7375],[119.6103,23.7378],[119.6103,23.738],[119.6104,23.7379],[119.6106,23.7378],[119.6107,23.7377],[119.6106,23.7376],[119.6105,23.7375],[119.6103,23.7373],[119.6098,23.737],[119.6094,23.7368],[119.6093,23.7367],[119.6091,23.7368],[119.609,23.737],[119.6088,23.7372],[119.6087,23.7374],[119.6086,23.7376],[119.6087,23.7378],[119.6089,23.7381],[119.609,23.7381],[119.609,23.738],[119.6089,23.7379],[119.6088,23.7376],[119.6089,23.7373],[119.6092,23.7369]]]],[[[[119.6248,23.7483],[119.6247,23.7483],[119.6245,23.7483],[119.6244,23.7483],[119.6244,23.7484],[119.6246,23.7484],[119.6247,23.7485],[119.6247,23.7485],[119.6248,23.7485],[119.6248,23.7484],[119.6248,23.7483]]]],[[[[119.6251,23.7486],[119.6252,23.7485],[119.6252,23.7484],[119.6251,23.7484],[119.6251,23.7483],[119.625,23.7483],[119.6249,23.7483],[119.6249,23.7485],[119.6249,23.7485],[119.6249,23.7486],[119.6248,23.7486],[119.6249,23.7486],[119.6249,23.7486],[119.625,23.7487],[119.6251,23.7487],[119.6251,23.7487],[119.6251,23.7486]]]],[[[[119.6248,23.7487],[119.6248,23.7487],[119.6248,23.7488],[119.6247,23.7489],[119.6247,23.749],[119.6247,23.749],[119.6247,23.749],[119.6248,23.749],[119.6249,23.7489],[119.625,23.7489],[119.6249,23.7488],[119.6248,23.7487]]]],[[[[119.6248,23.749],[119.6247,23.749],[119.6247,23.7491],[119.6246,23.7492],[119.6246,23.7492],[119.6247,23.7493],[119.6248,23.7492],[119.6248,23.7491],[119.6249,23.7491],[119.6248,23.749]]]],[[[[119.6245,23.7486],[119.6244,23.7486],[119.6244,23.7486],[119.6243,23.7486],[119.6243,23.7487],[119.6243,23.7488],[119.6243,23.7488],[119.6242,23.7489],[119.6242,23.749],[119.6242,23.749],[119.6243,23.749],[119.6243,23.7491],[119.6243,23.7491],[119.6243,23.7491],[119.6243,23.7492],[119.6243,23.7492],[119.6243,23.7492],[119.6244,23.7493],[119.6245,23.7493],[119.6245,23.7493],[119.6246,23.7492],[119.6246,23.7491],[119.6246,23.749],[119.6246,23.7489],[119.6245,23.7488],[119.6245,23.7488],[119.6245,23.7488],[119.6245,23.7487],[119.6245,23.7487],[119.6245,23.7486]]]],[[[[119.6255,23.7494],[119.6256,23.7494],[119.6256,23.7494],[119.6256,23.7493],[119.6255,23.7492],[119.6254,23.7491],[119.6253,23.749],[119.6253,23.749],[119.6253,23.7491],[119.6252,23.7492],[119.6251,23.7493],[119.6251,23.7493],[119.6251,23.7494],[119.6252,23.7494],[119.6253,23.7494],[119.6254,23.7494],[119.6255,23.7494]]]],[[[[119.6248,23.7502],[119.6248,23.7501],[119.6248,23.7501],[119.6247,23.7501],[119.6247,23.7501],[119.6246,23.7501],[119.6246,23.75],[119.6246,23.7499],[119.6245,23.7499],[119.6243,23.7498],[119.6243,23.7498],[119.6242,23.7498],[119.6242,23.7499],[119.6242,23.75],[119.6242,23.75],[119.6242,23.7501],[119.6241,23.7501],[119.6241,23.7501],[119.6242,23.7502],[119.6242,23.7502],[119.6243,23.7502],[119.6243,23.7502],[119.6244,23.7502],[119.6244,23.7502],[119.6245,23.7502],[119.6245,23.7502],[119.6246,23.7502],[119.6246,23.7502],[119.6246,23.7503],[119.6246,23.7504],[119.6246,23.7505],[119.6247,23.7505],[119.6247,23.7505],[119.6248,23.7505],[119.6248,23.7505],[119.6249,23.7504],[119.6249,23.7503],[119.6249,23.7503],[119.6248,23.7502]]]],[[[[119.6247,23.7508],[119.6246,23.7507],[119.6246,23.7508],[119.6246,23.7508],[119.6245,23.7508],[119.6246,23.7509],[119.6246,23.751],[119.6247,23.7511],[119.6247,23.7511],[119.6248,23.7511],[119.6248,23.751],[119.6248,23.751],[119.6247,23.7509],[119.6247,23.7508],[119.6247,23.7508],[119.6247,23.7508]]]],[[[[119.6242,23.751],[119.6242,23.751],[119.6241,23.751],[119.6241,23.751],[119.6241,23.7511],[119.624,23.7513],[119.624,23.7514],[119.6241,23.7514],[119.6241,23.7514],[119.6242,23.7513],[119.6242,23.7513],[119.6243,23.7512],[119.6243,23.7511],[119.6243,23.751],[119.6242,23.751]]]],[[[[119.6246,23.7514],[119.6245,23.7513],[119.6245,23.7513],[119.6244,23.7513],[119.6244,23.7513],[119.6243,23.7513],[119.6243,23.7513],[119.6243,23.7513],[119.6243,23.7514],[119.6242,23.7514],[119.6242,23.7515],[119.6242,23.7515],[119.6241,23.7515],[119.6242,23.7516],[119.6243,23.7516],[119.6244,23.7517],[119.6245,23.7517],[119.6245,23.7517],[119.6245,23.7516],[119.6245,23.7515],[119.6246,23.7515],[119.6246,23.7514],[119.6246,23.7514]]]],[[[[119.6247,23.7515],[119.6247,23.7515],[119.6246,23.7515],[119.6246,23.7515],[119.6246,23.7516],[119.6246,23.7517],[119.6247,23.7517],[119.6248,23.7517],[119.6248,23.7518],[119.6249,23.7518],[119.625,23.7518],[119.625,23.7518],[119.625,23.7517],[119.625,23.7517],[119.6249,23.7516],[119.6248,23.7516],[119.6248,23.7516],[119.6247,23.7515],[119.6247,23.7515]]]],[[[[119.6242,23.7516],[119.6242,23.7516],[119.6241,23.7516],[119.6241,23.7516],[119.6241,23.7517],[119.624,23.7517],[119.6241,23.7518],[119.6241,23.7518],[119.6243,23.7519],[119.6244,23.7519],[119.6245,23.7519],[119.6245,23.7518],[119.6244,23.7517],[119.6242,23.7516]]]],[[[[119.6249,23.752],[119.625,23.752],[119.6251,23.752],[119.6251,23.752],[119.6252,23.752],[119.6252,23.752],[119.6252,23.752],[119.6251,23.7519],[119.625,23.7519],[119.6249,23.7518],[119.6249,23.7518],[119.6248,23.7518],[119.6248,23.7519],[119.6248,23.7519],[119.6247,23.752],[119.6247,23.752],[119.6247,23.7521],[119.6246,23.7521],[119.6247,23.7521],[119.6248,23.7521],[119.6249,23.7521],[119.6249,23.752]]]],[[[[119.624,23.7523],[119.624,23.7522],[119.624,23.7522],[119.6239,23.7521],[119.6238,23.7521],[119.6237,23.7522],[119.6237,23.7522],[119.6237,23.7523],[119.6237,23.7523],[119.6237,23.7523],[119.6238,23.7523],[119.6239,23.7523],[119.624,23.7523],[119.624,23.7523]]]],[[[[119.6252,23.7523],[119.6252,23.7523],[119.6252,23.7522],[119.6251,23.7522],[119.6251,23.7521],[119.6251,23.7521],[119.625,23.7521],[119.625,23.7522],[119.625,23.7522],[119.625,23.7523],[119.625,23.7523],[119.625,23.7523],[119.6251,23.7523],[119.6252,23.7523]]]],[[[[119.6232,23.7525],[119.6232,23.7524],[119.6231,23.7524],[119.6231,23.7525],[119.6232,23.7526],[119.6233,23.7527],[119.6233,23.7527],[119.6234,23.7527],[119.6233,23.7526],[119.6232,23.7525]]]],[[[[119.5974,23.7553],[119.5975,23.7553],[119.5976,23.7552],[119.5977,23.7553],[119.5978,23.7552],[119.598,23.7551],[119.5981,23.7549],[119.5983,23.7547],[119.5984,23.7546],[119.5984,23.7545],[119.5985,23.7544],[119.5987,23.7543],[119.5988,23.7542],[119.5989,23.7542],[119.599,23.754],[119.5988,23.754],[119.5988,23.7539],[119.5987,23.7539],[119.5986,23.7539],[119.5983,23.7541],[119.5982,23.7542],[119.5979,23.7543],[119.5978,23.7544],[119.5976,23.7544],[119.5976,23.7546],[119.5974,23.7547],[119.5973,23.7548],[119.5974,23.755],[119.5973,23.7549],[119.5972,23.755],[119.5971,23.7551],[119.5973,23.7551],[119.5974,23.7552],[119.5971,23.7553],[119.597,23.7554],[119.5972,23.7554],[119.5973,23.7554],[119.5974,23.7553]]]],[[[[119.6209,23.7548],[119.6208,23.7548],[119.6208,23.7548],[119.6207,23.7548],[119.6207,23.7549],[119.6207,23.7549],[119.6207,23.755],[119.6207,23.755],[119.6207,23.7551],[119.6208,23.7551],[119.6208,23.7551],[119.6208,23.7552],[119.6207,23.7552],[119.6207,23.7552],[119.6206,23.7553],[119.6206,23.7553],[119.6205,23.7553],[119.6205,23.7553],[119.6205,23.7554],[119.6205,23.7554],[119.6206,23.7554],[119.6207,23.7554],[119.6207,23.7554],[119.6208,23.7554],[119.6209,23.7554],[119.621,23.7553],[119.6211,23.7553],[119.6211,23.7552],[119.6212,23.7551],[119.6212,23.755],[119.6211,23.755],[119.6211,23.7549],[119.621,23.7549],[119.621,23.7548],[119.6209,23.7548]]]],[[[[119.62,23.7558],[119.62,23.7558],[119.6199,23.7558],[119.6199,23.7558],[119.62,23.7557],[119.62,23.7557],[119.6201,23.7556],[119.6201,23.7555],[119.6201,23.7555],[119.62,23.7555],[119.62,23.7555],[119.6199,23.7555],[119.6199,23.7556],[119.6199,23.7557],[119.6199,23.7557],[119.6198,23.7558],[119.6198,23.7558],[119.6198,23.7559],[119.6198,23.7559],[119.6198,23.7559],[119.6198,23.756],[119.6198,23.7561],[119.6198,23.7561],[119.6199,23.7561],[119.62,23.7561],[119.6201,23.7561],[119.6201,23.7561],[119.6201,23.7561],[119.6201,23.756],[119.6201,23.756],[119.6201,23.756],[119.6202,23.7559],[119.6202,23.7559],[119.6201,23.7558],[119.6201,23.7558],[119.62,23.7558]]]],[[[[119.6075,23.7572],[119.6076,23.7572],[119.6077,23.7572],[119.6079,23.7572],[119.608,23.7572],[119.6082,23.7572],[119.6082,23.7572],[119.6081,23.7571],[119.6081,23.757],[119.608,23.7569],[119.608,23.7569],[119.608,23.757],[119.6079,23.7569],[119.6076,23.7568],[119.6075,23.7568],[119.6074,23.7567],[119.6073,23.7568],[119.6071,23.7567],[119.607,23.7566],[119.607,23.7567],[119.607,23.7568],[119.6071,23.7569],[119.607,23.7569],[119.607,23.757],[119.607,23.7571],[119.6071,23.7572],[119.6072,23.7573],[119.6073,23.7573],[119.6073,23.7572],[119.6075,23.7572]]]],[[[[119.6081,23.7587],[119.6083,23.7584],[119.6084,23.7581],[119.6083,23.758],[119.6082,23.7579],[119.6081,23.7578],[119.608,23.7578],[119.608,23.7579],[119.6081,23.7581],[119.6081,23.7581],[119.6079,23.758],[119.6078,23.7579],[119.6076,23.7579],[119.6075,23.758],[119.6075,23.758],[119.6077,23.7581],[119.6077,23.7582],[119.6076,23.7582],[119.6076,23.7583],[119.6076,23.7583],[119.6075,23.7583],[119.6075,23.7584],[119.6074,23.7583],[119.6073,23.7583],[119.6073,23.7584],[119.6073,23.7585],[119.6076,23.7586],[119.6077,23.7586],[119.6078,23.7587],[119.6079,23.7588],[119.6081,23.7587]]]],[[[[119.6124,23.756],[119.6124,23.7529],[119.6167,23.7515],[119.6184,23.7505],[119.621,23.7493],[119.6218,23.749],[119.6226,23.7476],[119.623,23.7464],[119.6235,23.7443],[119.6232,23.7429],[119.6206,23.7428],[119.6193,23.741],[119.6193,23.7404],[119.6179,23.741],[119.6172,23.7416],[119.6142,23.7407],[119.612,23.7393],[119.6059,23.7357],[119.6043,23.7325],[119.6033,23.7279],[119.603,23.7255],[119.6016,23.7275],[119.6006,23.7338],[119.5967,23.7365],[119.5961,23.739],[119.5992,23.7428],[119.6039,23.7454],[119.6059,23.7505],[119.6068,23.7519],[119.6087,23.7528],[119.6075,23.7537],[119.607,23.7528],[119.6064,23.7526],[119.6056,23.7526],[119.6063,23.7538],[119.608,23.7542],[119.6083,23.7553],[119.6107,23.7572],[119.6116,23.7578],[119.6124,23.756]]]],[[[[119.6069,23.7595],[119.6069,23.7593],[119.6069,23.7592],[119.6068,23.7591],[119.6068,23.7591],[119.6067,23.7592],[119.6067,23.7592],[119.6067,23.7592],[119.6067,23.7593],[119.6067,23.7594],[119.6066,23.7594],[119.6066,23.7594],[119.6066,23.7593],[119.6065,23.7592],[119.6065,23.7591],[119.6064,23.7591],[119.6064,23.7591],[119.6064,23.7592],[119.6064,23.7592],[119.6064,23.7593],[119.6064,23.7594],[119.6064,23.7594],[119.6064,23.7594],[119.6064,23.7595],[119.6063,23.7595],[119.6063,23.7595],[119.6063,23.7596],[119.6064,23.7596],[119.6064,23.7597],[119.6066,23.7598],[119.6066,23.7598],[119.6067,23.7598],[119.6067,23.7597],[119.6067,23.7597],[119.6067,23.7597],[119.6068,23.7596],[119.6068,23.7596],[119.6069,23.7595],[119.6069,23.7595]]]],[[[[119.6073,23.7655],[119.6075,23.7654],[119.6075,23.7653],[119.6076,23.7652],[119.6077,23.7651],[119.6077,23.7649],[119.6077,23.7648],[119.6076,23.7647],[119.6075,23.7647],[119.6075,23.7646],[119.6074,23.7647],[119.6073,23.7647],[119.6072,23.7647],[119.6069,23.7648],[119.6068,23.7648],[119.6068,23.7649],[119.6066,23.7649],[119.6065,23.765],[119.6063,23.7651],[119.606,23.7652],[119.6059,23.7652],[119.6056,23.7653],[119.6057,23.7654],[119.6059,23.7653],[119.6061,23.7653],[119.6064,23.7652],[119.6066,23.7651],[119.6067,23.7651],[119.6065,23.7653],[119.6065,23.7655],[119.6067,23.7655],[119.6069,23.7655],[119.6069,23.7655],[119.6071,23.7656],[119.6073,23.7655]]]],[[[[119.6051,23.7667],[119.6052,23.7667],[119.6053,23.7667],[119.6056,23.7666],[119.6059,23.7664],[119.606,23.7664],[119.6061,23.7664],[119.6062,23.7663],[119.6063,23.7665],[119.6064,23.7664],[119.6065,23.7663],[119.6063,23.7661],[119.6062,23.7659],[119.6062,23.7659],[119.6062,23.7658],[119.606,23.7658],[119.6059,23.7657],[119.6059,23.7657],[119.6058,23.7658],[119.6057,23.7657],[119.6055,23.7656],[119.6055,23.7656],[119.6054,23.7656],[119.6053,23.7656],[119.6052,23.7657],[119.605,23.7658],[119.6048,23.7658],[119.6047,23.7659],[119.6046,23.7661],[119.6045,23.7662],[119.6045,23.7665],[119.6045,23.7667],[119.6047,23.7669],[119.6048,23.767],[119.605,23.7669],[119.6051,23.7667]]]],[[[[119.6038,23.7667],[119.6038,23.7667],[119.6038,23.7666],[119.6038,23.7665],[119.6037,23.7664],[119.6036,23.7664],[119.6035,23.7665],[119.6034,23.7665],[119.6034,23.7666],[119.6034,23.7667],[119.6034,23.7667],[119.6034,23.7667],[119.6033,23.7667],[119.6033,23.7667],[119.6033,23.7668],[119.6033,23.7668],[119.6033,23.7669],[119.6034,23.7669],[119.6034,23.767],[119.6035,23.7672],[119.6036,23.7672],[119.6037,23.7672],[119.6038,23.7672],[119.6039,23.7672],[119.6039,23.7672],[119.604,23.7673],[119.604,23.7673],[119.6041,23.7673],[119.6041,23.7672],[119.6041,23.7671],[119.604,23.767],[119.604,23.767],[119.6039,23.7669],[119.6038,23.7668],[119.6038,23.7668],[119.6038,23.7667]]]],[[[[119.6029,23.767],[119.6029,23.767],[119.6028,23.767],[119.6028,23.767],[119.6027,23.767],[119.6027,23.7669],[119.6027,23.7669],[119.6026,23.7669],[119.6026,23.7669],[119.6025,23.7669],[119.6025,23.767],[119.6025,23.767],[119.6024,23.767],[119.6024,23.767],[119.6024,23.7671],[119.6025,23.7671],[119.6025,23.7672],[119.6025,23.7673],[119.6025,23.7673],[119.6025,23.7673],[119.6026,23.7674],[119.6027,23.7674],[119.6027,23.7674],[119.6028,23.7675],[119.6029,23.7675],[119.603,23.7675],[119.6031,23.7674],[119.6031,23.7674],[119.6031,23.7673],[119.6031,23.7673],[119.603,23.7672],[119.603,23.7672],[119.603,23.7671],[119.6029,23.7671],[119.6029,23.767]]]],[[[[119.585,23.7678],[119.5855,23.7678],[119.5855,23.7677],[119.5856,23.7675],[119.5857,23.7674],[119.5859,23.7673],[119.5859,23.767],[119.5858,23.7668],[119.5858,23.7666],[119.5857,23.7666],[119.5856,23.7666],[119.5854,23.7667],[119.5853,23.7665],[119.5852,23.7664],[119.5851,23.7664],[119.5851,23.7664],[119.585,23.7662],[119.5848,23.7662],[119.5847,23.7663],[119.5848,23.7665],[119.5848,23.7667],[119.5847,23.7668],[119.5847,23.7668],[119.5846,23.767],[119.5846,23.7671],[119.5847,23.7672],[119.5846,23.7674],[119.5845,23.7674],[119.5846,23.7675],[119.5847,23.7675],[119.5846,23.7676],[119.5848,23.7678],[119.585,23.7678]]]],[[[[119.5876,23.7687],[119.5877,23.7686],[119.5878,23.7684],[119.5878,23.7682],[119.5877,23.7682],[119.5875,23.7681],[119.5874,23.768],[119.5874,23.768],[119.5873,23.7681],[119.5872,23.7681],[119.5872,23.7682],[119.5872,23.7682],[119.5872,23.7683],[119.5873,23.7682],[119.5873,23.7683],[119.5873,23.7684],[119.5873,23.7685],[119.5873,23.7685],[119.5873,23.7686],[119.5872,23.7685],[119.5872,23.7685],[119.587,23.7685],[119.587,23.7685],[119.5871,23.7686],[119.5872,23.7686],[119.5873,23.7686],[119.5874,23.7687],[119.5874,23.7687],[119.5874,23.7688],[119.5875,23.7688],[119.5876,23.7687]]]],[[[[119.5936,23.7705],[119.5936,23.7705],[119.5935,23.7705],[119.5933,23.7705],[119.5932,23.7705],[119.5932,23.7705],[119.5932,23.7705],[119.5932,23.7706],[119.5932,23.7706],[119.5932,23.7707],[119.5932,23.7707],[119.5935,23.7707],[119.5936,23.7706],[119.5936,23.7706],[119.5936,23.7706],[119.5936,23.7705],[119.5936,23.7705],[119.5936,23.7705]]]],[[[[119.608,23.7744],[119.608,23.7744],[119.6079,23.7744],[119.6079,23.7744],[119.6078,23.7745],[119.6078,23.7745],[119.6078,23.7746],[119.6078,23.7748],[119.6078,23.7749],[119.6078,23.775],[119.6079,23.775],[119.6079,23.775],[119.608,23.775],[119.608,23.7749],[119.608,23.7748],[119.608,23.7748],[119.6081,23.7747],[119.6081,23.7747],[119.608,23.7746],[119.608,23.7745],[119.608,23.7745],[119.608,23.7744],[119.608,23.7744]]]],[[[[119.6076,23.7752],[119.6076,23.7751],[119.6076,23.775],[119.6077,23.775],[119.6077,23.7749],[119.6077,23.7748],[119.6077,23.7747],[119.6075,23.7748],[119.6076,23.7749],[119.6075,23.7749],[119.6074,23.775],[119.6074,23.7751],[119.6074,23.7751],[119.6074,23.7752],[119.6073,23.7751],[119.6073,23.775],[119.6073,23.7749],[119.6072,23.775],[119.6073,23.7751],[119.6073,23.7752],[119.6073,23.7753],[119.6074,23.7753],[119.6076,23.7753],[119.6077,23.7752],[119.6076,23.7752]]]],[[[[119.6063,23.7757],[119.6065,23.7751],[119.6066,23.7748],[119.607,23.7743],[119.6073,23.7738],[119.6065,23.7734],[119.6077,23.7725],[119.6074,23.7716],[119.6074,23.7706],[119.6057,23.7696],[119.6043,23.7688],[119.6024,23.7671],[119.6014,23.7644],[119.6007,23.7616],[119.5999,23.7609],[119.5993,23.7584],[119.597,23.7585],[119.5968,23.7604],[119.5968,23.7627],[119.5989,23.7657],[119.5985,23.7668],[119.5991,23.7677],[119.5997,23.7679],[119.5994,23.7689],[119.5999,23.7696],[119.6011,23.7689],[119.602,23.7693],[119.6017,23.7699],[119.6016,23.7704],[119.603,23.7709],[119.6036,23.7717],[119.6041,23.7722],[119.6047,23.7727],[119.6045,23.7732],[119.6049,23.7739],[119.6052,23.7742],[119.6059,23.7745],[119.606,23.775],[119.6055,23.7754],[119.6054,23.7754],[119.6063,23.7757]]]],[[[[119.6122,23.7759],[119.6121,23.7759],[119.6121,23.7759],[119.6121,23.7759],[119.6121,23.7758],[119.612,23.7758],[119.612,23.7758],[119.612,23.7758],[119.6119,23.7758],[119.6119,23.7758],[119.6119,23.7758],[119.6119,23.7757],[119.6119,23.7757],[119.6119,23.7757],[119.6118,23.7757],[119.6118,23.7756],[119.6118,23.7756],[119.6118,23.7756],[119.6117,23.7756],[119.6117,23.7756],[119.6116,23.7756],[119.6116,23.7756],[119.6115,23.7756],[119.6115,23.7756],[119.6115,23.7756],[119.6115,23.7757],[119.6115,23.7757],[119.6116,23.7757],[119.6116,23.7757],[119.6117,23.7758],[119.6118,23.7759],[119.6118,23.7759],[119.6119,23.7759],[119.6119,23.7759],[119.6119,23.7759],[119.612,23.776],[119.612,23.776],[119.6121,23.776],[119.6122,23.776],[119.6122,23.776],[119.6122,23.7759]]]],[[[[119.6121,23.7767],[119.6119,23.7766],[119.6119,23.7767],[119.6119,23.7767],[119.6119,23.7767],[119.6119,23.7766],[119.6118,23.7765],[119.6118,23.7764],[119.6118,23.7764],[119.6119,23.7764],[119.6119,23.7763],[119.6118,23.7762],[119.6118,23.7762],[119.6118,23.7761],[119.6118,23.7761],[119.6118,23.7761],[119.6118,23.776],[119.6117,23.7761],[119.6115,23.7761],[119.6115,23.7761],[119.6115,23.7762],[119.6115,23.7763],[119.6115,23.7763],[119.6116,23.7764],[119.6116,23.7764],[119.6116,23.7765],[119.6117,23.7765],[119.6117,23.7765],[119.6116,23.7766],[119.6117,23.7767],[119.6118,23.7767],[119.6119,23.7768],[119.6121,23.7769],[119.6122,23.777],[119.6122,23.7769],[119.6122,23.7769],[119.6122,23.7769],[119.6121,23.7768],[119.6121,23.7767]]]],[[[[119.6116,23.7773],[119.6117,23.7773],[119.6118,23.7773],[119.6117,23.7772],[119.6117,23.7772],[119.6118,23.7771],[119.6117,23.7771],[119.6117,23.7771],[119.6116,23.7771],[119.6117,23.7771],[119.6117,23.777],[119.6116,23.7769],[119.6116,23.7768],[119.6116,23.7767],[119.6115,23.7767],[119.6115,23.7768],[119.6115,23.7768],[119.6115,23.7769],[119.6114,23.7768],[119.6114,23.7768],[119.6112,23.7767],[119.6111,23.7767],[119.6111,23.7767],[119.6111,23.7768],[119.6111,23.7768],[119.6111,23.7769],[119.6111,23.7771],[119.6112,23.7771],[119.6112,23.777],[119.6113,23.777],[119.6113,23.7771],[119.6115,23.7771],[119.6115,23.7772],[119.6115,23.7773],[119.6116,23.7774],[119.6116,23.7774],[119.6116,23.7774],[119.6116,23.7773]]]],[[[[119.6107,23.7776],[119.6107,23.7775],[119.6108,23.7774],[119.6108,23.7774],[119.6108,23.7773],[119.6108,23.7771],[119.6107,23.7771],[119.6107,23.7772],[119.6107,23.7772],[119.6106,23.7772],[119.6105,23.7772],[119.6104,23.7773],[119.6104,23.7774],[119.6104,23.7774],[119.6103,23.7775],[119.6103,23.7776],[119.6105,23.7776],[119.6106,23.7776],[119.6106,23.7777],[119.6106,23.7778],[119.6108,23.7778],[119.6108,23.7777],[119.6107,23.7777],[119.6107,23.7776]]]],[[[[119.6124,23.7776],[119.6123,23.7776],[119.6123,23.7776],[119.6122,23.7775],[119.6121,23.7774],[119.6121,23.7774],[119.612,23.7775],[119.612,23.7776],[119.6121,23.7777],[119.6121,23.7777],[119.6121,23.7778],[119.6122,23.7779],[119.6122,23.7779],[119.6123,23.778],[119.6123,23.7781],[119.6124,23.7781],[119.6125,23.7781],[119.6125,23.778],[119.6124,23.7779],[119.6124,23.7778],[119.6124,23.7777],[119.6124,23.7776]]]],[[[[119.6075,23.7784],[119.6075,23.7784],[119.6075,23.7784],[119.6076,23.7785],[119.6077,23.7786],[119.6078,23.7786],[119.6078,23.7785],[119.6078,23.7785],[119.6077,23.7784],[119.6077,23.7783],[119.6077,23.7783],[119.6076,23.7783],[119.6076,23.778199999999998],[119.6075,23.778199999999998],[119.6075,23.778199999999998],[119.6075,23.778199999999998],[119.6075,23.7783],[119.6075,23.7783],[119.6074,23.7783],[119.6074,23.7783],[119.6074,23.7783],[119.6073,23.7784],[119.6073,23.7784],[119.6074,23.7785],[119.6074,23.7786],[119.6075,23.7787],[119.6076,23.7787],[119.6077,23.7787],[119.6077,23.7787],[119.6077,23.7786],[119.6076,23.7786],[119.6076,23.7786],[119.6075,23.7785],[119.6075,23.7784]]]],[[[[119.614,23.7784],[119.614,23.778199999999998],[119.6139,23.7778],[119.6138,23.778],[119.6136,23.778],[119.6135,23.7778],[119.6134,23.7776],[119.6135,23.7774],[119.6134,23.7774],[119.6133,23.7773],[119.6134,23.7772],[119.6133,23.777],[119.613,23.7769],[119.6129,23.777],[119.6129,23.7771],[119.613,23.7772],[119.613,23.7775],[119.613,23.7778],[119.6129,23.7777],[119.6127,23.7775],[119.6127,23.7773],[119.6127,23.7771],[119.6127,23.7768],[119.6125,23.7766],[119.6125,23.7768],[119.6124,23.7769],[119.6124,23.777],[119.6124,23.7774],[119.6125,23.7775],[119.6126,23.7778],[119.6127,23.7781],[119.6128,23.778199999999998],[119.6131,23.7783],[119.6132,23.7783],[119.6134,23.7784],[119.6133,23.7785],[119.6133,23.7787],[119.6137,23.7788],[119.6139,23.7786],[119.614,23.7784]]]],[[[[119.6123,23.7787],[119.6122,23.7785],[119.6122,23.7785],[119.6123,23.7785],[119.6124,23.7784],[119.6123,23.778199999999998],[119.6122,23.7781],[119.6121,23.7779],[119.612,23.7778],[119.6119,23.7779],[119.6119,23.7778],[119.6118,23.7777],[119.6116,23.7777],[119.6115,23.7778],[119.6115,23.7778],[119.6114,23.7776],[119.6113,23.7776],[119.6113,23.7777],[119.6113,23.7777],[119.6113,23.7778],[119.6115,23.778],[119.6115,23.7781],[119.6114,23.7783],[119.6115,23.7784],[119.6116,23.7785],[119.6116,23.7785],[119.6117,23.7785],[119.6117,23.7785],[119.6118,23.7786],[119.6118,23.7787],[119.6118,23.7787],[119.6118,23.7788],[119.6119,23.7787],[119.612,23.7786],[119.6121,23.7787],[119.6122,23.7788],[119.6124,23.7789],[119.6123,23.7788],[119.6123,23.7787]]]],[[[[119.6078,23.7789],[119.6078,23.7789],[119.6078,23.7788],[119.6079,23.7788],[119.6079,23.7787],[119.608,23.7788],[119.6081,23.7789],[119.6082,23.7789],[119.6082,23.7788],[119.6081,23.7787],[119.6081,23.7786],[119.608,23.7785],[119.6079,23.7787],[119.6077,23.7788],[119.6076,23.7789],[119.6075,23.7789],[119.6074,23.7788],[119.6073,23.7787],[119.6073,23.7785],[119.6073,23.7785],[119.6072,23.7786],[119.6071,23.7786],[119.6069,23.7785],[119.607,23.7786],[119.607,23.7788],[119.6072,23.779],[119.6073,23.779],[119.6073,23.7789],[119.6073,23.7789],[119.6074,23.779],[119.6075,23.7791],[119.6076,23.7791],[119.6078,23.7792],[119.6079,23.7792],[119.6079,23.779],[119.6078,23.7789]]]],[[[[119.6079,23.7799],[119.6079,23.7799],[119.608,23.7799],[119.608,23.7799],[119.608,23.7798],[119.608,23.7798],[119.6081,23.7798],[119.6081,23.7799],[119.6082,23.7799],[119.6082,23.7798],[119.6081,23.7798],[119.6081,23.7797],[119.6082,23.7796],[119.6083,23.7796],[119.6083,23.7795],[119.6083,23.7794],[119.6081,23.7794],[119.6081,23.7794],[119.6079,23.7794],[119.6079,23.7795],[119.6079,23.7795],[119.6079,23.7796],[119.6079,23.7796],[119.6078,23.7797],[119.6077,23.7799],[119.6077,23.7801],[119.6078,23.7801],[119.6079,23.7801],[119.6079,23.78],[119.6079,23.78],[119.6079,23.7799]]]],[[[[119.6115,23.7801],[119.6116,23.78],[119.6119,23.78],[119.6117,23.7798],[119.6114,23.7796],[119.6114,23.7794],[119.6114,23.7792],[119.611,23.779],[119.6108,23.7789],[119.611,23.7788],[119.6111,23.7788],[119.6111,23.7786],[119.6113,23.7788],[119.6114,23.7791],[119.6116,23.7791],[119.6116,23.7792],[119.6118,23.7794],[119.6118,23.7792],[119.6119,23.7791],[119.6118,23.7789],[119.6116,23.7787],[119.6114,23.7785],[119.6112,23.778199999999998],[119.6112,23.778],[119.6108,23.7778],[119.611,23.7783],[119.6108,23.7783],[119.6108,23.7785],[119.6105,23.7789],[119.6108,23.7792],[119.6108,23.7795],[119.6109,23.7796],[119.6111,23.7796],[119.6112,23.7798],[119.6112,23.7799],[119.6112,23.78],[119.6113,23.7801],[119.6115,23.7801]]]],[[[[119.611,23.7809],[119.6106,23.7806],[119.6105,23.7807],[119.6103,23.7806],[119.6104,23.7805],[119.6105,23.7805],[119.6105,23.7803],[119.6108,23.7805],[119.6108,23.7803],[119.6109,23.7803],[119.6109,23.7805],[119.6112,23.7806],[119.6115,23.7807],[119.6117,23.7807],[119.6114,23.7804],[119.6112,23.7803],[119.6112,23.7802],[119.6111,23.78],[119.6108,23.7799],[119.6107,23.7799],[119.6104,23.78],[119.6103,23.78],[119.6104,23.7798],[119.6101,23.7796],[119.6101,23.7795],[119.61,23.7793],[119.6099,23.7794],[119.6099,23.7793],[119.6097,23.7792],[119.6096,23.7791],[119.6093,23.779],[119.6094,23.7792],[119.6096,23.7795],[119.6099,23.7798],[119.6101,23.7803],[119.6101,23.7805],[119.6102,23.7807],[119.6106,23.7808],[119.6107,23.7809],[119.6111,23.781],[119.611,23.7809]]]],[[[[119.5772,23.7807],[119.5774,23.7807],[119.5776,23.7806],[119.5777,23.7805],[119.5777,23.7804],[119.5775,23.7802],[119.5772,23.7801],[119.5774,23.78],[119.5778,23.7796],[119.5779,23.7793],[119.5778,23.7791],[119.5777,23.7791],[119.5776,23.779],[119.5775,23.7789],[119.577,23.7786],[119.5767,23.7787],[119.5766,23.7789],[119.5765,23.7789],[119.5764,23.7787],[119.5758,23.7786],[119.5755,23.7786],[119.5754,23.7789],[119.5755,23.7791],[119.5756,23.7793],[119.5755,23.7794],[119.5755,23.7796],[119.5759,23.78],[119.5764,23.78],[119.5767,23.7799],[119.5768,23.7802],[119.5767,23.7804],[119.5768,23.7805],[119.5769,23.7806],[119.5768,23.7808],[119.5768,23.7811],[119.577,23.7812],[119.5771,23.7812],[119.5772,23.781],[119.5772,23.7807]]]],[[[[119.6073,23.7818],[119.6075,23.7818],[119.6077,23.7816],[119.6075,23.7816],[119.6075,23.7815],[119.6077,23.7812],[119.6079,23.7809],[119.6082,23.7807],[119.608,23.7806],[119.6082,23.7803],[119.608,23.7803],[119.6081,23.78],[119.6078,23.7803],[119.6076,23.78],[119.6077,23.7795],[119.6077,23.7797],[119.6076,23.7796],[119.6073,23.7795],[119.607,23.7794],[119.6069,23.7796],[119.607,23.78],[119.6067,23.7803],[119.6069,23.7807],[119.6069,23.7809],[119.607,23.7808],[119.6072,23.7809],[119.6072,23.7806],[119.6075,23.7804],[119.6074,23.7807],[119.6074,23.7812],[119.6074,23.7814],[119.6073,23.7814],[119.6071,23.7815],[119.607,23.7817],[119.6071,23.7818],[119.6072,23.7817],[119.6072,23.7819],[119.6073,23.7818]]]],[[[[119.6052,23.7819],[119.6051,23.7818],[119.605,23.7817],[119.6049,23.7817],[119.6048,23.7817],[119.6048,23.7817],[119.6047,23.7818],[119.6046,23.7818],[119.6046,23.7816],[119.6044,23.7816],[119.6042,23.7815],[119.6041,23.7814],[119.6041,23.7814],[119.6041,23.7816],[119.6042,23.7816],[119.6043,23.7816],[119.6044,23.7816],[119.6043,23.7817],[119.6043,23.7817],[119.6044,23.7818],[119.6044,23.7818],[119.6045,23.7819],[119.6045,23.782],[119.6046,23.7821],[119.6048,23.782],[119.6048,23.7819],[119.6049,23.7819],[119.6051,23.782],[119.6052,23.7821],[119.6052,23.782],[119.6052,23.7819]]]],[[[[119.6066,23.7822],[119.6066,23.782],[119.6066,23.782],[119.6064,23.7819],[119.6064,23.7818],[119.6063,23.7817],[119.6063,23.7816],[119.6063,23.7814],[119.6063,23.7814],[119.6066,23.7812],[119.6067,23.7811],[119.6067,23.7808],[119.6066,23.7807],[119.6066,23.7805],[119.6064,23.7804],[119.6063,23.7803],[119.6063,23.7804],[119.6064,23.7806],[119.6063,23.7808],[119.6063,23.781],[119.6062,23.781],[119.6061,23.781],[119.6061,23.7809],[119.6059,23.7809],[119.6058,23.7811],[119.6057,23.7811],[119.6058,23.7812],[119.606,23.7815],[119.6061,23.7817],[119.6061,23.7818],[119.606,23.7818],[119.606,23.7816],[119.6058,23.7816],[119.6058,23.7817],[119.606,23.782],[119.6062,23.7821],[119.6064,23.7822],[119.6066,23.7822]]]],[[[[119.607,23.7821],[119.607,23.7821],[119.6071,23.782],[119.6072,23.782],[119.6071,23.7819],[119.6071,23.7819],[119.607,23.7818],[119.6069,23.7818],[119.6069,23.7818],[119.6068,23.7818],[119.6068,23.7818],[119.6067,23.7818],[119.6066,23.7819],[119.6066,23.7819],[119.6067,23.782],[119.6067,23.7821],[119.6068,23.7822],[119.6068,23.7822],[119.6069,23.7823],[119.6069,23.7823],[119.607,23.7823],[119.607,23.7822],[119.607,23.7821]]]],[[[[119.606,23.7823],[119.606,23.7822],[119.606,23.7821],[119.606,23.7821],[119.6059,23.7822],[119.6058,23.7822],[119.6058,23.7822],[119.6058,23.7822],[119.6058,23.7822],[119.6058,23.7821],[119.6058,23.7821],[119.6057,23.782],[119.6056,23.782],[119.6056,23.782],[119.6055,23.7819],[119.6055,23.782],[119.6053,23.782],[119.6053,23.7821],[119.6052,23.7822],[119.6053,23.7823],[119.6053,23.7823],[119.6053,23.7823],[119.6054,23.7823],[119.6055,23.7823],[119.6055,23.7823],[119.6055,23.7823],[119.6056,23.7824],[119.6057,23.7825],[119.6057,23.7826],[119.6057,23.7826],[119.6058,23.7826],[119.6058,23.7826],[119.6058,23.7826],[119.6059,23.7825],[119.606,23.7824],[119.606,23.7823]]]],[[[[119.6046,23.7822],[119.6045,23.7821],[119.6044,23.7822],[119.6043,23.7822],[119.6042,23.7823],[119.6042,23.7823],[119.6042,23.7824],[119.6041,23.7825],[119.6042,23.7825],[119.6043,23.7827],[119.6044,23.7827],[119.6045,23.7827],[119.6046,23.7827],[119.6047,23.7827],[119.6047,23.7826],[119.6047,23.7825],[119.6047,23.7824],[119.6047,23.7824],[119.6047,23.7823],[119.6047,23.7822],[119.6046,23.7822]]]],[[[[119.6058,23.7835],[119.6058,23.7835],[119.6057,23.7835],[119.6056,23.7834],[119.6056,23.7834],[119.6056,23.7834],[119.6056,23.7833],[119.6056,23.7832],[119.6056,23.7832],[119.6056,23.7831],[119.6055,23.783],[119.6055,23.783],[119.6054,23.783],[119.6054,23.783],[119.6054,23.783],[119.6053,23.783],[119.6052,23.783],[119.6052,23.783],[119.6052,23.7831],[119.6052,23.7831],[119.6051,23.7831],[119.6051,23.7832],[119.6051,23.7832],[119.6052,23.7833],[119.6052,23.7833],[119.6052,23.7834],[119.6052,23.7834],[119.6053,23.7834],[119.6053,23.7834],[119.6053,23.7834],[119.6053,23.7835],[119.6054,23.7835],[119.6054,23.7835],[119.6054,23.7835],[119.6055,23.7836],[119.6056,23.7836],[119.6056,23.7837],[119.6057,23.7837],[119.6057,23.7836],[119.6058,23.7836],[119.6058,23.7835]]]],[[[[119.6072,23.7837],[119.6075,23.7837],[119.6081,23.7833],[119.6082,23.783],[119.6077,23.7832],[119.608,23.7831],[119.6082,23.7828],[119.6082,23.7827],[119.6078,23.7827],[119.6081,23.7825],[119.6079,23.7825],[119.6078,23.7824],[119.6082,23.7821],[119.6077,23.7822],[119.6077,23.7821],[119.6079,23.7818],[119.6073,23.7819],[119.6072,23.7822],[119.6069,23.7823],[119.6069,23.7825],[119.6068,23.7827],[119.6069,23.7828],[119.6068,23.7827],[119.6066,23.7824],[119.6063,23.7824],[119.6062,23.7826],[119.6061,23.7828],[119.6061,23.783],[119.6064,23.7832],[119.6064,23.7828],[119.6068,23.7832],[119.6064,23.7834],[119.6065,23.7836],[119.607,23.7831],[119.6075,23.7828],[119.6073,23.7831],[119.6069,23.7834],[119.6068,23.7837],[119.6072,23.7839],[119.6072,23.7837]]]],[[[[119.6031,23.7853],[119.6032,23.7852],[119.6032,23.7852],[119.603,23.7851],[119.6029,23.7853],[119.6028,23.7853],[119.6028,23.7852],[119.6029,23.7852],[119.6028,23.7851],[119.6026,23.7851],[119.6025,23.785],[119.6023,23.7849],[119.6023,23.785],[119.6024,23.7851],[119.6024,23.7851],[119.6024,23.7852],[119.6024,23.7853],[119.6026,23.7853],[119.6027,23.7853],[119.6028,23.7854],[119.6028,23.7855],[119.6029,23.7855],[119.6031,23.7853]]]],[[[[119.6027,23.7865],[119.6028,23.7866],[119.6029,23.7865],[119.6029,23.7864],[119.603,23.7864],[119.6031,23.7864],[119.6032,23.7864],[119.6034,23.7863],[119.6033,23.7862],[119.6032,23.786],[119.603,23.786],[119.6029,23.7861],[119.6029,23.786],[119.603,23.7859],[119.6029,23.7859],[119.6027,23.786],[119.6025,23.7859],[119.6024,23.786],[119.6022,23.786],[119.6022,23.7861],[119.6022,23.7862],[119.6023,23.7863],[119.6025,23.7863],[119.6024,23.7863],[119.6024,23.7865],[119.6025,23.7865],[119.6024,23.7865],[119.6023,23.7866],[119.6022,23.7867],[119.6024,23.7867],[119.6026,23.7866],[119.6027,23.7865]]]],[[[[119.6029,23.787],[119.603,23.7869],[119.6031,23.7868],[119.6031,23.7868],[119.6032,23.7869],[119.6032,23.7868],[119.6032,23.7867],[119.6034,23.7868],[119.6035,23.7867],[119.6036,23.7868],[119.6037,23.7867],[119.6035,23.7867],[119.6034,23.7867],[119.6034,23.7865],[119.6035,23.7864],[119.6034,23.7864],[119.6033,23.7865],[119.6031,23.7866],[119.603,23.7866],[119.6029,23.7867],[119.6029,23.7868],[119.6028,23.7867],[119.6026,23.7867],[119.6025,23.7868],[119.6026,23.7869],[119.6026,23.7869],[119.6027,23.787],[119.6027,23.787],[119.6027,23.7871],[119.6028,23.7871],[119.6029,23.7871],[119.6029,23.787]]]],[[[[119.6008,23.7876],[119.6011,23.7876],[119.6011,23.7874],[119.6012,23.7871],[119.6012,23.7868],[119.6016,23.7866],[119.6017,23.7864],[119.6016,23.7861],[119.6014,23.786],[119.6013,23.7858],[119.6011,23.7855],[119.6009,23.7853],[119.6006,23.7853],[119.6005,23.7849],[119.6004,23.7846],[119.6005,23.7843],[119.5999,23.7836],[119.5997,23.7839],[119.6001,23.7842],[119.6001,23.7847],[119.5999,23.7849],[119.5998,23.7852],[119.5993,23.7853],[119.5989,23.7855],[119.5988,23.7852],[119.5988,23.7851],[119.5985,23.7855],[119.599,23.7858],[119.5993,23.786],[119.5997,23.7864],[119.5999,23.7867],[119.6001,23.787],[119.6003,23.7872],[119.6002,23.7874],[119.6,23.7876],[119.6002,23.7876],[119.6005,23.7879],[119.6008,23.7877],[119.6008,23.7876]]]],[[[[119.6022,23.7887],[119.6019,23.7885],[119.602,23.7882],[119.6022,23.788],[119.6023,23.788],[119.6024,23.7879],[119.6026,23.7878],[119.6023,23.7878],[119.6019,23.7879],[119.602,23.7877],[119.6023,23.7876],[119.6023,23.7874],[119.6022,23.7873],[119.6018,23.7873],[119.6017,23.7871],[119.6015,23.7871],[119.6016,23.7873],[119.6012,23.7873],[119.6012,23.7876],[119.6011,23.7877],[119.6011,23.7879],[119.601,23.788],[119.6011,23.7881],[119.601,23.7884],[119.6012,23.7885],[119.6015,23.7884],[119.6016,23.7885],[119.6014,23.7887],[119.6014,23.7889],[119.6017,23.7891],[119.602,23.7889],[119.6022,23.7887]]]],[[[[119.5984,23.7924],[119.5985,23.7923],[119.5985,23.7922],[119.5984,23.7922],[119.5984,23.7922],[119.5984,23.7923],[119.5984,23.7923],[119.5983,23.7924],[119.5981,23.7924],[119.5981,23.7925],[119.598,23.7926],[119.598,23.7927],[119.598,23.7928],[119.598,23.7929],[119.5981,23.7929],[119.5984,23.7929],[119.5985,23.7928],[119.5986,23.7927],[119.5988,23.7926],[119.5987,23.7925],[119.5985,23.7925],[119.5984,23.7924]]]],[[[[119.599,23.794],[119.5991,23.7939],[119.5991,23.7938],[119.5987,23.7937],[119.5985,23.7937],[119.5984,23.7935],[119.5984,23.7934],[119.5986,23.7934],[119.5989,23.7934],[119.5988,23.7933],[119.5991,23.7933],[119.5995,23.7933],[119.5991,23.793],[119.5986,23.7931],[119.5982,23.7933],[119.5982,23.7934],[119.5978,23.7932],[119.5976,23.7931],[119.5974,23.793],[119.5972,23.793],[119.5972,23.7931],[119.5974,23.7932],[119.5974,23.7933],[119.5977,23.7935],[119.598,23.7934],[119.5979,23.7936],[119.5982,23.7937],[119.5982,23.7938],[119.5982,23.7938],[119.5985,23.7938],[119.5985,23.7939],[119.5986,23.794],[119.5989,23.794],[119.599,23.794]]]],[[[[119.5971,23.796],[119.5972,23.796],[119.5972,23.7961],[119.5974,23.7961],[119.5973,23.7961],[119.5973,23.796],[119.5974,23.7959],[119.5975,23.7961],[119.5975,23.796],[119.5974,23.7958],[119.5977,23.7958],[119.5976,23.7957],[119.5977,23.7956],[119.5976,23.7955],[119.5976,23.7954],[119.5977,23.7953],[119.5976,23.7952],[119.5976,23.7952],[119.5976,23.7954],[119.5974,23.7955],[119.5973,23.7956],[119.597,23.7957],[119.5971,23.7958],[119.5971,23.7959],[119.597,23.7959],[119.5969,23.7958],[119.5968,23.796],[119.5967,23.7961],[119.5969,23.7962],[119.597,23.7962],[119.5971,23.7962],[119.5971,23.7961],[119.5971,23.796]]]],[[[[119.5968,23.7981],[119.5976,23.7976],[119.5979,23.797],[119.5984,23.7971],[119.5985,23.7968],[119.5984,23.7965],[119.5988,23.7963],[119.5991,23.796],[119.5995,23.796],[119.5999,23.796],[119.6001,23.7961],[119.5999,23.7956],[119.6001,23.7953],[119.6003,23.795],[119.6007,23.7944],[119.6004,23.7944],[119.6,23.7941],[119.5997,23.7938],[119.5991,23.7937],[119.5992,23.7942],[119.5991,23.7943],[119.5991,23.7948],[119.5989,23.7952],[119.5986,23.7954],[119.598,23.7956],[119.5976,23.7961],[119.5975,23.7965],[119.5969,23.7967],[119.5966,23.7972],[119.5967,23.7964],[119.5965,23.7962],[119.5961,23.7959],[119.5958,23.7961],[119.5961,23.7964],[119.5957,23.7968],[119.5962,23.7972],[119.596,23.7977],[119.5962,23.7983],[119.5968,23.7981]]]],[[[[119.5965,23.8101],[119.5965,23.8095],[119.596,23.8094],[119.5955,23.8091],[119.5952,23.809],[119.5951,23.8091],[119.595,23.8094],[119.5949,23.8093],[119.5947,23.8093],[119.5945,23.8093],[119.5944,23.8095],[119.5941,23.8093],[119.5939,23.8093],[119.5936,23.8091],[119.5934,23.8091],[119.5935,23.8094],[119.593,23.8094],[119.593,23.81],[119.593,23.8101],[119.5931,23.8101],[119.5933,23.8103],[119.5936,23.8102],[119.5936,23.8104],[119.594,23.8105],[119.594,23.8105],[119.5944,23.8101],[119.5947,23.8101],[119.5953,23.8102],[119.5953,23.8104],[119.5953,23.8105],[119.5958,23.8107],[119.5963,23.8106],[119.5965,23.8101]]]],[[[[119.5406,23.5805],[119.5405,23.5805],[119.5405,23.5804],[119.5404,23.5804],[119.5403,23.5803],[119.5402,23.5802],[119.5402,23.5802],[119.5402,23.5802],[119.5402,23.5803],[119.5402,23.5803],[119.5402,23.5804],[119.5402,23.5805],[119.5402,23.5805],[119.5403,23.5805],[119.5403,23.5805],[119.5404,23.5805],[119.5404,23.5805],[119.5405,23.5805],[119.5405,23.5805],[119.5405,23.5805],[119.5406,23.5805]]]],[[[[119.4819,23.5942],[119.4818,23.594],[119.4815,23.5941],[119.4815,23.594],[119.4815,23.5938],[119.4813,23.5937],[119.4812,23.5936],[119.4811,23.5935],[119.481,23.5934],[119.4809,23.5935],[119.4809,23.5936],[119.4809,23.5937],[119.4808,23.5937],[119.4807,23.5937],[119.4807,23.5938],[119.4807,23.5941],[119.4807,23.5941],[119.4809,23.594],[119.4811,23.594],[119.4812,23.5941],[119.4812,23.5944],[119.4812,23.5945],[119.4819,23.5945],[119.482,23.5944],[119.4821,23.5944],[119.4819,23.5942]]]],[[[[119.5299,23.6243],[119.53,23.6243],[119.5302,23.6244],[119.5303,23.6244],[119.5304,23.6243],[119.5304,23.624],[119.5305,23.624],[119.5307,23.6241],[119.5308,23.6241],[119.5308,23.6236],[119.5309,23.6235],[119.5309,23.6235],[119.5312,23.6234],[119.5312,23.6233],[119.5312,23.6232],[119.5309,23.6231],[119.5308,23.623],[119.5305,23.623],[119.5301,23.6229],[119.5297,23.623],[119.5296,23.623],[119.5295,23.6232],[119.5297,23.6235],[119.5297,23.6235],[119.5294,23.6235],[119.5294,23.6236],[119.5293,23.6238],[119.5293,23.6239],[119.5294,23.6241],[119.5296,23.6242],[119.5296,23.6244],[119.5296,23.6245],[119.5296,23.6245],[119.5299,23.6246],[119.5299,23.6245],[119.5299,23.6244],[119.5299,23.6243]]]],[[[[119.547,23.6387],[119.5469,23.6387],[119.5468,23.6387],[119.5467,23.6388],[119.5467,23.6388],[119.5466,23.639],[119.5466,23.639],[119.5466,23.6391],[119.5466,23.6392],[119.5467,23.6393],[119.5467,23.6394],[119.5466,23.6395],[119.5465,23.6396],[119.5465,23.6398],[119.5466,23.6399],[119.5466,23.64],[119.5467,23.6401],[119.5468,23.6401],[119.5469,23.6401],[119.547,23.6401],[119.547,23.64],[119.547,23.6399],[119.5469,23.6399],[119.5469,23.6398],[119.5469,23.6396],[119.5468,23.6394],[119.5468,23.6393],[119.5468,23.6391],[119.5469,23.6391],[119.547,23.639],[119.547,23.639],[119.5471,23.6389],[119.547,23.6388],[119.547,23.6387]]]],[[[[119.539,23.6404],[119.539,23.6404],[119.5389,23.6404],[119.5389,23.6405],[119.5388,23.6406],[119.5388,23.6408],[119.5389,23.6409],[119.5389,23.641],[119.5391,23.641],[119.5391,23.6409],[119.5393,23.6408],[119.5394,23.6407],[119.5394,23.6406],[119.5392,23.6405],[119.5391,23.6405],[119.539,23.6404]]]],[[[[119.5293,23.6414],[119.5292,23.6414],[119.5292,23.6415],[119.5292,23.6415],[119.5292,23.6416],[119.5292,23.6417],[119.5291,23.6418],[119.5291,23.6419],[119.5291,23.642],[119.5292,23.6421],[119.5292,23.6421],[119.5293,23.6421],[119.5294,23.6421],[119.5295,23.642],[119.5295,23.6419],[119.5295,23.6418],[119.5295,23.6417],[119.5294,23.6415],[119.5293,23.6414]]]],[[[[119.5394,23.6419],[119.5394,23.6419],[119.5394,23.6419],[119.5395,23.6419],[119.5395,23.6419],[119.5395,23.6419],[119.5394,23.6417],[119.5393,23.6416],[119.5392,23.6415],[119.5388,23.6415],[119.5388,23.6415],[119.5387,23.6415],[119.5387,23.6415],[119.5386,23.6415],[119.5385,23.6416],[119.5384,23.6416],[119.5383,23.6416],[119.5383,23.6417],[119.5382,23.6418],[119.5382,23.6418],[119.5382,23.6419],[119.5383,23.642],[119.5383,23.6421],[119.5383,23.6422],[119.5384,23.6423],[119.5384,23.6423],[119.5385,23.6423],[119.5386,23.6424],[119.5388,23.6424],[119.5389,23.6424],[119.5391,23.6422],[119.5392,23.6421],[119.5393,23.642],[119.5394,23.6419]]]],[[[[119.539,23.6438],[119.539,23.6436],[119.539,23.6435],[119.539,23.6434],[119.539,23.6433],[119.539,23.6433],[119.5389,23.6432],[119.5387,23.6432],[119.5386,23.6432],[119.5386,23.6433],[119.5386,23.6434],[119.5386,23.6435],[119.5386,23.6435],[119.5386,23.6436],[119.5385,23.6436],[119.5385,23.6436],[119.5383,23.6436],[119.5382,23.6436],[119.5381,23.6435],[119.538,23.6436],[119.5379,23.6436],[119.5379,23.6437],[119.5379,23.6437],[119.5381,23.6438],[119.5381,23.6438],[119.5383,23.6439],[119.5385,23.6439],[119.5386,23.6439],[119.5388,23.644],[119.5389,23.644],[119.539,23.6439],[119.539,23.6438]]]],[[[[119.5318,23.6445],[119.5318,23.6445],[119.5319,23.6445],[119.5322,23.6445],[119.5323,23.6445],[119.5324,23.6444],[119.5324,23.6443],[119.5323,23.6442],[119.5319,23.6437],[119.5319,23.6436],[119.5317,23.6437],[119.5316,23.6438],[119.5315,23.6438],[119.5314,23.6439],[119.5313,23.6439],[119.531,23.6438],[119.5309,23.6438],[119.5309,23.6438],[119.5308,23.6439],[119.5308,23.6441],[119.531,23.6442],[119.5311,23.6444],[119.5311,23.6447],[119.5312,23.6449],[119.5313,23.6449],[119.5315,23.6449],[119.5316,23.645],[119.5318,23.645],[119.532,23.645],[119.532,23.6449],[119.532,23.6448],[119.5318,23.6446],[119.5318,23.6445]]]],[[[[119.5436,23.6455],[119.5436,23.6455],[119.5435,23.6455],[119.5435,23.6455],[119.5434,23.6456],[119.5434,23.6456],[119.5435,23.6458],[119.5435,23.6459],[119.5435,23.646],[119.5433,23.6462],[119.5433,23.6463],[119.5433,23.6464],[119.5433,23.6467],[119.5434,23.6468],[119.5434,23.647],[119.5434,23.6471],[119.5434,23.6471],[119.5435,23.6472],[119.5435,23.6472],[119.5436,23.6472],[119.5437,23.6471],[119.5437,23.6471],[119.5437,23.647],[119.5437,23.6469],[119.5438,23.6467],[119.5438,23.6466],[119.5439,23.6465],[119.544,23.6464],[119.544,23.6463],[119.544,23.6462],[119.544,23.6461],[119.544,23.646],[119.5439,23.6459],[119.5437,23.6456],[119.5436,23.6455]]]],[[[[119.5247,23.6469],[119.5247,23.6469],[119.5248,23.6466],[119.5248,23.6465],[119.5248,23.6464],[119.5247,23.6464],[119.5247,23.6464],[119.5246,23.6464],[119.5245,23.6464],[119.5245,23.6464],[119.5245,23.6465],[119.5244,23.6468],[119.5244,23.6469],[119.5243,23.6468],[119.5242,23.6466],[119.5241,23.6466],[119.524,23.6466],[119.524,23.6467],[119.524,23.6468],[119.524,23.6469],[119.5242,23.6472],[119.5242,23.6472],[119.5242,23.6473],[119.5242,23.6474],[119.5242,23.6476],[119.5244,23.6477],[119.5245,23.6477],[119.5247,23.6478],[119.5248,23.6477],[119.5248,23.6475],[119.5248,23.6475],[119.525,23.6473],[119.5251,23.6473],[119.5251,23.6472],[119.525,23.6471],[119.5248,23.6471],[119.5247,23.647],[119.5247,23.6469]]]],[[[[119.5232,23.6488],[119.5231,23.6488],[119.5229,23.6489],[119.5229,23.649],[119.5229,23.6491],[119.5229,23.6491],[119.523,23.6492],[119.5232,23.6492],[119.5233,23.6493],[119.5236,23.6493],[119.5237,23.6493],[119.5238,23.6491],[119.5238,23.649],[119.5237,23.6489],[119.5236,23.6489],[119.5234,23.6489],[119.5232,23.6488]]]],[[[[119.5241,23.6501],[119.5243,23.6501],[119.5245,23.6501],[119.5246,23.6501],[119.5246,23.65],[119.5246,23.6499],[119.5246,23.6498],[119.5245,23.6496],[119.5244,23.6496],[119.5243,23.6496],[119.5241,23.6496],[119.5239,23.6496],[119.5238,23.6496],[119.5238,23.6496],[119.5238,23.6496],[119.5238,23.6497],[119.5238,23.6497],[119.5239,23.6499],[119.5239,23.6499],[119.5239,23.6499],[119.524,23.65],[119.524,23.65],[119.5241,23.6501]]]],[[[[119.5284,23.6512],[119.5284,23.6512],[119.5284,23.6512],[119.5283,23.6512],[119.5283,23.6512],[119.5283,23.6512],[119.5283,23.6513],[119.5283,23.6513],[119.5284,23.6514],[119.5284,23.6514],[119.5284,23.6514],[119.5284,23.6514],[119.5284,23.6514],[119.5284,23.6514],[119.5285,23.6514],[119.5285,23.6514],[119.5285,23.6514],[119.5285,23.6513],[119.5285,23.6513],[119.5285,23.6513],[119.5285,23.6512],[119.5284,23.6512]]]],[[[[119.527,23.6518],[119.527,23.6518],[119.5269,23.6518],[119.5269,23.6519],[119.5269,23.6519],[119.5269,23.6519],[119.5268,23.652],[119.5268,23.652],[119.5268,23.652],[119.5268,23.652],[119.5268,23.6521],[119.5268,23.6521],[119.5269,23.6521],[119.5269,23.6521],[119.5271,23.652],[119.5271,23.6519],[119.5271,23.6519],[119.5271,23.6518],[119.527,23.6518]]]],[[[[119.526,23.6521],[119.526,23.6521],[119.5258,23.6521],[119.5258,23.6522],[119.5258,23.6522],[119.5258,23.6523],[119.5258,23.6524],[119.5258,23.6524],[119.5259,23.6524],[119.526,23.6524],[119.526,23.6524],[119.5261,23.6525],[119.5262,23.6525],[119.5263,23.6525],[119.5264,23.6524],[119.5264,23.6524],[119.5264,23.6523],[119.5263,23.6523],[119.5263,23.6523],[119.5262,23.6522],[119.5261,23.6521],[119.526,23.6521]]]],[[[[119.5279,23.653199999999998],[119.5279,23.653199999999998],[119.5278,23.653199999999998],[119.5278,23.653199999999998],[119.5277,23.6533],[119.5278,23.6533],[119.5278,23.6534],[119.5278,23.6534],[119.5279,23.6533],[119.5279,23.6533],[119.5279,23.6533],[119.5279,23.6533],[119.5279,23.653199999999998],[119.5279,23.653199999999998]]]],[[[[119.5263,23.6533],[119.5263,23.653199999999998],[119.5263,23.653199999999998],[119.5262,23.6533],[119.5262,23.6533],[119.5262,23.6534],[119.5263,23.6534],[119.5263,23.6534],[119.5263,23.6534],[119.5263,23.6534],[119.5263,23.6534],[119.5263,23.6534],[119.5264,23.6533],[119.5263,23.6533],[119.5263,23.6533]]]],[[[[119.5265,23.6535],[119.5265,23.6535],[119.5265,23.6535],[119.5265,23.6535],[119.5265,23.6536],[119.5265,23.6536],[119.5265,23.6536],[119.5265,23.6535],[119.5265,23.6535],[119.5265,23.6535]]]],[[[[119.5261,23.6536],[119.5261,23.6536],[119.526,23.6535],[119.526,23.6535],[119.526,23.6534],[119.526,23.6534],[119.526,23.6534],[119.5259,23.6533],[119.5259,23.6533],[119.5258,23.6533],[119.5258,23.6534],[119.5257,23.6534],[119.5258,23.6535],[119.5258,23.6536],[119.5258,23.6536],[119.5259,23.6536],[119.5259,23.6536],[119.526,23.6537],[119.5261,23.6537],[119.5261,23.6536]]]],[[[[119.5273,23.6533],[119.5273,23.6533],[119.5273,23.6533],[119.5272,23.6533],[119.5272,23.6534],[119.5272,23.6534],[119.5272,23.6535],[119.5272,23.6535],[119.5272,23.6536],[119.5273,23.6537],[119.5274,23.6537],[119.5274,23.6537],[119.5275,23.6537],[119.5275,23.6537],[119.5276,23.6537],[119.5275,23.6537],[119.5275,23.6536],[119.5274,23.6535],[119.5273,23.6535],[119.5273,23.6533],[119.5273,23.6533]]]],[[[[119.5272,23.6538],[119.5272,23.6537],[119.5272,23.6537],[119.5272,23.6538],[119.5272,23.6538],[119.5272,23.6538],[119.5272,23.6538],[119.5272,23.6538],[119.5272,23.6538],[119.5272,23.6538]]]],[[[[119.5271,23.6538],[119.5271,23.6538],[119.527,23.6538],[119.527,23.6538],[119.527,23.6538],[119.527,23.6539],[119.527,23.6539],[119.527,23.6539],[119.527,23.6539],[119.5271,23.6539],[119.5271,23.6539],[119.5271,23.6538],[119.5271,23.6538],[119.5271,23.6538],[119.5271,23.6538],[119.5271,23.6538]]]],[[[[119.5274,23.6539],[119.5274,23.6539],[119.5273,23.6539],[119.5273,23.654],[119.5273,23.654],[119.5273,23.654],[119.5273,23.654],[119.5273,23.6541],[119.5273,23.6541],[119.5274,23.6541],[119.5274,23.654],[119.5274,23.654],[119.5274,23.654],[119.5274,23.6539]]]],[[[[119.5268,23.654],[119.5268,23.6539],[119.5268,23.654],[119.5268,23.654],[119.5268,23.654],[119.5268,23.654],[119.5268,23.6541],[119.5269,23.6541],[119.5269,23.654],[119.5269,23.654],[119.5268,23.654]]]],[[[[119.5255,23.6538],[119.5254,23.6538],[119.5253,23.6538],[119.5253,23.6538],[119.5253,23.6539],[119.5252,23.6539],[119.5252,23.654],[119.5252,23.654],[119.5252,23.6541],[119.5253,23.6541],[119.5253,23.6541],[119.5254,23.6542],[119.5254,23.6543],[119.5254,23.6543],[119.5255,23.6544],[119.5255,23.6545],[119.5255,23.6544],[119.5256,23.6543],[119.5256,23.6542],[119.5256,23.6542],[119.5256,23.6541],[119.5255,23.6541],[119.5255,23.6539],[119.5255,23.6539],[119.5255,23.6538],[119.5255,23.6538]]]],[[[[119.5237,23.6558],[119.5214,23.649],[119.5204,23.6436],[119.5255,23.642],[119.5324,23.6389],[119.5421,23.643],[119.5429,23.6379],[119.5315,23.6319],[119.5222,23.6313],[119.5217,23.615],[119.5231,23.6015],[119.5151,23.5946],[119.5133,23.5824],[119.5158,23.5697],[119.5107,23.5644],[119.5003,23.5668],[119.479,23.5632],[119.4678,23.5628],[119.4798,23.572],[119.4854,23.5731],[119.4953,23.5718],[119.5002,23.576],[119.5036,23.5841],[119.4967,23.5933],[119.4934,23.5957],[119.4943,23.6006],[119.5,23.5954],[119.5031,23.5995],[119.5034,23.6049],[119.5045,23.6093],[119.5059,23.6152],[119.5001,23.6189],[119.5034,23.627],[119.5076,23.6379],[119.5116,23.6461],[119.5144,23.648],[119.5189,23.6476],[119.5147,23.6516],[119.5153,23.6551],[119.5211,23.6554],[119.5237,23.6558]]]],[[[[119.5251,23.6572],[119.5253,23.6573],[119.5255,23.6573],[119.5257,23.657],[119.526,23.657],[119.5263,23.6569],[119.5265,23.6571],[119.5267,23.6572],[119.5271,23.6571],[119.5273,23.657],[119.5273,23.6567],[119.5274,23.6566],[119.5268,23.6553],[119.5268,23.6551],[119.5269,23.6549],[119.5268,23.6548],[119.5265,23.6547],[119.5262,23.6546],[119.526,23.6548],[119.5259,23.6551],[119.5263,23.6559],[119.5262,23.6561],[119.5256,23.6564],[119.5254,23.6563],[119.5256,23.6558],[119.5255,23.6557],[119.5252,23.6561],[119.5251,23.656],[119.5249,23.656],[119.5249,23.6563],[119.5247,23.6566],[119.5247,23.6571],[119.5249,23.6574],[119.5251,23.6572]]]],[[[[119.4977,23.2327],[119.4978,23.2327],[119.4981,23.2327],[119.4982,23.2327],[119.4984,23.2324],[119.4984,23.2322],[119.4984,23.232],[119.4984,23.2319],[119.4989,23.2319],[119.4989,23.2318],[119.4987,23.2316],[119.4985,23.2315],[119.4982,23.2316],[119.4979,23.2316],[119.4979,23.2316],[119.4976,23.2318],[119.4976,23.232],[119.4974,23.2322],[119.4972,23.2323],[119.4971,23.2325],[119.4971,23.2326],[119.4974,23.2328],[119.4976,23.2328],[119.4977,23.2327]]]],[[[[119.5202,23.2349],[119.5203,23.2349],[119.5204,23.235],[119.5205,23.2349],[119.5205,23.2348],[119.5207,23.2348],[119.5208,23.2348],[119.5209,23.2346],[119.521,23.2344],[119.521,23.2344],[119.5209,23.2343],[119.5209,23.234],[119.5208,23.2339],[119.5207,23.2338],[119.5206,23.2337],[119.5204,23.2338],[119.5203,23.2337],[119.5202,23.2338],[119.5201,23.2337],[119.52,23.2337],[119.5199,23.2339],[119.5198,23.2341],[119.5197,23.2342],[119.5198,23.2344],[119.5198,23.2345],[119.5198,23.2346],[119.52,23.2347],[119.5201,23.2347],[119.52,23.2348],[119.5199,23.2348],[119.5198,23.2347],[119.5197,23.2348],[119.5197,23.235],[119.5197,23.2351],[119.5198,23.2352],[119.5199,23.2351],[119.52,23.2351],[119.5201,23.235],[119.5202,23.2349]]]],[[[[119.5488,23.2359],[119.5488,23.2357],[119.5488,23.2356],[119.5487,23.2354],[119.5486,23.2353],[119.5485,23.2352],[119.5484,23.2351],[119.5482,23.235],[119.5479,23.235],[119.5477,23.235],[119.5476,23.235],[119.5473,23.2349],[119.5471,23.2348],[119.547,23.2348],[119.5469,23.2349],[119.5468,23.2349],[119.5466,23.2351],[119.5464,23.2352],[119.5463,23.2353],[119.5463,23.2353],[119.5463,23.2354],[119.5465,23.2358],[119.5466,23.2359],[119.5467,23.236],[119.5467,23.2359],[119.5469,23.2358],[119.547,23.2358],[119.547,23.2358],[119.5472,23.236],[119.5476,23.2362],[119.5477,23.2363],[119.5477,23.2363],[119.5481,23.2363],[119.5484,23.2363],[119.5485,23.2363],[119.5486,23.2362],[119.5487,23.2361],[119.5488,23.236],[119.5488,23.2359]]]],[[[[119.5512,23.2421],[119.5512,23.2421],[119.5512,23.242],[119.5511,23.242],[119.5511,23.2421],[119.551,23.2421],[119.551,23.2421],[119.5509,23.2421],[119.5509,23.242],[119.5509,23.2419],[119.5508,23.2419],[119.5508,23.2419],[119.5507,23.2419],[119.5507,23.2419],[119.5506,23.2419],[119.5506,23.242],[119.5507,23.2421],[119.5507,23.2421],[119.5507,23.2422],[119.5508,23.2423],[119.5509,23.2423],[119.5509,23.2424],[119.551,23.2424],[119.551,23.2424],[119.551,23.2424],[119.5511,23.2423],[119.5511,23.2423],[119.5512,23.2422],[119.5512,23.2421]]]],[[[[119.5506,23.2433],[119.5507,23.2431],[119.5506,23.243],[119.5505,23.243],[119.5505,23.243],[119.5507,23.2428],[119.5507,23.2427],[119.5505,23.2425],[119.5504,23.2423],[119.5502,23.2423],[119.55,23.2424],[119.5499,23.2426],[119.5498,23.2425],[119.5497,23.2426],[119.5494,23.2426],[119.5492,23.2425],[119.5493,23.2427],[119.5495,23.2431],[119.5497,23.2432],[119.5499,23.2431],[119.55,23.2429],[119.5502,23.243],[119.5502,23.2431],[119.55,23.2432],[119.5502,23.2434],[119.5504,23.2433],[119.5506,23.2434],[119.5506,23.2433]]]],[[[[119.5513,23.2438],[119.5512,23.2438],[119.5511,23.2438],[119.5511,23.2439],[119.5511,23.2439],[119.5511,23.244],[119.5511,23.2441],[119.5512,23.2441],[119.5512,23.2442],[119.5513,23.2441],[119.5513,23.244],[119.5513,23.244],[119.5514,23.2439],[119.5514,23.2439],[119.5513,23.2438]]]],[[[[119.5199,23.25],[119.5199,23.25],[119.5198,23.25],[119.5198,23.25],[119.5197,23.2501],[119.5196,23.2501],[119.5196,23.2501],[119.5196,23.2502],[119.5196,23.2502],[119.5197,23.2503],[119.5198,23.2504],[119.5199,23.2506],[119.5199,23.2506],[119.52,23.2506],[119.52,23.2506],[119.52,23.2505],[119.52,23.2505],[119.5201,23.2503],[119.5202,23.2502],[119.5202,23.2502],[119.5202,23.2502],[119.5202,23.2501],[119.5201,23.2501],[119.5199,23.25]]]],[[[[119.519,23.2504],[119.519,23.2504],[119.519,23.2504],[119.5189,23.2504],[119.5188,23.2505],[119.5187,23.2506],[119.5187,23.2506],[119.5187,23.2507],[119.519,23.2509],[119.519,23.251],[119.519,23.251],[119.5191,23.251],[119.5191,23.251],[119.5192,23.2509],[119.5192,23.2508],[119.5193,23.2507],[119.5193,23.2507],[119.5193,23.2507],[119.5193,23.2507],[119.5191,23.2505],[119.519,23.2504]]]],[[[[119.5164,23.252],[119.5158,23.2515],[119.5154,23.2513],[119.5152,23.2512],[119.5149,23.2512],[119.5145,23.2513],[119.5142,23.2515],[119.5141,23.2517],[119.5141,23.252],[119.5142,23.2521],[119.5145,23.2521],[119.5151,23.2518],[119.5152,23.2518],[119.515,23.2521],[119.515,23.2522],[119.5153,23.2523],[119.5156,23.2523],[119.5159,23.2523],[119.5162,23.2522],[119.5165,23.2521],[119.5165,23.2521],[119.5164,23.252]]]],[[[[119.5141,23.2525],[119.5139,23.2525],[119.5139,23.2525],[119.5139,23.2525],[119.5139,23.2526],[119.5139,23.2526],[119.5138,23.2527],[119.5138,23.2527],[119.5139,23.2527],[119.514,23.2528],[119.5141,23.2529],[119.5142,23.2529],[119.5142,23.2529],[119.5142,23.2529],[119.5142,23.2527],[119.5143,23.2526],[119.5143,23.2526],[119.5142,23.2526],[119.5141,23.2525]]]],[[[[119.6161,23.2537],[119.6178,23.2534],[119.6192,23.253],[119.6207,23.2533],[119.6215,23.2527],[119.6212,23.252],[119.6213,23.2514],[119.6208,23.2511],[119.6208,23.2506],[119.6207,23.25],[119.6201,23.2495],[119.6197,23.2485],[119.6206,23.2477],[119.6212,23.2471],[119.6218,23.2465],[119.6215,23.2461],[119.6218,23.2457],[119.6221,23.245],[119.6198,23.2454],[119.6189,23.245],[119.6177,23.2445],[119.6175,23.2442],[119.6167,23.2437],[119.6157,23.2442],[119.615,23.2443],[119.6138,23.2454],[119.6123,23.2456],[119.611,23.2461],[119.6104,23.247],[119.61,23.2478],[119.6087,23.2489],[119.6091,23.2505],[119.6095,23.2516],[119.611,23.2519],[119.6124,23.2524],[119.6129,23.2532],[119.6135,23.2533],[119.6142,23.2532],[119.615,23.2531],[119.6161,23.2537]]]],[[[[119.5197,23.2538],[119.5198,23.2536],[119.5198,23.2534],[119.5198,23.2531],[119.5197,23.2529],[119.5196,23.2527],[119.5194,23.2527],[119.5192,23.2526],[119.519,23.2525],[119.5189,23.2524],[119.5187,23.2523],[119.5186,23.2524],[119.5185,23.2527],[119.5184,23.2528],[119.5182,23.2529],[119.518,23.2529],[119.518,23.2531],[119.5179,23.2533],[119.5178,23.2535],[119.5178,23.2537],[119.5181,23.2539],[119.5183,23.2539],[119.5185,23.2538],[119.5186,23.2538],[119.5188,23.2538],[119.519,23.2539],[119.5193,23.254],[119.5196,23.2539],[119.5197,23.2538]]]],[[[[119.6183,23.2555],[119.6183,23.2555],[119.6184,23.2555],[119.6185,23.2554],[119.6186,23.2554],[119.6186,23.2553],[119.6186,23.2552],[119.6186,23.2552],[119.6186,23.2551],[119.6185,23.255],[119.6183,23.255],[119.6181,23.2551],[119.6178,23.2551],[119.6177,23.2551],[119.6175,23.2551],[119.6175,23.2551],[119.6174,23.2552],[119.6174,23.2553],[119.6174,23.2554],[119.6174,23.2554],[119.6175,23.2555],[119.6177,23.2553],[119.6178,23.2552],[119.6179,23.2552],[119.6179,23.2553],[119.618,23.2555],[119.6181,23.2556],[119.6182,23.2555],[119.6183,23.2555]]]],[[[[119.5025,23.2588],[119.5027,23.2587],[119.5027,23.2585],[119.5028,23.2584],[119.503,23.2582],[119.503,23.258],[119.5029,23.2578],[119.5027,23.2578],[119.5026,23.2577],[119.5025,23.2579],[119.5024,23.2579],[119.5023,23.2579],[119.5021,23.2578],[119.5019,23.2579],[119.5019,23.258],[119.5017,23.2581],[119.5017,23.2584],[119.5017,23.2585],[119.5019,23.2586],[119.5018,23.2587],[119.502,23.2587],[119.5021,23.2588],[119.5024,23.2589],[119.5025,23.2589],[119.5025,23.2588]]]],[[[[119.6774,23.2641],[119.6777,23.2636],[119.6787,23.2635],[119.6794,23.263],[119.6793,23.2614],[119.6795,23.2606],[119.6784,23.2601],[119.678,23.2581],[119.6781,23.2572],[119.6778,23.2558],[119.6766,23.2545],[119.6744,23.2533],[119.6743,23.2519],[119.6727,23.2502],[119.6732,23.2486],[119.6731,23.2482],[119.6738,23.2467],[119.6723,23.2455],[119.6713,23.2441],[119.6711,23.2449],[119.6704,23.2456],[119.6698,23.2467],[119.669,23.248],[119.6661,23.2486],[119.6664,23.2503],[119.6651,23.2506],[119.6652,23.2509],[119.6676,23.2545],[119.6661,23.2568],[119.6655,23.2582],[119.6661,23.2599],[119.6669,23.2615],[119.6686,23.262],[119.6711,23.2631],[119.6717,23.2631],[119.6737,23.2627],[119.6748,23.2629],[119.6756,23.2633],[119.6764,23.2638],[119.6769,23.264],[119.6774,23.2641]]]],[[[[119.6609,23.2644],[119.6613,23.2642],[119.6616,23.2637],[119.6617,23.2633],[119.6616,23.2629],[119.6613,23.2622],[119.6609,23.2616],[119.6605,23.2611],[119.6604,23.2608],[119.6604,23.2605],[119.66,23.26],[119.6599,23.2602],[119.6597,23.2604],[119.6595,23.2601],[119.6595,23.2604],[119.6591,23.2604],[119.6588,23.2609],[119.6585,23.2605],[119.6578,23.2608],[119.6572,23.2606],[119.6569,23.2609],[119.6567,23.261],[119.6569,23.2614],[119.6574,23.2617],[119.6575,23.2619],[119.6577,23.2624],[119.6573,23.2628],[119.6574,23.2631],[119.6578,23.2633],[119.6582,23.2632],[119.6586,23.264],[119.6591,23.2641],[119.6594,23.264],[119.6596,23.264],[119.6604,23.2643],[119.6609,23.2644]]]],[[[[119.5198,23.2646],[119.5212,23.2643],[119.5218,23.2645],[119.522,23.2637],[119.5221,23.2623],[119.521,23.2612],[119.5203,23.2609],[119.5195,23.2607],[119.5189,23.2601],[119.5191,23.2593],[119.5186,23.2594],[119.518,23.2587],[119.5181,23.2582],[119.5171,23.2575],[119.5165,23.257],[119.5163,23.2561],[119.5165,23.2551],[119.5161,23.2547],[119.5152,23.2554],[119.5138,23.2559],[119.5126,23.2557],[119.5102,23.2557],[119.5103,23.2563],[119.511,23.2564],[119.5117,23.257],[119.5107,23.2564],[119.51,23.2572],[119.511,23.2572],[119.5126,23.2574],[119.5137,23.259],[119.5143,23.2601],[119.5145,23.2611],[119.5142,23.262],[119.5143,23.2624],[119.5152,23.2631],[119.5163,23.2639],[119.5173,23.2643],[119.5178,23.2649],[119.5186,23.2653],[119.5196,23.2651],[119.5198,23.2646]]]],[[[[119.5126,23.2721],[119.5126,23.2721],[119.5126,23.2721],[119.5124,23.2721],[119.5123,23.2721],[119.512,23.2721],[119.5118,23.2721],[119.5116,23.2721],[119.5115,23.2721],[119.5113,23.2721],[119.5111,23.2721],[119.5111,23.2721],[119.511,23.2721],[119.5109,23.2722],[119.5108,23.2722],[119.5108,23.2722],[119.5108,23.2723],[119.5109,23.2724],[119.5109,23.2724],[119.5109,23.2725],[119.511,23.2725],[119.5115,23.2725],[119.5118,23.2725],[119.5119,23.2725],[119.512,23.2725],[119.5123,23.2724],[119.5124,23.2723],[119.5126,23.2722],[119.5126,23.2721]]]],[[[[119.5086,23.2729],[119.5086,23.2728],[119.5086,23.2728],[119.5085,23.2727],[119.5083,23.2727],[119.5083,23.2727],[119.5082,23.2728],[119.5081,23.2728],[119.5081,23.2728],[119.508,23.2728],[119.5079,23.2728],[119.5079,23.2728],[119.5078,23.2727],[119.5078,23.2728],[119.5078,23.2728],[119.5078,23.2729],[119.5078,23.273],[119.5078,23.2731],[119.5079,23.2731],[119.5079,23.2732],[119.508,23.2732],[119.5081,23.2732],[119.5082,23.2732],[119.5082,23.2732],[119.5082,23.2732],[119.5083,23.2732],[119.5084,23.2732],[119.5085,23.2731],[119.5086,23.2731],[119.5086,23.2729]]]],[[[[119.5067,23.2726],[119.5072,23.2724],[119.5078,23.2726],[119.5085,23.2726],[119.5089,23.2726],[119.5087,23.273],[119.509,23.2729],[119.5095,23.2729],[119.5097,23.2732],[119.5098,23.2729],[119.51,23.2721],[119.511,23.2709],[119.5109,23.27],[119.5111,23.2692],[119.5108,23.2686],[119.5112,23.2667],[119.5103,23.2672],[119.5096,23.2673],[119.5082,23.2674],[119.5067,23.2677],[119.5058,23.268],[119.5047,23.2685],[119.5036,23.2701],[119.5035,23.2706],[119.5035,23.2709],[119.5036,23.2713],[119.5035,23.2719],[119.5032,23.2722],[119.5028,23.2724],[119.503,23.2727],[119.5036,23.2726],[119.5043,23.2726],[119.5048,23.2727],[119.5052,23.2727],[119.5058,23.2726],[119.5059,23.2727],[119.506,23.273],[119.5067,23.2733],[119.5066,23.2729],[119.5067,23.2726]]]],[[[[119.5029,23.2766],[119.5032,23.2765],[119.5034,23.2765],[119.5037,23.2765],[119.5039,23.2764],[119.5039,23.2763],[119.504,23.2762],[119.5041,23.2761],[119.5041,23.2759],[119.5041,23.2757],[119.5039,23.2758],[119.5037,23.2759],[119.5036,23.2759],[119.5034,23.2759],[119.5033,23.276],[119.5031,23.2761],[119.5029,23.2761],[119.5022,23.2761],[119.5024,23.276],[119.5025,23.2759],[119.5024,23.2757],[119.5022,23.2758],[119.5021,23.2756],[119.5017,23.2757],[119.5016,23.2755],[119.5014,23.2755],[119.5015,23.2757],[119.5018,23.2757],[119.5017,23.2759],[119.5017,23.2761],[119.5017,23.2763],[119.5018,23.2763],[119.5018,23.2764],[119.5022,23.2765],[119.5022,23.2763],[119.5025,23.2763],[119.5026,23.2765],[119.5029,23.2766]]]],[[[[119.5015,23.2767],[119.5016,23.2767],[119.5017,23.2767],[119.5018,23.2767],[119.5018,23.2767],[119.5018,23.2766],[119.5018,23.2766],[119.5018,23.2765],[119.5017,23.2765],[119.5016,23.2764],[119.5016,23.2765],[119.5015,23.2764],[119.5014,23.2764],[119.5014,23.2764],[119.5013,23.2764],[119.5012,23.2764],[119.5012,23.2765],[119.5012,23.2766],[119.5012,23.2766],[119.5012,23.2767],[119.5013,23.2767],[119.5014,23.2767],[119.5014,23.2768],[119.5015,23.2767]]]],[[[[119.5006,23.2867],[119.5006,23.2867],[119.5006,23.2867],[119.5005,23.2866],[119.5004,23.2866],[119.5004,23.2866],[119.5004,23.2866],[119.5003,23.2866],[119.5003,23.2867],[119.5002,23.2867],[119.5002,23.2867],[119.5002,23.2868],[119.5002,23.2868],[119.5002,23.2868],[119.5001,23.2868],[119.5001,23.2869],[119.5001,23.2869],[119.5001,23.287],[119.5001,23.287],[119.5001,23.2871],[119.5002,23.2871],[119.5003,23.2871],[119.5004,23.2871],[119.5004,23.2871],[119.5004,23.287],[119.5004,23.287],[119.5004,23.287],[119.5005,23.287],[119.5005,23.287],[119.5005,23.2869],[119.5005,23.2869],[119.5006,23.2869],[119.5006,23.2868],[119.5006,23.2868],[119.5006,23.2867],[119.5006,23.2867],[119.5006,23.2867],[119.5006,23.2867],[119.5006,23.2867]]]],[[[[119.5014,23.2908],[119.5016,23.2907],[119.5019,23.2907],[119.5021,23.2906],[119.5022,23.2905],[119.5026,23.2905],[119.5026,23.2903],[119.5027,23.2902],[119.5025,23.2901],[119.5029,23.2899],[119.5025,23.2898],[119.5022,23.2899],[119.5019,23.2898],[119.5018,23.2896],[119.502,23.2894],[119.5024,23.2892],[119.5024,23.2891],[119.502,23.2892],[119.5018,23.2894],[119.5016,23.2893],[119.5015,23.2894],[119.5013,23.2892],[119.5012,23.2889],[119.501,23.289],[119.501,23.2891],[119.5011,23.2892],[119.5009,23.2894],[119.5008,23.2897],[119.5007,23.2898],[119.5006,23.2901],[119.5007,23.2902],[119.501,23.2901],[119.5014,23.2901],[119.5015,23.2902],[119.5015,23.2903],[119.5014,23.2904],[119.5012,23.2906],[119.5013,23.2907],[119.5014,23.2908]]]],[[[[119.5007,23.2911],[119.5008,23.291],[119.5008,23.2909],[119.5007,23.2908],[119.5008,23.2908],[119.5008,23.2909],[119.5009,23.2909],[119.501,23.2909],[119.501,23.2908],[119.501,23.2907],[119.5011,23.2906],[119.501,23.2906],[119.5009,23.2906],[119.5008,23.2906],[119.5007,23.2906],[119.5006,23.2907],[119.5005,23.2907],[119.5004,23.2908],[119.5004,23.2909],[119.5005,23.2909],[119.5005,23.291],[119.5005,23.2911],[119.5006,23.2911],[119.5006,23.2912],[119.5007,23.2913],[119.5007,23.2912],[119.5007,23.2911]]]],[[[[119.3426,23.3051],[119.3426,23.3051],[119.3426,23.3051],[119.3425,23.3051],[119.3425,23.3052],[119.3425,23.3052],[119.3424,23.3053],[119.3424,23.3054],[119.3424,23.3055],[119.3424,23.3055],[119.3424,23.3057],[119.3424,23.3057],[119.3424,23.3058],[119.3423,23.3058],[119.3424,23.3058],[119.3424,23.3058],[119.3425,23.3057],[119.3425,23.3057],[119.3426,23.3056],[119.3426,23.3056],[119.3426,23.3055],[119.3426,23.3054],[119.3426,23.3053],[119.3427,23.3053],[119.3427,23.3052],[119.3427,23.3051],[119.3426,23.3051]]]],[[[[119.3422,23.3072],[119.3422,23.3072],[119.3422,23.3072],[119.3421,23.3072],[119.342,23.3073],[119.342,23.3074],[119.3419,23.3075],[119.3419,23.3076],[119.3418,23.3077],[119.3417,23.308],[119.3416,23.3081],[119.3416,23.3082],[119.3417,23.3083],[119.3417,23.3084],[119.3418,23.3085],[119.3418,23.3086],[119.3418,23.3086],[119.3418,23.3087],[119.3419,23.3087],[119.3419,23.3087],[119.3419,23.3086],[119.3419,23.3085],[119.3419,23.3084],[119.342,23.3083],[119.342,23.3083],[119.3422,23.3081],[119.3422,23.308],[119.3423,23.3078],[119.3424,23.3077],[119.3424,23.3076],[119.3424,23.3076],[119.3424,23.3074],[119.3423,23.3073],[119.3422,23.3072],[119.3422,23.3072]]]],[[[[119.3367,23.3224],[119.337,23.3222],[119.3371,23.3218],[119.3375,23.3214],[119.3375,23.321],[119.3374,23.3206],[119.3372,23.3203],[119.3371,23.3199],[119.3373,23.3194],[119.3376,23.319],[119.3382,23.3186],[119.3384,23.318],[119.3382,23.3177],[119.3378,23.3175],[119.3373,23.3174],[119.3371,23.3171],[119.3365,23.3174],[119.3358,23.3177],[119.3354,23.3177],[119.3353,23.3178],[119.3352,23.3182],[119.3352,23.3184],[119.3351,23.3186],[119.3352,23.3188],[119.3351,23.3193],[119.3351,23.3196],[119.3352,23.3199],[119.3351,23.32],[119.3351,23.3202],[119.3352,23.3204],[119.335,23.3206],[119.3351,23.3209],[119.335,23.3211],[119.3352,23.3214],[119.3352,23.3216],[119.3352,23.3219],[119.3356,23.3223],[119.3359,23.3227],[119.3367,23.3224]]]],[[[[119.3262,23.3242],[119.3261,23.3242],[119.3261,23.3242],[119.3261,23.3242],[119.3261,23.3242],[119.3261,23.3243],[119.3261,23.3243],[119.3262,23.3243],[119.3262,23.3243],[119.3262,23.3243],[119.3262,23.3243],[119.3262,23.3242]]]],[[[[119.3241,23.3245],[119.3246,23.3245],[119.3248,23.3245],[119.3249,23.3244],[119.325,23.3244],[119.3253,23.3243],[119.3254,23.3242],[119.3256,23.324],[119.3255,23.3239],[119.3253,23.3238],[119.3251,23.3238],[119.325,23.3239],[119.3248,23.3237],[119.3246,23.3236],[119.3243,23.3237],[119.3242,23.3238],[119.3243,23.3239],[119.3242,23.324],[119.324,23.324],[119.3239,23.3239],[119.3237,23.324],[119.3237,23.3241],[119.3236,23.3243],[119.3235,23.3242],[119.3234,23.324],[119.3233,23.3241],[119.3233,23.3242],[119.3233,23.3244],[119.3234,23.3244],[119.3236,23.3245],[119.3238,23.3245],[119.3239,23.3246],[119.324,23.3246],[119.3241,23.3245]]]],[[[[119.3227,23.3245],[119.3228,23.3245],[119.3228,23.3245],[119.3229,23.3246],[119.323,23.3246],[119.323,23.3246],[119.3229,23.3245],[119.3229,23.3244],[119.323,23.3244],[119.3231,23.3243],[119.3231,23.3243],[119.3231,23.3243],[119.3229,23.3243],[119.3229,23.3242],[119.323,23.3242],[119.3229,23.3241],[119.3229,23.3241],[119.3228,23.3241],[119.3227,23.3241],[119.3227,23.3242],[119.3227,23.3242],[119.3226,23.3242],[119.3226,23.3243],[119.3226,23.3243],[119.3226,23.3243],[119.3226,23.3244],[119.3225,23.3244],[119.3225,23.3244],[119.3224,23.3243],[119.3224,23.3243],[119.3225,23.3245],[119.3226,23.3246],[119.3226,23.3246],[119.3227,23.3246],[119.3227,23.3246],[119.3228,23.3246],[119.3228,23.3246],[119.3228,23.3246],[119.3227,23.3245]]]],[[[[119.3325,23.3244],[119.3325,23.3244],[119.3324,23.3244],[119.3324,23.3244],[119.3324,23.3245],[119.3324,23.3245],[119.3324,23.3246],[119.3324,23.3246],[119.3324,23.3246],[119.3324,23.3247],[119.3325,23.3247],[119.3325,23.3247],[119.3325,23.3246],[119.3325,23.3245],[119.3325,23.3245],[119.3325,23.3244]]]],[[[[119.3282,23.3249],[119.3281,23.3249],[119.3281,23.3249],[119.3281,23.3249],[119.3281,23.325],[119.3281,23.325],[119.3282,23.3251],[119.3282,23.3251],[119.3282,23.325],[119.3282,23.325],[119.3282,23.325],[119.3282,23.3249],[119.3282,23.3249]]]],[[[[119.3203,23.326],[119.3206,23.3263],[119.3212,23.3257],[119.3214,23.3254],[119.3217,23.3252],[119.3219,23.3244],[119.3222,23.3241],[119.3229,23.324],[119.3228,23.3238],[119.3226,23.3237],[119.3222,23.3236],[119.3218,23.3235],[119.3213,23.3233],[119.3209,23.3237],[119.3207,23.3239],[119.3209,23.3242],[119.3209,23.3247],[119.3202,23.3243],[119.3198,23.3239],[119.3195,23.3238],[119.3192,23.3239],[119.3191,23.3242],[119.3189,23.3245],[119.3184,23.3246],[119.3185,23.3249],[119.3183,23.3253],[119.3186,23.3249],[119.3187,23.3252],[119.319,23.3255],[119.3196,23.326],[119.3196,23.3265],[119.3197,23.327],[119.3198,23.3275],[119.3201,23.3274],[119.3202,23.3269],[119.3203,23.3264],[119.3203,23.326]]]],[[[[119.5557,23.348],[119.5557,23.348],[119.5556,23.348],[119.5555,23.348],[119.5553,23.3479],[119.5551,23.3479],[119.5551,23.3479],[119.555,23.348],[119.5549,23.348],[119.5549,23.3481],[119.5549,23.3481],[119.5548,23.3482],[119.5548,23.3483],[119.5548,23.3483],[119.5549,23.3484],[119.5549,23.3485],[119.555,23.3485],[119.5551,23.3486],[119.5553,23.3487],[119.5554,23.3488],[119.5554,23.3488],[119.5555,23.3486],[119.5555,23.3484],[119.5555,23.3484],[119.5555,23.3484],[119.5557,23.3483],[119.5558,23.3483],[119.5558,23.3483],[119.5558,23.3483],[119.5558,23.3481],[119.5558,23.348],[119.5557,23.348]]]],[[[[119.465,23.3472],[119.465,23.347],[119.4649,23.3469],[119.4648,23.347],[119.4648,23.3471],[119.4648,23.347],[119.4647,23.347],[119.4647,23.3471],[119.4646,23.3472],[119.4648,23.3475],[119.465,23.3478],[119.4652,23.348],[119.4654,23.3484],[119.4655,23.3487],[119.4657,23.3488],[119.4658,23.3489],[119.466,23.3489],[119.4659,23.3486],[119.466,23.3484],[119.4659,23.3483],[119.4659,23.3482],[119.4658,23.348],[119.4659,23.348],[119.4659,23.3478],[119.4657,23.3477],[119.4654,23.3474],[119.4651,23.3472],[119.465,23.3472]]]],[[[[119.5434,23.3488],[119.5433,23.3488],[119.5433,23.3488],[119.5433,23.3488],[119.5433,23.3488],[119.5433,23.3489],[119.5433,23.349],[119.5433,23.349],[119.5434,23.349],[119.5434,23.3491],[119.5434,23.3491],[119.5435,23.3491],[119.5435,23.349],[119.5435,23.349],[119.5435,23.3489],[119.5435,23.3489],[119.5435,23.3489],[119.5435,23.3489],[119.5434,23.3489],[119.5434,23.3488],[119.5434,23.3488],[119.5434,23.3488]]]],[[[[119.5393,23.3505],[119.5394,23.3505],[119.5395,23.3505],[119.5396,23.3504],[119.5397,23.3505],[119.5399,23.3504],[119.54,23.3503],[119.5398,23.3502],[119.5397,23.35],[119.5397,23.3498],[119.5395,23.3497],[119.5392,23.3495],[119.5391,23.3494],[119.539,23.3494],[119.5389,23.3492],[119.5388,23.3492],[119.5387,23.3492],[119.5386,23.3492],[119.5384,23.3492],[119.5381,23.3493],[119.5379,23.3493],[119.5377,23.3493],[119.5375,23.3494],[119.5376,23.3495],[119.5377,23.3496],[119.5379,23.3499],[119.538,23.35],[119.5383,23.3499],[119.5385,23.3499],[119.5386,23.35],[119.5386,23.3501],[119.5387,23.3502],[119.5388,23.3502],[119.5388,23.3503],[119.539,23.3504],[119.5391,23.3504],[119.5393,23.3505]]]],[[[[119.5413,23.3506],[119.5413,23.3506],[119.5413,23.3506],[119.5412,23.3507],[119.5412,23.3507],[119.5412,23.3508],[119.5412,23.3508],[119.5413,23.3509],[119.5413,23.3509],[119.5413,23.351],[119.5414,23.3511],[119.5414,23.3512],[119.5414,23.3513],[119.5414,23.3513],[119.5415,23.3513],[119.5415,23.3512],[119.5416,23.3512],[119.5416,23.3511],[119.5416,23.351],[119.5416,23.351],[119.5415,23.3509],[119.5415,23.3508],[119.5414,23.3508],[119.5414,23.3507],[119.5414,23.3506],[119.5413,23.3506]]]],[[[[119.5199,23.3513],[119.5198,23.3513],[119.5198,23.3513],[119.5197,23.3513],[119.5197,23.3513],[119.5197,23.3514],[119.5198,23.3514],[119.5198,23.3515],[119.5198,23.3515],[119.5199,23.3515],[119.5199,23.3515],[119.52,23.3515],[119.52,23.3514],[119.52,23.3514],[119.5199,23.3514],[119.5199,23.3513],[119.5199,23.3513]]]],[[[[119.5197,23.3516],[119.5197,23.3516],[119.5197,23.3516],[119.5197,23.3516],[119.5196,23.3516],[119.5196,23.3517],[119.5196,23.3517],[119.5196,23.3518],[119.5196,23.3518],[119.5197,23.3519],[119.5198,23.352],[119.5199,23.352],[119.5199,23.352],[119.5199,23.352],[119.52,23.352],[119.52,23.3519],[119.52,23.3518],[119.52,23.3518],[119.5199,23.3518],[119.5198,23.3517],[119.5198,23.3517],[119.5198,23.3517],[119.5197,23.3516]]]],[[[[119.4686,23.3531],[119.4689,23.353],[119.469,23.3529],[119.4693,23.353],[119.4694,23.3532],[119.4697,23.353],[119.4696,23.3528],[119.4696,23.3526],[119.4694,23.3527],[119.4693,23.3525],[119.4691,23.3524],[119.469,23.3523],[119.4688,23.3522],[119.4686,23.3519],[119.4685,23.3517],[119.4682,23.3518],[119.468,23.3515],[119.4679,23.3512],[119.4678,23.351],[119.4677,23.3508],[119.4676,23.3512],[119.4673,23.3513],[119.4674,23.3514],[119.4676,23.3517],[119.4677,23.352],[119.4674,23.3518],[119.4671,23.3518],[119.4672,23.352],[119.4675,23.3522],[119.4675,23.3524],[119.4677,23.3522],[119.4677,23.3525],[119.4676,23.3526],[119.4679,23.3527],[119.4677,23.353],[119.4679,23.3533],[119.4681,23.3533],[119.4682,23.3531],[119.4686,23.3531]]]],[[[[119.4672,23.3537],[119.4672,23.3537],[119.4671,23.3537],[119.467,23.3537],[119.467,23.3537],[119.4669,23.3538],[119.4669,23.3538],[119.4669,23.3538],[119.4669,23.3539],[119.4669,23.3539],[119.4669,23.354],[119.467,23.354],[119.467,23.354],[119.467,23.354],[119.467,23.354],[119.4671,23.354],[119.4671,23.3539],[119.4671,23.3538],[119.4672,23.3538],[119.4672,23.3537]]]],[[[[119.4683,23.3549],[119.4682,23.3549],[119.4682,23.3549],[119.4682,23.3549],[119.4681,23.3549],[119.4681,23.355],[119.4682,23.355],[119.4683,23.355],[119.4683,23.3549],[119.4683,23.3549]]]],[[[[119.5276,23.3552],[119.5275,23.3552],[119.5275,23.3552],[119.5275,23.3552],[119.5274,23.3553],[119.5274,23.3553],[119.5273,23.3553],[119.5272,23.3554],[119.5272,23.3555],[119.5272,23.3555],[119.5273,23.3555],[119.5273,23.3555],[119.5274,23.3555],[119.5275,23.3555],[119.5276,23.3554],[119.5276,23.3554],[119.5276,23.3554],[119.5276,23.3553],[119.5276,23.3552],[119.5276,23.3552]]]],[[[[119.4635,23.355],[119.4636,23.355],[119.4637,23.355],[119.4637,23.355],[119.4637,23.3549],[119.4637,23.3548],[119.4637,23.3547],[119.4636,23.3547],[119.4636,23.3547],[119.4636,23.3546],[119.4636,23.3545],[119.4636,23.3545],[119.4635,23.3545],[119.4635,23.3545],[119.4635,23.3545],[119.4635,23.3546],[119.4635,23.3547],[119.4635,23.3547],[119.4634,23.3548],[119.4634,23.3549],[119.4634,23.355],[119.4634,23.3552],[119.4634,23.3553],[119.4634,23.3553],[119.4635,23.3554],[119.4635,23.3555],[119.4636,23.3556],[119.4636,23.3556],[119.4636,23.3556],[119.4636,23.3555],[119.4636,23.3554],[119.4636,23.3553],[119.4635,23.3552],[119.4635,23.3551],[119.4635,23.3551],[119.4635,23.355],[119.4635,23.355]]]],[[[[119.4684,23.3553],[119.4684,23.3553],[119.4683,23.3553],[119.4683,23.3553],[119.4682,23.3554],[119.4682,23.3554],[119.4681,23.3555],[119.4681,23.3555],[119.4681,23.3557],[119.4681,23.3557],[119.4681,23.3558],[119.4682,23.3558],[119.4682,23.3557],[119.4683,23.3556],[119.4684,23.3556],[119.4684,23.3555],[119.4684,23.3555],[119.4684,23.3554],[119.4684,23.3553]]]],[[[[119.4621,23.356],[119.4626,23.356],[119.4627,23.3558],[119.4628,23.3556],[119.4629,23.3553],[119.463,23.3551],[119.4627,23.3549],[119.4625,23.3548],[119.4623,23.3546],[119.4619,23.3545],[119.4615,23.3544],[119.4613,23.3545],[119.4613,23.3543],[119.461,23.354],[119.461,23.3539],[119.4607,23.3539],[119.4607,23.354],[119.4609,23.3542],[119.4612,23.3544],[119.4611,23.3546],[119.4609,23.3547],[119.4605,23.3545],[119.4603,23.3544],[119.4601,23.3544],[119.4602,23.3547],[119.4605,23.3548],[119.4609,23.355],[119.4613,23.3551],[119.4615,23.3553],[119.4616,23.3555],[119.4617,23.3559],[119.4619,23.3561],[119.462,23.3561],[119.4621,23.356]]]],[[[[119.5178,23.3563],[119.5178,23.3563],[119.5177,23.3563],[119.5177,23.3563],[119.5176,23.3564],[119.5176,23.3564],[119.5175,23.3564],[119.5175,23.3565],[119.5174,23.3565],[119.5175,23.3565],[119.5175,23.3566],[119.5175,23.3566],[119.5177,23.3566],[119.5177,23.3566],[119.5178,23.3566],[119.5179,23.3567],[119.518,23.3567],[119.518,23.3567],[119.5181,23.3567],[119.5181,23.3567],[119.5181,23.3566],[119.5181,23.3566],[119.518,23.3565],[119.518,23.3565],[119.5179,23.3564],[119.5179,23.3563],[119.5178,23.3563]]]],[[[[119.4791,23.3592],[119.4792,23.359],[119.4795,23.359],[119.4798,23.359],[119.4799,23.3587],[119.4801,23.3586],[119.4803,23.3585],[119.4803,23.3581],[119.4805,23.3577],[119.481,23.3574],[119.4814,23.357],[119.4817,23.3567],[119.4818,23.3566],[119.4817,23.3563],[119.4816,23.3562],[119.4814,23.3562],[119.4813,23.3561],[119.4811,23.3561],[119.4809,23.3563],[119.4808,23.3565],[119.4803,23.3567],[119.48,23.3574],[119.4798,23.3576],[119.4796,23.3579],[119.4794,23.3581],[119.479,23.3584],[119.4789,23.3587],[119.4789,23.3589],[119.4789,23.3591],[119.4788,23.3591],[119.4789,23.3592],[119.4791,23.3592]]]],[[[[119.5375,23.3619],[119.5378,23.3621],[119.538,23.3622],[119.5384,23.3619],[119.5384,23.3616],[119.5381,23.3616],[119.5381,23.3618],[119.5379,23.3619],[119.5379,23.3616],[119.538,23.3612],[119.5381,23.361],[119.5379,23.3607],[119.5378,23.3605],[119.5378,23.3601],[119.5376,23.3599],[119.5373,23.3601],[119.537,23.36],[119.5369,23.3603],[119.5368,23.3602],[119.5364,23.3603],[119.5362,23.3606],[119.536,23.3608],[119.5358,23.361],[119.5356,23.3614],[119.5362,23.3621],[119.5363,23.3624],[119.5364,23.3628],[119.5364,23.3631],[119.5365,23.3633],[119.5368,23.3632],[119.537,23.3629],[119.5376,23.3627],[119.5376,23.3625],[119.5377,23.3624],[119.5376,23.3622],[119.5375,23.3619]]]],[[[[119.5533,23.3638],[119.5533,23.3637],[119.5532,23.3636],[119.5532,23.3635],[119.553,23.3635],[119.5528,23.3636],[119.5527,23.3637],[119.5526,23.3637],[119.5524,23.3638],[119.5523,23.3638],[119.5522,23.3638],[119.5522,23.3641],[119.5522,23.3641],[119.5522,23.3643],[119.5521,23.3644],[119.5522,23.3646],[119.5523,23.3647],[119.5523,23.3649],[119.5523,23.365],[119.5524,23.3651],[119.5524,23.3653],[119.5526,23.3653],[119.5527,23.3652],[119.5526,23.3651],[119.5527,23.365],[119.5528,23.3648],[119.5529,23.3646],[119.5528,23.3645],[119.5527,23.3644],[119.5526,23.3643],[119.5526,23.3642],[119.5527,23.3642],[119.5528,23.3641],[119.5528,23.364],[119.553,23.3639],[119.5532,23.3639],[119.5533,23.3638]]]],[[[[119.5531,23.3668],[119.5531,23.3668],[119.5532,23.3668],[119.5533,23.3668],[119.5534,23.3667],[119.5534,23.3667],[119.5534,23.3667],[119.5533,23.3666],[119.5532,23.3666],[119.5531,23.3665],[119.5531,23.3664],[119.5527,23.3661],[119.5526,23.366],[119.5524,23.3658],[119.5523,23.3658],[119.5522,23.3657],[119.5521,23.3657],[119.552,23.3657],[119.552,23.3657],[119.552,23.3657],[119.5521,23.3658],[119.5522,23.3658],[119.5523,23.3659],[119.5524,23.366],[119.5524,23.3661],[119.5524,23.3662],[119.5524,23.3662],[119.5525,23.3663],[119.5525,23.3665],[119.5525,23.3667],[119.5526,23.3667],[119.5527,23.3668],[119.5527,23.3668],[119.553,23.3668],[119.5531,23.3668]]]],[[[[119.5317,23.3744],[119.5317,23.3743],[119.5316,23.3742],[119.5316,23.3741],[119.5315,23.374],[119.5315,23.374],[119.5314,23.374],[119.5313,23.374],[119.5313,23.3741],[119.5312,23.3742],[119.5312,23.3742],[119.5312,23.3743],[119.5312,23.3743],[119.5313,23.3744],[119.5315,23.3744],[119.5315,23.3744],[119.5316,23.3745],[119.5317,23.3745],[119.5317,23.3745],[119.5317,23.3744]]]],[[[[119.5236,23.3749],[119.5238,23.375],[119.5241,23.3749],[119.5241,23.3746],[119.5242,23.3744],[119.5245,23.3745],[119.5244,23.3748],[119.5247,23.3747],[119.5252,23.3747],[119.5255,23.3749],[119.5257,23.375],[119.5258,23.3747],[119.526,23.3745],[119.5261,23.374],[119.5265,23.3738],[119.5268,23.3736],[119.527,23.3733],[119.5266,23.3734],[119.5261,23.3733],[119.5258,23.3734],[119.5252,23.3734],[119.5245,23.3734],[119.524,23.3738],[119.5238,23.3741],[119.5234,23.3743],[119.523,23.3745],[119.5229,23.3751],[119.5232,23.3756],[119.5235,23.3754],[119.5237,23.3752],[119.5236,23.3749]]]],[[[[119.5371,23.3753],[119.5386,23.3739],[119.54,23.3728],[119.5408,23.3722],[119.5414,23.3711],[119.5418,23.3701],[119.5418,23.3682],[119.5426,23.3673],[119.5429,23.3669],[119.543,23.3664],[119.5439,23.3652],[119.5417,23.3651],[119.5393,23.3661],[119.5373,23.3655],[119.5336,23.3666],[119.5313,23.3657],[119.5282,23.3646],[119.5271,23.3629],[119.5257,23.362],[119.5265,23.3599],[119.5259,23.3584],[119.5244,23.3573],[119.5246,23.3587],[119.5231,23.3609],[119.5211,23.3611],[119.5204,23.3604],[119.5204,23.3626],[119.5186,23.3647],[119.5201,23.3671],[119.5238,23.3661],[119.5262,23.3686],[119.5256,23.37],[119.5282,23.3729],[119.5288,23.3722],[119.5307,23.3718],[119.5308,23.3738],[119.5326,23.3725],[119.534,23.373],[119.536,23.3737],[119.5365,23.3753],[119.5371,23.3753]]]],[[[[119.488,23.3787],[119.4882,23.3785],[119.4883,23.3783],[119.4882,23.3783],[119.488,23.3784],[119.4877,23.3786],[119.4876,23.3786],[119.4875,23.3785],[119.4877,23.3784],[119.4877,23.3783],[119.4876,23.3782],[119.4876,23.3781],[119.4874,23.3781],[119.4874,23.3782],[119.4873,23.3783],[119.4872,23.3784],[119.4873,23.3786],[119.4874,23.3788],[119.4875,23.3789],[119.48779999999999,23.3789],[119.488,23.3788],[119.488,23.3787]]]],[[[[119.5274,23.3789],[119.5278,23.3789],[119.5278,23.3792],[119.528,23.3794],[119.5281,23.379],[119.5279,23.3788],[119.5278,23.3785],[119.5282,23.3782],[119.5284,23.3777],[119.5286,23.3779],[119.529,23.3778],[119.5292,23.3781],[119.5293,23.3778],[119.5294,23.3776],[119.5295,23.3772],[119.5297,23.377],[119.5299,23.3769],[119.5297,23.3767],[119.5296,23.3765],[119.5291,23.3764],[119.5288,23.3762],[119.5285,23.3766],[119.5283,23.3771],[119.5281,23.3775],[119.5277,23.3777],[119.5273,23.3781],[119.5265,23.3786],[119.5264,23.3789],[119.5264,23.3792],[119.5264,23.3795],[119.5271,23.379],[119.5274,23.3789]]]],[[[[119.5145,23.3841],[119.5144,23.3838],[119.5141,23.3837],[119.5144,23.3835],[119.5146,23.3832],[119.5148,23.383],[119.515,23.3827],[119.5152,23.3824],[119.5154,23.382],[119.5152,23.3816],[119.5145,23.3808],[119.5137,23.3807],[119.5131,23.3809],[119.5125,23.3812],[119.5122,23.3817],[119.5122,23.3823],[119.5125,23.3827],[119.5128,23.383],[119.5129,23.3827],[119.5132,23.3827],[119.5134,23.3834],[119.5139,23.3837],[119.5139,23.384],[119.5136,23.3839],[119.5132,23.3838],[119.5129,23.3839],[119.5127,23.3842],[119.5129,23.3848],[119.5134,23.3851],[119.5136,23.385],[119.5139,23.3848],[119.5144,23.3847],[119.5143,23.3843],[119.5145,23.3841]]]],[[[[119.5131,23.3959],[119.5133,23.3959],[119.5135,23.3959],[119.5137,23.396],[119.5138,23.396],[119.514,23.3961],[119.5141,23.396],[119.5141,23.3959],[119.514,23.3958],[119.5139,23.3957],[119.5139,23.3955],[119.5138,23.3954],[119.5136,23.3954],[119.5135,23.3955],[119.5132,23.3954],[119.5127,23.3955],[119.5124,23.3954],[119.5123,23.3955],[119.5124,23.3957],[119.5124,23.3958],[119.5125,23.396],[119.5126,23.3962],[119.5128,23.3962],[119.513,23.396],[119.5131,23.3959]]]],[[[[119.4937,23.3972],[119.4951,23.3947],[119.4979,23.3927],[119.5005,23.3899],[119.5023,23.3911],[119.5042,23.392],[119.5041,23.3943],[119.5062,23.3937],[119.5068,23.3919],[119.5074,23.3887],[119.5076,23.3851],[119.5082,23.3826],[119.51,23.3758],[119.5127,23.3764],[119.5088,23.3729],[119.5112,23.3713],[119.5137,23.3724],[119.5157,23.3741],[119.515,23.3709],[119.5159,23.3685],[119.5122,23.3663],[119.5077,23.3641],[119.5091,23.3608],[119.5136,23.3537],[119.5101,23.3538],[119.5043,23.3555],[119.4913,23.3533],[119.4884,23.3582],[119.4929,23.3639],[119.4949,23.3722],[119.4922,23.3758],[119.4921,23.3789],[119.4927,23.3819],[119.4934,23.3837],[119.4952,23.3854],[119.4938,23.3886],[119.4925,23.3925],[119.4895,23.3946],[119.4905,23.3965],[119.4923,23.3972],[119.4937,23.3972]]]],[[[[119.3197,23.4117],[119.3206,23.411],[119.3209,23.4108],[119.3225,23.4099],[119.3241,23.4087],[119.3249,23.4084],[119.3248,23.4075],[119.3259,23.4068],[119.327,23.4069],[119.3279,23.4074],[119.3292,23.4069],[119.3304,23.4054],[119.3302,23.4044],[119.3291,23.4042],[119.3285,23.4033],[119.3283,23.4031],[119.3275,23.4027],[119.3273,23.4016],[119.3277,23.4008],[119.3264,23.4001],[119.3244,23.3992],[119.3224,23.3991],[119.322,23.399],[119.3202,23.3985],[119.3188,23.3981],[119.3169,23.3979],[119.3162,23.3984],[119.3147,23.3999],[119.3151,23.4009],[119.3143,23.402],[119.3146,23.4028],[119.3154,23.4031],[119.3157,23.4038],[119.3158,23.4042],[119.3169,23.4042],[119.3172,23.4054],[119.3185,23.407],[119.3185,23.4081],[119.3186,23.4101],[119.319,23.4111],[119.3197,23.4117]]]],[[[[119.4403,23.2214],[119.4465,23.2206],[119.447,23.2202],[119.4453,23.216],[119.4436,23.2119],[119.4431,23.2086],[119.4422,23.2069],[119.4422,23.2057],[119.4432,23.2043],[119.443,23.2021],[119.4417,23.2009],[119.4398,23.2011],[119.4383,23.2011],[119.4373,23.2013],[119.4355,23.2013],[119.4339,23.1995],[119.4325,23.1989],[119.4309,23.1971],[119.43,23.1938],[119.431,23.1922],[119.4315,23.1896],[119.431,23.188],[119.4298,23.1867],[119.4248,23.191],[119.4221,23.1909],[119.421,23.1934],[119.4163,23.1939],[119.4206,23.2004],[119.4198,23.2041],[119.4164,23.2061],[119.4158,23.2081],[119.4128,23.2104],[119.41,23.2136],[119.4103,23.2168],[119.4142,23.2154],[119.4168,23.2174],[119.4213,23.2182],[119.4248,23.2191],[119.4329,23.2205],[119.4388,23.2211],[119.4403,23.2214]]]]]}}]}
